decision_date,feature_end,date,label_start,n_names,n_sleeves,include_thin,n_thin,strategy_id,gross_return,turnover,cost_return,return,configuration_id
2021-03-31,2021-03-31,2021-04-30,2021-04-01,101,101,False,0,spectral_risk_parity__0,0.009863026328286024,0.5,0.00025,0.009613026328286024,0
2021-03-31,2021-03-31,2021-04-30,2021-04-01,101,101,False,0,erc__0,0.02438130658385832,0.5,0.00025,0.02413130658385832,0
2021-03-31,2021-03-31,2021-04-30,2021-04-01,101,101,False,0,minvar_lw__0,0.011769161162261801,0.5000000000000001,0.00025000000000000006,0.011519161162261801,0
2021-03-31,2021-03-31,2021-04-30,2021-04-01,101,101,False,0,equal_weight__0,0.03294154586050926,0.49999999999999994,0.00024999999999999995,0.03269154586050926,0
2021-04-30,2021-04-30,2021-05-28,2021-05-01,101,101,False,0,spectral_risk_parity__0,0.006134029375116423,0.010119141790055597,5.0595708950277986e-06,0.006128969804221396,0
2021-04-30,2021-04-30,2021-05-28,2021-05-01,101,101,False,0,erc__0,0.006323399529140585,0.012510215230840144,6.255107615420072e-06,0.006317144421525165,0
2021-04-30,2021-04-30,2021-05-28,2021-05-01,101,101,False,0,minvar_lw__0,0.0027449979045803736,0.01720293565040344,8.60146782520172e-06,0.002736396436755172,0
2021-04-30,2021-04-30,2021-05-28,2021-05-01,101,101,False,0,equal_weight__0,0.010869043915771058,0.0,0.0,0.010869043915771058,0
2021-05-28,2021-05-28,2021-06-30,2021-05-29,101,101,False,0,spectral_risk_parity__0,0.0019583239531680992,0.021772165232013328,1.0886082616006666e-05,0.0019474378705520926,0
2021-05-28,2021-05-28,2021-06-30,2021-05-29,101,101,False,0,erc__0,0.0050748364222555535,0.0017705684689682756,8.852842344841378e-07,0.0050739511380210696,0
2021-05-28,2021-05-28,2021-06-30,2021-05-29,101,101,False,0,minvar_lw__0,0.003928558014526393,0.001388790241235025,6.943951206175125e-07,0.003927863619405775,0
2021-05-28,2021-05-28,2021-06-30,2021-05-29,101,101,False,0,equal_weight__0,0.004580228580136863,0.0,0.0,0.004580228580136863,0
2021-06-30,2021-06-30,2021-07-30,2021-07-01,101,101,False,0,spectral_risk_parity__0,0.007405530352873667,0.04111428720961634,2.055714360480817e-05,0.00738497320926886,0
2021-06-30,2021-06-30,2021-07-30,2021-07-01,101,101,False,0,erc__0,0.007217634784284475,0.005619616793091838,2.809808396545919e-06,0.0072148249758879285,0
2021-06-30,2021-06-30,2021-07-30,2021-07-01,101,101,False,0,minvar_lw__0,0.0050005905876612,0.010275229386577224,5.137614693288612e-06,0.004995452972967911,0
2021-06-30,2021-06-30,2021-07-30,2021-07-01,101,101,False,0,equal_weight__0,0.0056671237883334615,0.0,0.0,0.0056671237883334615,0
2021-07-30,2021-07-30,2021-08-31,2021-07-31,101,101,False,0,spectral_risk_parity__0,0.0016815035434122158,0.02215146951924899,1.1075734759624495e-05,0.0016704278086525912,0
2021-07-30,2021-07-30,2021-08-31,2021-07-31,101,101,False,0,erc__0,0.0050833700682668,0.0016950642865616102,8.47532143280805e-07,0.005082522536123519,0
2021-07-30,2021-07-30,2021-08-31,2021-07-31,101,101,False,0,minvar_lw__0,-9.748804598117594e-05,0.004179232106851665,2.0896160534258327e-06,-9.957766203460177e-05,0
2021-07-30,2021-07-30,2021-08-31,2021-07-31,101,101,False,0,equal_weight__0,0.013553530698424476,0.0,0.0,0.013553530698424476,0
2021-08-31,2021-08-31,2021-09-30,2021-09-01,102,102,False,0,spectral_risk_parity__0,-0.009830752156769748,0.01587431248345179,7.937156241725895e-06,-0.009838689313011474,0
2021-08-31,2021-08-31,2021-09-30,2021-09-01,102,102,False,0,erc__0,-0.014348844675251523,0.007238925339944739,3.6194626699723695e-06,-0.014352464137921494,0
2021-08-31,2021-08-31,2021-09-30,2021-09-01,102,102,False,0,minvar_lw__0,-0.0026767629388597305,0.005534535603713375,2.767267801856687e-06,-0.002679530206661587,0
2021-08-31,2021-08-31,2021-09-30,2021-09-01,102,102,False,0,equal_weight__0,-0.026411350418736684,0.009803921568627468,4.901960784313734e-06,-0.026416252379521,0
2021-09-30,2021-09-30,2021-10-29,2021-10-01,103,103,False,0,spectral_risk_parity__0,0.0053008717587570055,0.08921226257993446,4.460613128996723e-05,0.005256265627467038,0
2021-09-30,2021-09-30,2021-10-29,2021-10-01,103,103,False,0,erc__0,0.01405008057945298,0.041438967616332756,2.0719483808166377e-05,0.014029361095644814,0
2021-09-30,2021-09-30,2021-10-29,2021-10-01,103,103,False,0,minvar_lw__0,0.0006967414902240246,0.06492851124950681,3.2464255624753406e-05,0.0006642772345992712,0
2021-09-30,2021-09-30,2021-10-29,2021-10-01,103,103,False,0,equal_weight__0,0.036744113919395166,0.009708737864077705,4.8543689320388526e-06,0.03673925955046313,0
2021-10-29,2021-10-29,2021-11-30,2021-10-30,103,103,False,0,spectral_risk_parity__0,-0.002834166874190941,0.027924778961297483,1.3962389480648741e-05,-0.00284812926367159,0
2021-10-29,2021-10-29,2021-11-30,2021-10-30,103,103,False,0,erc__0,-0.007262802989375423,0.0066980281276580456,3.349014063829023e-06,-0.007266152003439252,0
2021-10-29,2021-10-29,2021-11-30,2021-10-30,103,103,False,0,minvar_lw__0,-0.000904005008646933,0.002986575806601803,1.4932879033009015e-06,-0.0009054982965502339,0
2021-10-29,2021-10-29,2021-11-30,2021-10-30,103,103,False,0,equal_weight__0,-0.024755332642482072,0.0,0.0,-0.024755332642482072,0
2021-11-30,2021-11-30,2021-12-31,2021-12-01,104,104,False,0,spectral_risk_parity__0,0.004818524205676616,0.07678236780927156,3.839118390463578e-05,0.00478013302177198,0
2021-11-30,2021-11-30,2021-12-31,2021-12-01,104,104,False,0,erc__0,0.010904099004566058,0.018995221342539663,9.497610671269832e-06,0.010894601393894789,0
2021-11-30,2021-11-30,2021-12-31,2021-12-01,104,104,False,0,minvar_lw__0,0.0031740538933679573,0.03099580121553696,1.549790060776848e-05,0.0031585559927601887,0
2021-11-30,2021-11-30,2021-12-31,2021-12-01,104,104,False,0,equal_weight__0,0.029580384911082135,0.009615384615384545,4.807692307692272e-06,0.02957557721877444,0
2021-12-31,2021-12-31,2022-01-31,2022-01-01,104,104,False,0,spectral_risk_parity__0,-0.016293342930169923,0.004948533075193539,2.4742665375967693e-06,-0.01629581719670752,0
2021-12-31,2021-12-31,2022-01-31,2022-01-01,104,104,False,0,erc__0,-0.019146404701174544,0.0022071093072478423,1.1035546536239211e-06,-0.019147508255828168,0
2021-12-31,2021-12-31,2022-01-31,2022-01-01,104,104,False,0,minvar_lw__0,-0.009676342888829258,0.0010419615597939951,5.209807798969975e-07,-0.009676863869609155,0
2021-12-31,2021-12-31,2022-01-31,2022-01-01,104,104,False,0,equal_weight__0,-0.03440374695632689,0.0,0.0,-0.03440374695632689,0
2022-01-31,2022-01-31,2022-02-28,2022-02-01,104,104,False,0,spectral_risk_parity__0,-0.003966440072679652,0.0833889728041671,4.169448640208355e-05,-0.004008134559081736,0
2022-01-31,2022-01-31,2022-02-28,2022-02-01,104,104,False,0,erc__0,0.0016513608761363333,0.014571757538513495,7.285878769256749e-06,0.0016440749973670767,0
2022-01-31,2022-01-31,2022-02-28,2022-02-01,104,104,False,0,minvar_lw__0,0.0034752709995354747,0.024317180957547563,1.2158590478773781e-05,0.003463112409056701,0
2022-01-31,2022-01-31,2022-02-28,2022-02-01,104,104,False,0,equal_weight__0,-0.003879627429130703,0.0,0.0,-0.003879627429130703,0
2022-02-28,2022-02-28,2022-03-31,2022-03-01,104,104,False,0,spectral_risk_parity__0,-0.010448062254250559,0.02850471907995132,1.4252359539975663e-05,-0.010462314613790534,0
2022-02-28,2022-02-28,2022-03-31,2022-03-01,104,104,False,0,erc__0,-0.003994684643435473,0.001999307886379157,9.996539431895783e-07,-0.003995684297378663,0
2022-02-28,2022-02-28,2022-03-31,2022-03-01,104,104,False,0,minvar_lw__0,-0.010246986547148278,0.002675595036975358,1.337797518487679e-06,-0.010248324344666765,0
2022-02-28,2022-02-28,2022-03-31,2022-03-01,104,104,False,0,equal_weight__0,0.011290739238563403,0.0,0.0,0.011290739238563403,0
2022-03-31,2022-03-31,2022-04-29,2022-04-01,104,104,False,0,spectral_risk_parity__0,-0.020182425709582244,0.03136535490118447,1.5682677450592236e-05,-0.020198108387032836,0
2022-03-31,2022-03-31,2022-04-29,2022-04-01,104,104,False,0,erc__0,-0.027708208123282035,0.007563788351526381,3.7818941757631906e-06,-0.027711990017457798,0
2022-03-31,2022-03-31,2022-04-29,2022-04-01,104,104,False,0,minvar_lw__0,-0.009022197903991523,0.028012505150631806,1.4006252575315903e-05,-0.009036204156566838,0
2022-03-31,2022-03-31,2022-04-29,2022-04-01,104,104,False,0,equal_weight__0,-0.05257540876451487,0.0,0.0,-0.05257540876451487,0
2022-04-29,2022-04-29,2022-05-31,2022-04-30,104,104,False,0,spectral_risk_parity__0,0.0029481172938100714,0.06437518900376657,3.2187594501883284e-05,0.002915929699308188,0
2022-04-29,2022-04-29,2022-05-31,2022-04-30,104,104,False,0,erc__0,0.0035412700285279326,0.02362739846304759,1.1813699231523795e-05,0.003529456329296409,0
2022-04-29,2022-04-29,2022-05-31,2022-04-30,104,104,False,0,minvar_lw__0,0.002180439859376229,0.023897341113374014,1.1948670556687008e-05,0.0021684911888195423,0
2022-04-29,2022-04-29,2022-05-31,2022-04-30,104,104,False,0,equal_weight__0,0.004804757562490051,0.0,0.0,0.004804757562490051,0
2022-05-31,2022-05-31,2022-06-30,2022-06-01,104,104,False,0,spectral_risk_parity__0,-0.015495684545009544,0.006610465057779845,3.3052325288899224e-06,-0.015498989777538434,0
2022-05-31,2022-05-31,2022-06-30,2022-06-01,104,104,False,0,erc__0,-0.03107095027237216,0.08317599312165619,4.1587996560828095e-05,-0.03111253826893299,0
2022-05-31,2022-05-31,2022-06-30,2022-06-01,104,104,False,0,minvar_lw__0,-0.012671768750434853,0.12260523010572405,6.130261505286202e-05,-0.012733071365487715,0
2022-05-31,2022-05-31,2022-06-30,2022-06-01,104,104,False,0,equal_weight__0,-0.06923244678382348,0.0,0.0,-0.06923244678382348,0
2022-06-30,2022-06-30,2022-07-29,2022-07-01,105,105,False,0,spectral_risk_parity__0,0.015883490416298305,0.03375764212702416,1.6878821063512078e-05,0.01586661159523479,0
2022-06-30,2022-06-30,2022-07-29,2022-07-01,105,105,False,0,erc__0,0.021245724497586674,0.028269445484526153,1.4134722742263075e-05,0.02123158977484441,0
2022-06-30,2022-06-30,2022-07-29,2022-07-01,105,105,False,0,minvar_lw__0,0.009779306090926263,0.04332981119172633,2.1664905595863165e-05,0.0097576411853304,0
2022-06-30,2022-06-30,2022-07-29,2022-07-01,105,105,False,0,equal_weight__0,0.052456145100445294,0.009523809523809507,4.761904761904753e-06,0.05245138319568339,0
2022-07-29,2022-07-29,2022-08-31,2022-07-30,106,106,False,0,spectral_risk_parity__0,-0.013253931555925951,0.014042631656582998,7.0213158282915e-06,-0.013260952871754243,0
2022-07-29,2022-07-29,2022-08-31,2022-07-30,106,106,False,0,erc__0,-0.017985951125851607,0.016637251030530327,8.318625515265163e-06,-0.01799426975136687,0
2022-07-29,2022-07-29,2022-08-31,2022-07-30,106,106,False,0,minvar_lw__0,-0.0073008389835830054,0.026895967604475924,1.3447983802237961e-05,-0.007314286967385244,0
2022-07-29,2022-07-29,2022-08-31,2022-07-30,106,106,False,0,equal_weight__0,-0.03385015593321506,0.009433962264151007,4.716981132075504e-06,-0.033854872914347134,0
2022-08-31,2022-08-31,2022-09-30,2022-09-01,106,106,False,0,spectral_risk_parity__0,-0.022619307360530288,0.024581406052262594,1.2290703026131297e-05,-0.02263159806355642,0
2022-08-31,2022-08-31,2022-09-30,2022-09-01,106,106,False,0,erc__0,-0.031084659126824857,0.030695362891984265,1.534768144599213e-05,-0.03110000680827085,0
2022-08-31,2022-08-31,2022-09-30,2022-09-01,106,106,False,0,minvar_lw__0,-0.011576836663855807,0.05567611561597657,2.7838057807988282e-05,-0.011604674721663795,0
2022-08-31,2022-08-31,2022-09-30,2022-09-01,106,106,False,0,equal_weight__0,-0.06886845616298565,0.0,0.0,-0.06886845616298565,0
2022-09-30,2022-09-30,2022-10-31,2022-10-01,108,108,False,0,spectral_risk_parity__0,0.003609445161186081,0.04661660628590723,2.330830314295362e-05,0.0035861368580431276,0
2022-09-30,2022-09-30,2022-10-31,2022-10-01,108,108,False,0,erc__0,0.012865690689268202,0.040944149487482935,2.0472074743741466e-05,0.012845218614524461,0
2022-09-30,2022-09-30,2022-10-31,2022-10-01,108,108,False,0,minvar_lw__0,0.0014871281537530432,0.054985039916941175,2.7492519958470584e-05,0.0014596356337945725,0
2022-09-30,2022-09-30,2022-10-31,2022-10-01,108,108,False,0,equal_weight__0,0.05228883111946269,0.018518518518518524,9.25925925925926e-06,0.05227957186020343,0
2022-10-31,2022-10-31,2022-11-30,2022-11-01,108,108,False,0,spectral_risk_parity__0,0.020699153853566597,0.014384041122664167,7.192020561332084e-06,0.020691961833005264,0
2022-10-31,2022-10-31,2022-11-30,2022-11-01,108,108,False,0,erc__0,0.026673088331921765,0.004648745350854441,2.3243726754272208e-06,0.02667076395924634,0
2022-10-31,2022-10-31,2022-11-30,2022-11-01,108,108,False,0,minvar_lw__0,0.00835966666595337,0.0035735285294447926,1.7867642647223962e-06,0.008357879901688648,0
2022-10-31,2022-10-31,2022-11-30,2022-11-01,108,108,False,0,equal_weight__0,0.05678759196647365,0.0,0.0,0.05678759196647365,0
2022-11-30,2022-11-30,2022-12-30,2022-12-01,108,108,False,0,spectral_risk_parity__0,-0.002294072061551587,0.06563309945470422,3.2816549727352105e-05,-0.002326888611278939,0
2022-11-30,2022-11-30,2022-12-30,2022-12-01,108,108,False,0,erc__0,-0.007401052793239467,0.016711922897006896,8.355961448503448e-06,-0.00740940875468797,0
2022-11-30,2022-11-30,2022-12-30,2022-12-01,108,108,False,0,minvar_lw__0,0.0009004955617934723,0.02433982818199659,1.2169914090998295e-05,0.0008883256477024739,0
2022-11-30,2022-11-30,2022-12-30,2022-12-01,108,108,False,0,equal_weight__0,-0.027866516538761647,0.0,0.0,-0.027866516538761647,0
2022-12-30,2022-12-30,2023-01-31,2022-12-31,108,108,False,0,spectral_risk_parity__0,0.017382612358072636,0.036224133762516104,1.811206688125805e-05,0.017364500291191378,0
2022-12-30,2022-12-30,2023-01-31,2022-12-31,108,108,False,0,erc__0,0.025100092675343508,0.006832459377200171,3.4162296886000857e-06,0.025096676445654907,0
2022-12-30,2022-12-30,2023-01-31,2022-12-31,108,108,False,0,minvar_lw__0,0.008390094735008246,0.004275503036015228,2.137751518007614e-06,0.008387956983490239,0
2022-12-30,2022-12-30,2023-01-31,2022-12-31,108,108,False,0,equal_weight__0,0.06174659828707392,0.0,0.0,0.06174659828707392,0
2023-01-31,2023-01-31,2023-02-28,2023-02-01,108,108,False,0,spectral_risk_parity__0,-0.008404791706354473,0.05179796068942627,2.5898980344713135e-05,-0.008430690686699186,0
2023-01-31,2023-01-31,2023-02-28,2023-02-01,108,108,False,0,erc__0,-0.015958448287385914,0.012892770940986125,6.446385470493063e-06,-0.015964894672856406,0
2023-01-31,2023-01-31,2023-02-28,2023-02-01,108,108,False,0,minvar_lw__0,-0.0048180489682369265,0.018901307422638822,9.450653711319411e-06,-0.004827499621948246,0
2023-01-31,2023-01-31,2023-02-28,2023-02-01,108,108,False,0,equal_weight__0,-0.026213408366495574,0.0,0.0,-0.026213408366495574,0
2023-02-28,2023-02-28,2023-03-31,2023-03-01,108,108,False,0,spectral_risk_parity__0,0.016125898723216132,0.05104028841467535,2.5520144207337674e-05,0.016100378579008794,0
2023-02-28,2023-02-28,2023-03-31,2023-03-01,108,108,False,0,erc__0,0.015677567649678575,0.014733384095385512,7.366692047692757e-06,0.015670200957630883,0
2023-02-28,2023-02-28,2023-03-31,2023-03-01,108,108,False,0,minvar_lw__0,0.010610300298359833,0.013333099074960879,6.66654953748044e-06,0.010603633748822353,0
2023-02-28,2023-02-28,2023-03-31,2023-03-01,108,108,False,0,equal_weight__0,0.01899625723225629,0.0,0.0,0.01899625723225629,0
2023-03-31,2023-03-31,2023-04-28,2023-04-01,108,108,False,0,spectral_risk_parity__0,0.00444432473037841,0.04173610646782015,2.086805323391008e-05,0.0044234566771445,0
2023-03-31,2023-03-31,2023-04-28,2023-04-01,108,108,False,0,erc__0,0.0023364006435382134,0.00838569419006082,4.19284709503041e-06,0.002332207796443183,0
2023-03-31,2023-03-31,2023-04-28,2023-04-01,108,108,False,0,minvar_lw__0,0.0013776343132369153,0.022615360096446258,1.130768004822313e-05,0.0013663266331886922,0
2023-03-31,2023-03-31,2023-04-28,2023-04-01,108,108,False,0,equal_weight__0,0.007672312449592821,0.0,0.0,0.007672312449592821,0
2023-04-28,2023-04-28,2023-05-31,2023-04-29,108,108,False,0,spectral_risk_parity__0,-0.0035027907209788287,0.006626656678891511,3.313328339445755e-06,-0.0035061040493182746,0
2023-04-28,2023-04-28,2023-05-31,2023-04-29,108,108,False,0,erc__0,-0.009392528025784993,0.0006719831371384401,3.3599156856922e-07,-0.009392864017353562,0
2023-04-28,2023-04-28,2023-05-31,2023-04-29,108,108,False,0,minvar_lw__0,-0.0009789975901217378,0.0009579591656348721,4.789795828174361e-07,-0.0009794765697045552,0
2023-04-28,2023-04-28,2023-05-31,2023-04-29,108,108,False,0,equal_weight__0,-0.020237515412551373,0.0,0.0,-0.020237515412551373,0
2023-05-31,2023-05-31,2023-06-30,2023-06-01,108,108,False,0,spectral_risk_parity__0,0.004194102930377425,0.023619964815914052,1.1809982407957025e-05,0.004182292947969468,0
2023-05-31,2023-05-31,2023-06-30,2023-06-01,108,108,False,0,erc__0,0.014384604060025535,0.0069943496709333145,3.497174835466657e-06,0.014381106885190068,0
2023-05-31,2023-05-31,2023-06-30,2023-06-01,108,108,False,0,minvar_lw__0,0.0024217638876897823,0.006142079064663836,3.0710395323319176e-06,0.0024186928481574506,0
2023-05-31,2023-05-31,2023-06-30,2023-06-01,108,108,False,0,equal_weight__0,0.04512857464248686,0.0,0.0,0.04512857464248686,0
2023-06-30,2023-06-30,2023-07-31,2023-07-01,109,109,False,0,spectral_risk_parity__0,0.005108186849424872,0.04969402217513485,2.4847011087567426e-05,0.005083339838337305,0
2023-06-30,2023-06-30,2023-07-31,2023-07-01,109,109,False,0,erc__0,0.012318156316902282,0.0097630589315934,4.8815294657967e-06,0.012313274787436487,0
2023-06-30,2023-06-30,2023-07-31,2023-07-01,109,109,False,0,minvar_lw__0,0.005045106225513232,0.005827410596754981,2.9137052983774905e-06,0.005042192520214855,0
2023-06-30,2023-06-30,2023-07-31,2023-07-01,109,109,False,0,equal_weight__0,0.02982480522755191,0.00917431192660545,4.587155963302725e-06,0.02982021807158861,0
2023-07-31,2023-07-31,2023-08-31,2023-08-01,109,109,False,0,spectral_risk_parity__0,-0.001962269987823949,0.01648907611314029,8.244538056570145e-06,-0.0019705145258805193,0
2023-07-31,2023-07-31,2023-08-31,2023-08-01,109,109,False,0,erc__0,-0.007846161786593826,0.0029013104990209112,1.4506552495104556e-06,-0.007847612441843337,0
2023-07-31,2023-07-31,2023-08-31,2023-08-01,109,109,False,0,minvar_lw__0,0.0023624184081220494,0.0023914246936502202,1.1957123468251102e-06,0.0023612226957752244,0
2023-07-31,2023-07-31,2023-08-31,2023-08-01,109,109,False,0,equal_weight__0,-0.021292312064086487,0.0,0.0,-0.021292312064086487,0
2023-08-31,2023-08-31,2023-09-29,2023-09-01,110,110,False,0,spectral_risk_parity__0,-0.011203138032892152,0.03264889440798691,1.6324447203993456e-05,-0.011219462480096146,0
2023-08-31,2023-08-31,2023-09-29,2023-09-01,110,110,False,0,erc__0,-0.015469412510764086,0.01318140065712164,6.5907003285608194e-06,-0.015476003211092647,0
2023-08-31,2023-08-31,2023-09-29,2023-09-01,110,110,False,0,minvar_lw__0,-0.000737720104951352,0.0026502977918475114,1.3251488959237555e-06,-0.0007390452538472757,0
2023-08-31,2023-08-31,2023-09-29,2023-09-01,110,110,False,0,equal_weight__0,-0.03392897733492781,0.009090909090909143,4.545454545454571e-06,-0.03393352278947326,0
2023-09-29,2023-09-29,2023-10-31,2023-09-30,110,110,False,0,spectral_risk_parity__0,-0.002799760629491329,0.03334910560642716,1.667455280321358e-05,-0.0028164351822945427,0
2023-09-29,2023-09-29,2023-10-31,2023-09-30,110,110,False,0,erc__0,-0.004261560006884067,0.01045594261963261,5.227971309816305e-06,-0.004266787978193884,0
2023-09-29,2023-09-29,2023-10-31,2023-09-30,110,110,False,0,minvar_lw__0,0.003094274633946647,0.005881552494865227,2.9407762474326134e-06,0.0030913338576992145,0
2023-09-29,2023-09-29,2023-10-31,2023-09-30,110,110,False,0,equal_weight__0,-0.018586632846635677,0.0,0.0,-0.018586632846635677,0
2023-10-31,2023-10-31,2023-11-30,2023-11-01,111,111,False,0,spectral_risk_parity__0,0.02794054016973469,0.031947733142281796,1.59738665711409e-05,0.02792456630316355,0
2023-10-31,2023-10-31,2023-11-30,2023-11-01,111,111,False,0,erc__0,0.029984873495211173,0.01346607210978925,6.7330360548946255e-06,0.02997814045915628,0
2023-10-31,2023-10-31,2023-11-30,2023-11-01,111,111,False,0,minvar_lw__0,0.009859389451343651,0.008149028986887408,4.0745144934437035e-06,0.009855314936850207,0
2023-10-31,2023-10-31,2023-11-30,2023-11-01,111,111,False,0,equal_weight__0,0.06521001692371903,0.009009009009008983,4.504504504504492e-06,0.06520551241921452,0
2023-11-30,2023-11-30,2023-12-29,2023-12-01,111,111,False,0,spectral_risk_parity__0,0.018569225621167987,0.06203299926225205,3.1016499631126025e-05,0.01853820912153686,0
2023-11-30,2023-11-30,2023-12-29,2023-12-01,111,111,False,0,erc__0,0.020736345704992276,0.012311931685177718,6.155965842588859e-06,0.02073018973914969,0
2023-11-30,2023-11-30,2023-12-29,2023-12-01,111,111,False,0,minvar_lw__0,0.008138207384918456,0.021256007410573468,1.0628003705286734e-05,0.00812757938121317,0
2023-11-30,2023-11-30,2023-12-29,2023-12-01,111,111,False,0,equal_weight__0,0.045978584870755235,0.0,0.0,0.045978584870755235,0
2023-12-29,2023-12-29,2024-01-31,2023-12-30,111,111,False,0,spectral_risk_parity__0,0.0022268236900978063,0.04532803134975822,2.266401567487911e-05,0.002204159674422927,0
2023-12-29,2023-12-29,2024-01-31,2023-12-30,111,111,False,0,erc__0,-0.0001661626758141456,0.013903305196075345,6.951652598037672e-06,-0.00017311432841218328,0
2023-12-29,2023-12-29,2024-01-31,2023-12-30,111,111,False,0,minvar_lw__0,0.003137607641114968,0.010709515771741038,5.354757885870519e-06,0.003132252883229098,0
2023-12-29,2023-12-29,2024-01-31,2023-12-30,111,111,False,0,equal_weight__0,-0.0026900255308977905,0.0,0.0,-0.0026900255308977905,0
2024-01-31,2024-01-31,2024-02-29,2024-02-01,111,111,False,0,spectral_risk_parity__0,0.0002531652366194008,0.010157484447975575,5.0787422239877875e-06,0.000248086494395413,0
2024-01-31,2024-01-31,2024-02-29,2024-02-01,111,111,False,0,erc__0,0.00400663263614391,0.005244036074019185,2.622018037009593e-06,0.0040040106181069,0
2024-01-31,2024-01-31,2024-02-29,2024-02-01,111,111,False,0,minvar_lw__0,-0.0004107771207231363,0.010584219717554012,5.292109858777006e-06,-0.00041606923058191335,0
2024-01-31,2024-01-31,2024-02-29,2024-02-01,111,111,False,0,equal_weight__0,0.0254151013297374,0.0,0.0,0.0254151013297374,0
2024-02-29,2024-02-29,2024-03-28,2024-03-01,111,111,False,0,spectral_risk_parity__0,0.00936671058258938,0.02564851797184755,1.2824258985923776e-05,0.009353886323603455,0
2024-02-29,2024-02-29,2024-03-28,2024-03-01,111,111,False,0,erc__0,0.015701417185758453,0.00033174112182995127,1.6587056091497564e-07,0.015701251315197538,0
2024-02-29,2024-02-29,2024-03-28,2024-03-01,111,111,False,0,minvar_lw__0,0.006595273837629129,0.004535672128262609,2.2678360641313046e-06,0.0065930060015649975,0
2024-02-29,2024-02-29,2024-03-28,2024-03-01,111,111,False,0,equal_weight__0,0.031741719952438865,0.0,0.0,0.031741719952438865,0
2024-03-28,2024-03-28,2024-04-30,2024-03-29,111,111,False,0,spectral_risk_parity__0,-0.009155076688622098,0.03210625544512177,1.6053127722560887e-05,-0.009171129816344659,0
2024-03-28,2024-03-28,2024-04-30,2024-03-29,111,111,False,0,erc__0,-0.011691752571506347,0.004428346374503908,2.2141731872519535e-06,-0.011693966744693599,0
2024-03-28,2024-03-28,2024-04-30,2024-03-29,111,111,False,0,minvar_lw__0,-0.0008478477424696923,0.006713214632807333,3.3566073164036663e-06,-0.000851204349786096,0
2024-03-28,2024-03-28,2024-04-30,2024-03-29,111,111,False,0,equal_weight__0,-0.031249579937594286,0.0,0.0,-0.031249579937594286,0
2024-04-30,2024-04-30,2024-05-31,2024-05-01,112,112,False,0,spectral_risk_parity__0,0.011869086769091828,0.025465603228000643,1.2732801614000321e-05,0.011856353967477827,0
2024-04-30,2024-04-30,2024-05-31,2024-05-01,112,112,False,0,erc__0,0.01705655557941781,0.04113869196658937,2.0569345983294683e-05,0.017035986233434514,0
2024-04-30,2024-04-30,2024-05-31,2024-05-01,112,112,False,0,minvar_lw__0,0.007459950817286174,0.1029761816706595,5.148809083532975e-05,0.007408462726450845,0
2024-04-30,2024-04-30,2024-05-31,2024-05-01,112,112,False,0,equal_weight__0,0.034215816000567056,0.008928571428571452,4.4642857142857265e-06,0.03421135171485277,0
2024-05-31,2024-05-31,2024-06-28,2024-06-01,112,112,False,0,spectral_risk_parity__0,0.005792459753362253,0.022776833616752843,1.1388416808376422e-05,0.005781071336553876,0
2024-05-31,2024-05-31,2024-06-28,2024-06-01,112,112,False,0,erc__0,-0.0007003694663800799,0.007529191365850952,3.7645956829254764e-06,-0.0007041340620630054,0
2024-05-31,2024-05-31,2024-06-28,2024-06-01,112,112,False,0,minvar_lw__0,0.0017118073238817342,0.01063830374509904,5.31915187254952e-06,0.0017064881720091848,0
2024-05-31,2024-05-31,2024-06-28,2024-06-01,112,112,False,0,equal_weight__0,-0.0026278555110677356,0.0,0.0,-0.0026278555110677356,0
2024-06-28,2024-06-28,2024-07-31,2024-06-29,113,113,False,0,spectral_risk_parity__0,0.013838304676392762,0.008061434279334534,4.030717139667267e-06,0.013834273959253095,0
2024-06-28,2024-06-28,2024-07-31,2024-06-29,113,113,False,0,erc__0,0.013815996747616095,0.0376477356620828,1.88238678310414e-05,0.013797172879785054,0
2024-06-28,2024-06-28,2024-07-31,2024-06-29,113,113,False,0,minvar_lw__0,0.006503216939691418,0.0546854501302774,2.7342725065138697e-05,0.006475874214626279,0
2024-06-28,2024-06-28,2024-07-31,2024-06-29,113,113,False,0,equal_weight__0,0.028615880191093818,0.008849557522123873,4.424778761061937e-06,0.028611455412332756,0
2024-07-31,2024-07-31,2024-08-30,2024-08-01,113,113,False,0,spectral_risk_parity__0,0.009666624379575744,0.018068653559969453,9.034326779984727e-06,0.00965759005279576,0
2024-07-31,2024-07-31,2024-08-30,2024-08-01,113,113,False,0,erc__0,0.009160083913705562,0.0043884622780537876,2.194231139026894e-06,0.009157889682566535,0
2024-07-31,2024-07-31,2024-08-30,2024-08-01,113,113,False,0,minvar_lw__0,0.00641465617497692,0.007480420570333462,3.7402102851667305e-06,0.006410915964691753,0
2024-07-31,2024-07-31,2024-08-30,2024-08-01,113,113,False,0,equal_weight__0,0.010492541018687598,0.0,0.0,0.010492541018687598,0
2024-08-30,2024-08-30,2024-09-30,2024-08-31,113,113,False,0,spectral_risk_parity__0,0.009681887101202763,0.02414355580445514,1.207177790222757e-05,0.009669815323300536,0
2024-08-30,2024-08-30,2024-09-30,2024-08-31,113,113,False,0,erc__0,0.01382818323459727,0.0032083604116778736,1.6041802058389367e-06,0.013826579054391431,0
2024-08-30,2024-08-30,2024-09-30,2024-08-31,113,113,False,0,minvar_lw__0,0.007758446210218539,0.003689653766341609,1.8448268831708043e-06,0.007756601383335369,0
2024-08-30,2024-08-30,2024-09-30,2024-08-31,113,113,False,0,equal_weight__0,0.01818665975698453,0.0,0.0,0.01818665975698453,0
2024-09-30,2024-09-30,2024-10-31,2024-10-01,113,113,False,0,spectral_risk_parity__0,-0.007849143222585814,0.006131741001907269,3.0658705009536345e-06,-0.007852209093086768,0
2024-09-30,2024-09-30,2024-10-31,2024-10-01,113,113,False,0,erc__0,-0.00906528095428886,0.0026607090443150207,1.3303545221575104e-06,-0.009066611308811017,0
2024-09-30,2024-09-30,2024-10-31,2024-10-01,113,113,False,0,minvar_lw__0,-0.0023303837571520833,0.0063379973782568015,3.1689986891284007e-06,-0.0023335527558412117,0
2024-09-30,2024-09-30,2024-10-31,2024-10-01,113,113,False,0,equal_weight__0,-0.01629770530748702,0.0,0.0,-0.01629770530748702,0
2024-10-31,2024-10-31,2024-11-29,2024-11-01,113,113,False,0,spectral_risk_parity__0,0.0067595109477610466,0.014001843415719249,7.000921707859624e-06,0.006752510026053187,0
2024-10-31,2024-10-31,2024-11-29,2024-11-01,113,113,False,0,erc__0,0.011752262120173312,0.005530968331051446,2.765484165525723e-06,0.011749496636007786,0
2024-10-31,2024-10-31,2024-11-29,2024-11-01,113,113,False,0,minvar_lw__0,0.0036749957848595197,0.006307322650902186,3.153661325451093e-06,0.0036718421235340686,0
2024-10-31,2024-10-31,2024-11-29,2024-11-01,113,113,False,0,equal_weight__0,0.03775719869415278,0.0,0.0,0.03775719869415278,0
2024-11-29,2024-11-29,2024-12-31,2024-11-30,113,113,False,0,spectral_risk_parity__0,-0.004497244170433526,0.003430151917301601,1.7150759586508007e-06,-0.004498959246392177,0
2024-11-29,2024-11-29,2024-12-31,2024-11-30,113,113,False,0,erc__0,-0.010033710092935452,0.0028861698816969577,1.4430849408484788e-06,-0.0100351531778763,0
2024-11-29,2024-11-29,2024-12-31,2024-11-30,113,113,False,0,minvar_lw__0,0.0042509069574918745,0.004455967854849158,2.227983927424579e-06,0.00424867897356445,0
2024-11-29,2024-11-29,2024-12-31,2024-11-30,113,113,False,0,equal_weight__0,-0.032480084016907364,0.0,0.0,-0.032480084016907364,0
2024-12-31,2024-12-31,2025-01-31,2025-01-01,113,113,False,0,spectral_risk_parity__0,0.007275874886566117,0.004828812953085326,2.414406476542663e-06,0.007273460480089575,0
2024-12-31,2024-12-31,2025-01-31,2025-01-01,113,113,False,0,erc__0,0.014587155883837565,0.007040540727563869,3.520270363781935e-06,0.014583635613473783,0
2024-12-31,2024-12-31,2025-01-31,2025-01-01,113,113,False,0,minvar_lw__0,0.005286886382515556,0.005264982009385463,2.6324910046927317e-06,0.0052842538915108634,0
2024-12-31,2024-12-31,2025-01-31,2025-01-01,113,113,False,0,equal_weight__0,0.028832975360623757,0.0,0.0,0.028832975360623757,0
2025-01-31,2025-01-31,2025-02-28,2025-02-01,113,113,False,0,spectral_risk_parity__0,0.009954448653474127,0.016356489245712553,8.178244622856277e-06,0.00994627040885127,0
2025-01-31,2025-01-31,2025-02-28,2025-02-01,113,113,False,0,erc__0,0.0035271407558422362,0.002258535044628859,1.1292675223144295e-06,0.0035260114883199217,0
2025-01-31,2025-01-31,2025-02-28,2025-02-01,113,113,False,0,minvar_lw__0,0.0044319083307987565,0.003975465963783242,1.987732981891621e-06,0.004429920597816865,0
2025-01-31,2025-01-31,2025-02-28,2025-02-01,113,113,False,0,equal_weight__0,-0.006076759337427006,0.0,0.0,-0.006076759337427006,0
2025-02-28,2025-02-28,2025-03-31,2025-03-01,113,113,False,0,spectral_risk_parity__0,0.0030942848503862667,0.0319283465571932,1.59641732785966e-05,0.00307832067710767,0
2025-02-28,2025-02-28,2025-03-31,2025-03-01,113,113,False,0,erc__0,-0.0025182249080973407,0.019725968500526665,9.862984250263331e-06,-0.002528087892347604,0
2025-02-28,2025-02-28,2025-03-31,2025-03-01,113,113,False,0,minvar_lw__0,0.002961348882658067,0.02751331943309924,1.3756659716549618e-05,0.002947592222941517,0
2025-02-28,2025-02-28,2025-03-31,2025-03-01,113,113,False,0,equal_weight__0,-0.017966963156187777,0.0,0.0,-0.017966963156187777,0
2025-03-31,2025-03-31,2025-04-30,2025-04-01,113,113,False,0,spectral_risk_parity__0,0.006824396437814302,0.0985250036875516,4.9262501843775795e-05,0.006775133935970526,0
2025-03-31,2025-03-31,2025-04-30,2025-04-01,113,113,False,0,erc__0,0.0009654997805375613,0.06062432151304893,3.0312160756524463e-05,0.0009351876197810369,0
2025-03-31,2025-03-31,2025-04-30,2025-04-01,113,113,False,0,minvar_lw__0,0.0038451287090423576,0.06776821641531548,3.388410820765774e-05,0.0038112446008347,0
2025-03-31,2025-03-31,2025-04-30,2025-04-01,113,113,False,0,equal_weight__0,-0.0013921814835191606,0.0,0.0,-0.0013921814835191606,0
2025-04-30,2025-04-30,2025-05-30,2025-05-01,113,113,False,0,spectral_risk_parity__0,0.0032617560203292146,0.022733739704048295,1.1366869852024148e-05,0.0032503891504771904,0
2025-04-30,2025-04-30,2025-05-30,2025-05-01,113,113,False,0,erc__0,0.011696482189324757,0.015592770287896162,7.796385143948082e-06,0.011688685804180808,0
2025-04-30,2025-04-30,2025-05-30,2025-05-01,113,113,False,0,minvar_lw__0,0.0020601570079609296,0.008827387497467833,4.413693748733917e-06,0.002055743314212196,0
2025-04-30,2025-04-30,2025-05-30,2025-05-01,113,113,False,0,equal_weight__0,0.03671370321202663,0.0,0.0,0.03671370321202663,0
2025-05-30,2025-05-30,2025-06-30,2025-05-31,114,114,False,0,spectral_risk_parity__0,0.00898796851834507,0.013293916908605798,6.6469584543028985e-06,0.008981321559890768,0
2025-05-30,2025-05-30,2025-06-30,2025-05-31,114,114,False,0,erc__0,0.01378096460867829,0.010418871078083442,5.2094355390417205e-06,0.013775755173139248,0
2025-05-30,2025-05-30,2025-06-30,2025-05-31,114,114,False,0,minvar_lw__0,0.004621995358742645,0.01134139294045036,5.67069647022518e-06,0.00461632466227242,0
2025-05-30,2025-05-30,2025-06-30,2025-05-31,114,114,False,0,equal_weight__0,0.030770039379389928,0.008771929824561424,4.385964912280712e-06,0.030765653414477647,0
2025-06-30,2025-06-30,2025-07-31,2025-07-01,115,115,False,0,spectral_risk_parity__0,-0.00471856368903271,0.46543581631936787,0.00023271790815968392,-0.004951281597192394,0
2025-06-30,2025-06-30,2025-07-31,2025-07-01,115,115,False,0,erc__0,0.002337724922381481,0.08089760258025976,4.044880129012988e-05,0.002297276121091351,0
2025-06-30,2025-06-30,2025-07-31,2025-07-01,115,115,False,0,minvar_lw__0,0.002753545200142865,0.11745214190378912,5.872607095189456e-05,0.0026948191291909706,0
2025-06-30,2025-06-30,2025-07-31,2025-07-01,115,115,False,0,equal_weight__0,0.008171551255634719,0.00869565217391301,4.347826086956505e-06,0.008167203429547763,0
2025-07-31,2025-07-31,2025-08-29,2025-08-01,115,115,False,0,spectral_risk_parity__0,0.021008569376791936,0.031599094206723854,1.5799547103361928e-05,0.020992769829688573,0
2025-07-31,2025-07-31,2025-08-29,2025-08-01,115,115,False,0,erc__0,0.013937336760038912,0.007902763257074867,3.951381628537434e-06,0.013933385378410374,0
2025-07-31,2025-07-31,2025-08-29,2025-08-01,115,115,False,0,minvar_lw__0,0.00581825357013435,0.0036322305028034015,1.816115251401701e-06,0.005816437454882949,0
2025-07-31,2025-07-31,2025-08-29,2025-08-01,115,115,False,0,equal_weight__0,0.029079523223450657,0.0,0.0,0.029079523223450657,0
2025-08-29,2025-08-29,2025-09-30,2025-08-30,115,115,False,0,spectral_risk_parity__0,0.016930510370848476,0.005019879549952539,2.5099397749762694e-06,0.0169280004310735,0
2025-08-29,2025-08-29,2025-09-30,2025-08-30,115,115,False,0,erc__0,0.010702722113710695,0.004080487170600349,2.040243585300174e-06,0.010700681870125395,0
2025-08-29,2025-08-29,2025-09-30,2025-08-30,115,115,False,0,minvar_lw__0,0.0026541734826206736,0.009237986389935627,4.618993194967814e-06,0.002649554489425706,0
2025-08-29,2025-08-29,2025-09-30,2025-08-30,115,115,False,0,equal_weight__0,0.021395019490088332,0.0,0.0,0.021395019490088332,0
2025-09-30,2025-09-30,2025-10-31,2025-10-01,117,117,False,0,spectral_risk_parity__0,0.007515301379075339,0.026449818442763465,1.3224909221381731e-05,0.007502076469853958,0
2025-09-30,2025-09-30,2025-10-31,2025-10-01,117,117,False,0,erc__0,0.005873524600006343,0.011481137809935302,5.740568904967651e-06,0.005867784031101375,0
2025-09-30,2025-09-30,2025-10-31,2025-10-01,117,117,False,0,minvar_lw__0,0.003769878089439769,0.004155309220834279,2.0776546104171395e-06,0.0037678004348293517,0
2025-09-30,2025-09-30,2025-10-31,2025-10-01,117,117,False,0,equal_weight__0,0.007857461140936889,0.017094017094017058,8.547008547008529e-06,0.00784891413238988,0
2025-10-31,2025-10-31,2025-11-28,2025-11-01,118,118,False,0,spectral_risk_parity__0,0.011127790436149955,0.009834879217659546,4.917439608829773e-06,0.011122872996541125,0
2025-10-31,2025-10-31,2025-11-28,2025-11-01,118,118,False,0,erc__0,0.007271303482647194,0.004770057756738539,2.38502887836927e-06,0.007268918453768825,0
2025-10-31,2025-10-31,2025-11-28,2025-11-01,118,118,False,0,minvar_lw__0,0.0036344506588178098,0.007168146655104788,3.5840733275523943e-06,0.0036308665854902574,0
2025-10-31,2025-10-31,2025-11-28,2025-11-01,118,118,False,0,equal_weight__0,0.008366585362145742,0.008474576271186487,4.237288135593244e-06,0.008362348074010149,0
2025-11-28,2025-11-28,2025-12-31,2025-11-29,119,119,False,0,spectral_risk_parity__0,0.00885747789015957,0.04481450750164817,2.2407253750824085e-05,0.008835070636408746,0
2025-11-28,2025-11-28,2025-12-31,2025-11-29,119,119,False,0,erc__0,0.003731960365716559,0.01827136594675318,9.13568297337659e-06,0.0037228246827431823,0
2025-11-28,2025-11-28,2025-12-31,2025-11-29,119,119,False,0,minvar_lw__0,0.0027645383999893116,0.023694542996504142,1.1847271498252071e-05,0.0027526911284910596,0
2025-11-28,2025-11-28,2025-12-31,2025-11-29,119,119,False,0,equal_weight__0,0.007269724438830908,0.008403361344537834,4.201680672268917e-06,0.007265522758158639,0
2025-12-31,2025-12-31,2026-01-30,2026-01-01,119,119,False,0,spectral_risk_parity__0,0.02297066177743195,0.01730536817676952,8.65268408838476e-06,0.022962009093343564,0
2025-12-31,2025-12-31,2026-01-30,2026-01-01,119,119,False,0,erc__0,0.014905485175262566,0.012626526371073553,6.3132631855367774e-06,0.01489917191207703,0
2025-12-31,2025-12-31,2026-01-30,2026-01-01,119,119,False,0,minvar_lw__0,0.003964471592561368,0.007370364943831425,3.685182471915713e-06,0.003960786410089452,0
2025-12-31,2025-12-31,2026-01-30,2026-01-01,119,119,False,0,equal_weight__0,0.0293355526372127,0.0,0.0,0.0293355526372127,0
2026-01-30,2026-01-30,2026-02-27,2026-01-31,119,119,False,0,spectral_risk_parity__0,0.027033850702584412,0.0211600583029164,1.05800291514582e-05,0.027023270673432954,0
2026-01-30,2026-01-30,2026-02-27,2026-01-31,119,119,False,0,erc__0,0.014019624441734288,0.004616534087730819,2.3082670438654097e-06,0.014017316174690422,0
2026-01-30,2026-01-30,2026-02-27,2026-01-31,119,119,False,0,minvar_lw__0,0.003909228784024965,0.0020140606327169897,1.007030316358495e-06,0.003908221753708606,0
2026-01-30,2026-01-30,2026-02-27,2026-01-31,119,119,False,0,equal_weight__0,0.020497621281663242,0.0,0.0,0.020497621281663242,0
2026-02-27,2026-02-27,2026-03-31,2026-02-28,119,119,False,0,spectral_risk_parity__0,-0.0322081373183694,0.027516890247034267,1.3758445123517133e-05,-0.032221895763492915,0
2026-02-27,2026-02-27,2026-03-31,2026-02-28,119,119,False,0,erc__0,-0.007260000335725867,0.004254906140595621,2.1274530702978106e-06,-0.007262127788796165,0
2026-02-27,2026-02-27,2026-03-31,2026-02-28,119,119,False,0,minvar_lw__0,0.006279584959046915,0.003449310498792355,1.7246552493961776e-06,0.006277860303797519,0
2026-02-27,2026-02-27,2026-03-31,2026-02-28,119,119,False,0,equal_weight__0,-0.035389932626931776,0.0,0.0,-0.035389932626931776,0
2026-03-31,2026-03-31,2026-04-30,2026-04-01,119,119,False,0,spectral_risk_parity__0,0.019930962345819814,0.021796759287864658,1.0898379643932329e-05,0.01992006396617588,0
2026-03-31,2026-03-31,2026-04-30,2026-04-01,119,119,False,0,erc__0,0.021386796545557904,0.009388210190355748,4.6941050951778736e-06,0.021382102440462725,0
2026-03-31,2026-03-31,2026-04-30,2026-04-01,119,119,False,0,minvar_lw__0,0.00456242405372711,0.012996981392094972,6.498490696047486e-06,0.0045559255630310625,0
2026-03-31,2026-03-31,2026-04-30,2026-04-01,119,119,False,0,equal_weight__0,0.05506535314375512,0.0,0.0,0.05506535314375512,0
2026-04-30,2026-04-30,2026-05-29,2026-05-01,119,119,False,0,spectral_risk_parity__0,0.007849570654767034,0.03867604677617809,1.9338023388089046e-05,0.007830232631378945,0
2026-04-30,2026-04-30,2026-05-29,2026-05-01,119,119,False,0,erc__0,0.004578691644358076,0.018941354367479738,9.470677183739869e-06,0.004569220967174336,0
2026-04-30,2026-04-30,2026-05-29,2026-05-01,119,119,False,0,minvar_lw__0,0.001043561824050186,0.006499781134039651,3.249890567019826e-06,0.0010403119334831663,0
2026-04-30,2026-04-30,2026-05-29,2026-05-01,119,119,False,0,equal_weight__0,0.019546224867433806,0.0,0.0,0.019546224867433806,0
2026-05-29,2026-05-29,2026-06-30,2026-05-30,119,119,False,0,spectral_risk_parity__0,-0.010315854691089747,0.021172002020427752,1.0586001010213877e-05,-0.010326440692099962,0
2026-05-29,2026-05-29,2026-06-30,2026-05-30,119,119,False,0,erc__0,-0.005026872848705278,0.0005742178573833955,2.8710892869169776e-07,-0.005027159957633969,0
2026-05-29,2026-05-29,2026-06-30,2026-05-30,119,119,False,0,minvar_lw__0,0.00014454296736277078,0.0034999200701464877,1.749960035073244e-06,0.00014279300732769753,0
2026-05-29,2026-05-29,2026-06-30,2026-05-30,119,119,False,0,equal_weight__0,-0.0035396562288384,0.0,0.0,-0.0035396562288384,0
2026-06-30,2026-06-30,2026-07-31,2026-07-01,119,119,False,0,spectral_risk_parity__0,0.005484286685586461,0.03206466436075983,1.6032332180379915e-05,0.005468254353406082,0
2026-06-30,2026-06-30,2026-07-31,2026-07-01,119,119,False,0,erc__0,0.005708097173368513,0.004749363671969128,2.374681835984564e-06,0.005705722491532528,0
2026-06-30,2026-06-30,2026-07-31,2026-07-01,119,119,False,0,minvar_lw__0,0.004741099443990038,0.002990428641587665,1.4952143207938325e-06,0.004739604229669244,0
2026-06-30,2026-06-30,2026-07-31,2026-07-01,119,119,False,0,equal_weight__0,0.0019369750570269557,0.0,0.0,0.0019369750570269557,0
2026-07-31,2026-07-31,2026-08-31,2026-08-01,120,120,False,0,spectral_risk_parity__0,0.026487808787868786,0.06419111438440493,3.209555719220247e-05,0.026455713230676584,0
2026-07-31,2026-07-31,2026-08-31,2026-08-01,120,120,False,0,erc__0,0.021235323174898648,0.005624197137962977,2.812098568981489e-06,0.021232511076329667,0
2026-07-31,2026-07-31,2026-08-31,2026-08-01,120,120,False,0,minvar_lw__0,0.007493304801203948,0.004991108684413998,2.495554342206999e-06,0.007490809246861741,0
2026-07-31,2026-07-31,2026-08-31,2026-08-01,120,120,False,0,equal_weight__0,0.02932826044033538,0.008333333333333318,4.166666666666658e-06,0.029324093773668715,0
