strategy_id,cost_bps,Sharpe_exBIL,CAGR
anchor_ivol,10,0.6070840323990685,0.07704726771022519
anchor_ivol,25,0.6034017552054979,0.07667279349582579
book1_static_option_a,10,0.8863143797034745,0.1727575389773599
book1_static_option_a,25,0.8855129377185306,0.17253608129306186
epo_a_w050,10,0.3172339949760586,0.03564749531312117
epo_a_w050,25,0.2068956282531672,0.030976695323575054
epo_a_w075,10,0.24159616835996287,0.03186825473075228
epo_a_w075,25,0.16114035137580876,0.02869565507272842
epo_a_w090,10,0.18344691988969178,0.030024189327771955
epo_a_w090,25,0.14362308113607752,0.028333961310714306
equal_weight,10,0.632779087775985,0.09822297468958885
equal_weight,25,0.6302242487772445,0.09786585256537994
erc_lw,10,0.5021852431213363,0.05727936539691458
erc_lw,25,0.4959953080918184,0.05681851320867648
lw_minvar_156w,10,0.033757558870531376,0.02371398800179958
lw_minvar_156w,25,0.013462487832807494,0.022995588931159716
trend_ivol,10,0.4137061955207291,0.05984628323523644
trend_ivol,25,0.37578937812590135,0.0560040455098767
