decision_date,date,n_eligible,below_floor,skipped
2016-10-31,2016-11-30,101,False,False
2016-11-30,2016-12-30,101,False,False
2016-12-30,2017-01-31,101,False,False
2017-01-31,2017-02-28,101,False,False
2017-02-28,2017-03-31,103,False,False
2017-03-31,2017-04-28,104,False,False
2017-04-28,2017-05-31,105,False,False
2017-05-31,2017-06-30,105,False,False
2017-06-30,2017-07-31,105,False,False
2017-07-31,2017-08-31,105,False,False
2017-08-31,2017-09-29,105,False,False
2017-09-29,2017-10-31,105,False,False
2017-10-31,2017-11-30,108,False,False
2017-11-30,2017-12-29,108,False,False
2017-12-29,2018-01-31,108,False,False
2018-01-31,2018-02-28,108,False,False
2018-02-28,2018-03-29,108,False,False
2018-03-29,2018-04-30,108,False,False
2018-04-30,2018-05-31,109,False,False
2018-05-31,2018-06-29,109,False,False
2018-06-29,2018-07-31,109,False,False
2018-07-31,2018-08-31,110,False,False
2018-08-31,2018-09-28,110,False,False
2018-09-28,2018-10-31,110,False,False
2018-10-31,2018-11-30,110,False,False
2018-11-30,2018-12-31,110,False,False
2018-12-31,2019-01-31,110,False,False
2019-01-31,2019-02-28,110,False,False
2019-02-28,2019-03-29,111,False,False
2019-03-29,2019-04-30,111,False,False
2019-04-30,2019-05-31,111,False,False
2019-05-31,2019-06-28,112,False,False
2019-06-28,2019-07-31,114,False,False
2019-07-31,2019-08-30,114,False,False
2019-08-30,2019-09-30,114,False,False
2019-09-30,2019-10-31,114,False,False
2019-10-31,2019-11-29,114,False,False
2019-11-29,2019-12-31,114,False,False
2019-12-31,2020-01-31,115,False,False
2020-01-31,2020-02-28,116,False,False
2020-02-28,2020-03-31,116,False,False
2020-03-31,2020-04-30,116,False,False
2020-04-30,2020-05-29,116,False,False
2020-05-29,2020-06-30,116,False,False
2020-06-30,2020-07-31,116,False,False
2020-07-31,2020-08-31,116,False,False
2020-08-31,2020-09-30,116,False,False
2020-09-30,2020-10-30,117,False,False
2020-10-30,2020-11-30,117,False,False
2020-11-30,2020-12-31,118,False,False
2020-12-31,2021-01-29,118,False,False
2021-01-29,2021-02-26,118,False,False
2021-02-26,2021-03-31,118,False,False
2021-03-31,2021-04-30,118,False,False
2021-04-30,2021-05-28,118,False,False
2021-05-28,2021-06-30,118,False,False
2021-06-30,2021-07-30,118,False,False
2021-07-30,2021-08-31,118,False,False
2021-08-31,2021-09-30,119,False,False
2021-09-30,2021-10-29,119,False,False
2021-10-29,2021-11-30,119,False,False
2021-11-30,2021-12-31,119,False,False
2021-12-31,2022-01-31,120,False,False
2022-01-31,2022-02-28,120,False,False
2022-02-28,2022-03-31,120,False,False
2022-03-31,2022-04-29,120,False,False
2022-04-29,2022-05-31,120,False,False
2022-05-31,2022-06-30,120,False,False
2022-06-30,2022-07-29,120,False,False
2022-07-29,2022-08-31,121,False,False
2022-08-31,2022-09-30,121,False,False
2022-09-30,2022-10-31,121,False,False
2022-10-31,2022-11-30,121,False,False
2022-11-30,2022-12-30,121,False,False
2022-12-30,2023-01-31,121,False,False
2023-01-31,2023-02-28,121,False,False
2023-02-28,2023-03-31,121,False,False
2023-03-31,2023-04-28,121,False,False
2023-04-28,2023-05-31,121,False,False
2023-05-31,2023-06-30,121,False,False
2023-06-30,2023-07-31,122,False,False
2023-07-31,2023-08-31,122,False,False
2023-08-31,2023-09-29,123,False,False
2023-09-29,2023-10-31,123,False,False
2023-10-31,2023-11-30,123,False,False
2023-11-30,2023-12-29,123,False,False
2023-12-29,2024-01-31,123,False,False
2024-01-31,2024-02-29,123,False,False
2024-02-29,2024-03-28,123,False,False
2024-03-28,2024-04-30,123,False,False
2024-04-30,2024-05-31,123,False,False
2024-05-31,2024-06-28,123,False,False
2024-06-28,2024-07-31,123,False,False
2024-07-31,2024-08-30,123,False,False
2024-08-30,2024-09-30,123,False,False
2024-09-30,2024-10-31,123,False,False
2024-10-31,2024-11-29,123,False,False
2024-11-29,2024-12-31,124,False,False
2024-12-31,2025-01-31,124,False,False
2025-01-31,2025-02-28,124,False,False
2025-02-28,2025-03-31,124,False,False
2025-03-31,2025-04-30,124,False,False
2025-04-30,2025-05-30,124,False,False
2025-05-30,2025-06-30,126,False,False
2025-06-30,2025-07-31,126,False,False
2025-07-31,2025-08-29,126,False,False
2025-08-29,2025-09-30,126,False,False
2025-09-30,2025-10-31,127,False,False
2025-10-31,2025-11-28,128,False,False
2025-11-28,2025-12-31,128,False,False
2025-12-31,2026-01-30,128,False,False
2026-01-30,2026-02-27,128,False,False
2026-02-27,2026-03-31,128,False,False
2026-03-31,2026-04-30,128,False,False
2026-04-30,2026-05-29,128,False,False
2026-05-29,2026-06-30,128,False,False
2026-06-30,2026-07-31,129,False,False
2026-07-31,2026-08-31,130,False,False
2026-08-31,2026-09-30,130,False,False
