strategy_id,period_role,n_months,start,end,CAGR,AnnReturn,AnnVol,Sharpe_exBIL,Sharpe_rf0_legacy,MaxDD,turnover_per_year,turnover_target_per_year_diagnostic,HHI_mean,eff_N_mean,names_held_mean,eff_N_category_mean,largest_single_name,largest_single_name_share,largest_category,largest_category_share,trial_count,DSR_exBIL,sr_var_cross_trial_monthly
anchor_ivol,full window,119,2016-11-30,2026-09-30,0.07717210490637871,0.07717210490637871,0.09163318132936525,0.6083100944273679,0.84218515374897,-0.16863176770207078,0.23438280097537734,0.15675477268285334,0.015417299925820105,66.97761447752433,117.46218487394958,10.800564615393672,ISTB,0.04137326190691522,Specialty / Other,0.2098403183911514,11,0.4501207175774183,0.013415584931068366
book1_static_option_a,full window,71,2020-11-30,2026-09-30,0.17283134744247453,0.17283134744247453,0.16147511197186876,0.8865806870299144,1.0703280854363748,-0.25564187805103256,0.1353543261999646,0.08450704225352113,0.5399999999999998,1.8518518518518512,3.0,1.8518518518518512,VOO,0.7,US Large / Broad Blend,0.7000000000000007,11,0.7073384870168552,0.013415584931068366
epo_a_w050,full window,119,2016-11-30,2026-09-30,0.037208497421636455,0.037208497421636455,0.041135403509230124,0.35394567145119255,0.9045370714131311,-0.0859425025743491,3.0219626003754536,3.01161304085029,0.2016123909074388,5.948284751009158,24.394957983193276,3.506772608697978,VCSH,0.18461903054943893,Specialty / Other,0.3012214220972387,11,0.18778977359471694,0.013415584931068366
epo_a_w075,full window,119,2016-11-30,2026-09-30,0.03292767555824505,0.03292767555824505,0.03854636813662623,0.2683587476472725,0.8542354870252388,-0.09413108335733011,2.0589298675041414,2.0470702097485542,0.1628815359219167,6.64880442838787,38.76470588235294,4.118074260688789,ISTB,0.19889128838337136,Specialty / Other,0.3287658462771309,11,0.12492404978379312,0.013415584931068366
epo_a_w090,full window,119,2016-11-30,2026-09-30,0.030588131733723545,0.030588131733723545,0.04154609369551225,0.196715936056583,0.7362456734898191,-0.11018828792670321,1.0975881111437953,1.0859706754754483,0.10341352544658412,9.823244098792374,66.81512605042016,5.4714981563453975,ISTB,0.16291153127385585,Specialty / Other,0.29896805427188555,11,0.08273762955324226,0.013415584931068366
equal_weight,full window,119,2016-11-30,2026-09-30,0.09834202653470658,0.09834202653470658,0.12436417923707513,0.633630054636155,0.7907584574432596,-0.2172657079363698,0.21966883782095697,0.07571246610994142,0.008548265333917133,117.46218487394958,117.46218487394958,9.14263592367189,ACWI,0.008548265333917133,Specialty / Other,0.23921076098635083,11,0.480165931341065,0.013415584931068366
erc_lw,full window,119,2016-11-30,2026-09-30,0.05743300849902333,0.05743300849902333,0.0704069367682071,0.5042469637769935,0.8157294030289035,-0.1453484994194819,0.2919401473324598,0.23244087017315695,0.025375118817465275,44.65791684933989,117.46218487394958,8.818873160328094,IEI,0.0651753273274524,Specialty / Other,0.18796604742863376,11,0.32970355407630275,0.013415584931068366
lw_minvar_156w,full window,119,2016-11-30,2026-09-30,0.023953527827753396,0.023953527827753396,0.03485452875564151,0.040533523206714536,0.6872429116941169,-0.09995866796892428,0.46771844541316415,0.45901093847284735,0.1557727956350158,6.972376305795735,15.739495798319327,4.2649691911515,ISTB,0.20541303099800784,Specialty / Other,0.3201203386051852,11,0.028443820894338973,0.013415584931068366
trend_ivol,full window,119,2016-11-30,2026-09-30,0.06112963381585956,0.06112963381585956,0.09672824251376907,0.42634856941440585,0.6319729608150162,-0.170062767070835,2.427409246849698,2.4104476850652024,0.02710796515897241,51.9297926431854,77.17647058823529,8.659471485223161,VCSH,0.0354809818490817,Specialty / Other,0.21294748051846513,11,0.25126495806990984,0.013415584931068366
anchor_ivol,sub-period (not a trial),68,2021-02-26,2026-09-30,0.07047080919917237,0.07047080919917237,0.09438344790783734,0.438051061594114,0.7466437257937963,-0.1686317677020709,0.16454380406691285,0.07931186397542381,0.013512068626867949,75.21876807857434,122.79411764705883,10.564358555591282,ISTB,0.040173842545596104,Specialty / Other,0.21245825014235545,11,0.31202023214470137,0.013415584931068366
book1_static_option_a,sub-period (not a trial),68,2021-02-26,2026-09-30,0.1495717307043365,0.1495717307043365,0.15855638724572635,0.7655730238954345,0.9433346287875134,-0.25564187805103267,0.051236206374884824,0.0,0.5399999999999999,1.8518518518518514,3.0,1.8518518518518514,VOO,0.7,US Large / Broad Blend,0.7000000000000006,11,0.6023315917115333,0.013415584931068366
epo_a_w050,sub-period (not a trial),68,2021-02-26,2026-09-30,0.039533900836907776,0.039533900836907776,0.04707873700018792,0.17836572146655807,0.8397400473328325,-0.08594250257434921,2.8673987309484454,2.8519587686346988,0.21405304219205343,5.349302324197381,21.61764705882353,3.433224104127379,ISTB,0.2229204190957775,Specialty / Other,0.3178615414114976,11,0.1358686380030693,0.013415584931068366
epo_a_w075,sub-period (not a trial),68,2021-02-26,2026-09-30,0.031662611900216575,0.031662611900216575,0.04416418041942386,0.013306608722972615,0.7169296837282875,-0.09413108335733034,2.004754817642564,1.9874427402477586,0.16718721264128833,6.39596930942824,32.8235294117647,4.162684352155766,ISTB,0.2299311198138845,Specialty / Other,0.3434600891112291,11,0.06621248647178522,0.013415584931068366
epo_a_w090,sub-period (not a trial),68,2021-02-26,2026-09-30,0.02468994045489592,0.02468994045489592,0.04775726552371666,-0.12932974783509577,0.5169881521511044,-0.11018828792670288,1.0660908721764906,1.0522624089642534,0.10412332170635052,9.75428706478159,62.3235294117647,5.529138979968777,ISTB,0.17910719661660676,Specialty / Other,0.3056294971730152,11,0.03146256542569283,0.013415584931068366
equal_weight,sub-period (not a trial),68,2021-02-26,2026-09-30,0.09699106907964117,0.09699106907964117,0.11534398332989539,0.5901958907191167,0.8408853784963968,-0.1761436638275362,0.16858877002968703,0.017011103563581237,0.008149503871932275,122.79411764705883,122.79411764705883,8.832098905826227,ACWI,0.008149503871932277,Specialty / Other,0.2440517341940178,11,0.4449112532110354,0.013415584931068366
erc_lw,sub-period (not a trial),68,2021-02-26,2026-09-30,0.0525887069765163,0.0525887069765163,0.07922638209134508,0.2905564456768478,0.6637777163152985,-0.1453484994194819,0.21978219002999028,0.151299660535008,0.021762690012970796,53.05592461986903,122.79411764705883,8.803846327708506,IEI,0.057856575937504956,Specialty / Other,0.19579508706671275,11,0.20127806247844693,0.013415584931068366
lw_minvar_156w,sub-period (not a trial),68,2021-02-26,2026-09-30,0.020818568593828912,0.020818568593828912,0.04126762366257532,-0.25075379855409086,0.5044770390476543,-0.09995866796892483,0.3935733161527558,0.3861449351546258,0.18281053853242776,5.899457377903921,14.529411764705882,3.915165676897335,ISTB,0.2590922084423221,Specialty / Other,0.33591025048046363,11,0.015553733149667473,0.013415584931068366
trend_ivol,sub-period (not a trial),68,2021-02-26,2026-09-30,0.05896688870500277,0.05896688870500277,0.10161091301727533,0.30605862270889383,0.5803204297059859,-0.17006276707083468,2.659874399697797,2.646455066604349,0.02514100943660897,59.10673265154775,80.97058823529412,7.892680118356957,DXJ,0.024258987796051363,Specialty / Other,0.21916135801971515,11,0.212736059466751,0.013415584931068366
