date,eval_date,trial_id,r_star,distance,turnover,cash_pct,n_assets,thin_flag,w_US Large / Broad Blend,w_International Developed Equity,w_BIL,w_US Small Value,w_US Mid Value,w_US Mid Blend,w_US Small Growth,w_US Mid Growth,w_US Treasuries / Govt / Cash-like,w_US Large Value,w_Commodities / Metals,w_Core / Aggregate Bonds,w_Municipal Bonds,w_Other Fixed Income,w_Investment Grade Credit,w_TIPS / Inflation-Linked,w_US Small Blend,w_Sector / Factor / Thematic,w_High Yield Credit,w_EM Debt,w_Crypto / Digital Assets
2002-06-28,2002-07-31,ft_med_ef21_fc60_sample_sleeves,-0.012513099383360704,0.05190728977902714,0.0,0.23346755534670283,5,0,0.24315322894183194,0.5233792157114651,0.23346755534670283,,,,,,,,,,,,,,,,,,
2002-07-31,2002-08-30,ft_med_ef21_fc60_sample_sleeves,-0.01198602907682456,0.08307041045734061,0.18938661799521456,0.3359041488154252,7,0,0.33010325346832414,0.3339925977162506,0.3359041488154252,,,,,,,,,,,,,,,,,,
2002-08-30,2002-09-30,ft_med_ef21_fc60_sample_sleeves,-0.011395390475008855,0.0681331776513044,0.159827955669316,0.23623281915550776,7,0,0.26994662745892567,0.4938205533855666,0.23623281915550776,,,,,,,,,,,,,,,,,,
2002-09-30,2002-10-31,ft_med_ef21_fc60_sample_sleeves,-0.01747435714754131,0.044490986570648004,0.17856092814264077,0.142020600392755,7,0,0.18559791807903767,0.6723814815282073,0.142020600392755,,,,,,,,,,,,,,,,,,
2002-10-31,2002-11-29,ft_med_ef21_fc60_sample_sleeves,-0.013891604297415107,0.049354359969817276,0.15023896509852477,0.2781461613415269,7,0,0.03535895298051289,0.6864948856779601,0.2781461613415269,,,,,,,,,,,,,,,,,,
2002-11-29,2002-12-31,ft_med_ef21_fc60_sample_sleeves,-0.010055432905856221,0.06326245497626076,0.08350106461742306,0.23000404970461674,7,0,,0.7699959502953828,0.23000404970461674,,,,,,,,,,,,,,,,,,
2002-12-31,2003-01-31,ft_med_ef21_fc60_sample_sleeves,-0.01009220646403115,0.06577469010095108,0.036578229323001796,0.19342582038161527,7,0,,0.8065741796183845,0.19342582038161527,,,,,,,,,,,,,,,,,,
2003-01-31,2003-02-28,ft_med_ef21_fc60_sample_sleeves,-0.015458921448944911,0.033569895502326315,0.0628310648491428,0.13059475553247268,7,0,,0.8694052444675273,0.13059475553247268,,,,,,,,,,,,,,,,,,
2003-02-28,2003-03-31,ft_med_ef21_fc60_sample_sleeves,-0.015947858298947307,0.02319758585403975,0.017271837556576682,0.113322917975896,7,0,0.013476392849551364,0.8732006891745525,0.113322917975896,,,,,,,,,,,,,,,,,,
2003-03-31,2003-04-30,ft_med_ef21_fc60_sample_sleeves,-0.015079802035584195,0.0212824904221307,0.020090914894350855,0.1067083959310966,7,0,,0.8932916040689034,0.1067083959310966,,,,,,,,,,,,,,,,,,
2003-04-30,2003-05-30,ft_med_ef21_fc60_sample_sleeves,-0.0023582947584264782,0.032237651718922074,0.6938381572353561,0.8005465531664527,7,0,,0.19945344683354727,0.8005465531664527,,,,,,,,,,,,,,,,,,
2003-05-30,2003-06-30,ft_med_ef21_fc60_sample_sleeves,0.0024628902580097595,0.056490922584774,0.9999999596628466,4.033715328422005e-08,7,0,,,4.033715328422005e-08,0.9999999596628467,,,,,,,,,,,,,,,,,
2003-06-30,2003-07-31,ft_med_ef21_fc60_sample_sleeves,0.00961127411991822,0.5138059857296814,1.0195433501413788e-08,3.014171978676927e-08,7,0,,,3.014171978676927e-08,0.9999999698582802,,,,,,,,,,,,,,,,,
2003-07-31,2003-08-29,ft_med_ef21_fc60_sample_sleeves,0.010339031746710779,5.987904224291291,1.1627617768034125e-09,2.8978958011016687e-08,7,0,,,2.8978958011016687e-08,0.999999971021042,,,,,,,,,,,,,,,,,
2003-08-29,2003-09-30,ft_med_ef21_fc60_sample_sleeves,0.0089811949330067,5.852746619524895,1.7765169246235347e-07,0.0,9,0,,,,0.9999998223483075,1.7765169244767322e-07,,,,,,,,,,,,,,,,
2003-09-30,2003-10-31,ft_med_ef21_fc60_sample_sleeves,0.20976517608632747,0.034651780817763,1.77651692460804e-07,0.0,9,0,,,,1.0,,,,,,,,,,,,,,,,,
2003-10-31,2003-11-28,ft_med_ef21_fc60_sample_sleeves,0.03548967354849812,0.0028085647731743452,1.000000000000003,0.0,9,0,,,,,1.0,,,,,,,,,,,,,,,,
2003-11-28,2003-12-31,ft_med_ef21_fc60_sample_sleeves,0.039180880822158475,0.0020882408865758252,1.000000000000003,0.0,9,0,,,,1.0,,,,,,,,,,,,,,,,,
2003-12-31,2004-01-30,ft_med_ef21_fc60_sample_sleeves,0.0233053181201093,0.002104147431307007,0.999999999718624,0.0,9,0,,,,2.8137616282092326e-10,0.999999999718624,,,,,,,,,,,,,,,,
2004-01-30,2004-02-27,ft_med_ef21_fc60_sample_sleeves,0.014570774432949003,0.0028293672969255915,2.8137611133096634e-10,0.0,9,0,,,,,0.9999999999837669,1.6233090121674926e-11,,,,,,,,,,,,,,,
2004-02-27,2004-03-31,ft_med_ef21_fc60_sample_sleeves,0.01612013037897029,0.0017954786779154645,1.0,0.0,9,0,,,,,,,1.0,,,,,,,,,,,,,,
2004-03-31,2004-04-30,ft_med_ef21_fc60_sample_sleeves,0.02070074579583692,0.003013451773451075,3.2145552667863254e-18,0.0,9,0,,,,,,,1.0,,,,,,,,,,,,,,
2004-04-30,2004-05-28,ft_med_ef21_fc60_sample_sleeves,0.022363711188391467,0.0023805643387074886,4.358685312107587e-15,0.0,9,0,,,,,,,0.9999999999999957,,,,,,,,,,,,,,
2004-05-28,2004-06-30,ft_med_ef21_fc60_sample_sleeves,0.02241424916053593,0.001330865037596235,4.3589551174536606e-15,0.0,9,0,,,,,,,1.0,,,,,,,,,,,,,,
2004-06-30,2004-07-30,ft_med_ef21_fc60_sample_sleeves,0.021009638576709837,0.0035659228896413064,1.0,0.01756456830289077,9,0,,0.39259277256302055,0.01756456830289077,,0.16722941645598374,0.07898006779648947,,0.3436331748816153,,,,,,,,,,,,,
2004-07-30,2004-08-31,ft_med_ef21_fc60_sample_sleeves,0.00455955278356138,0.02059881438560822,0.8315403209656547,0.684304036393016,10,0,,0.012574041752614106,0.684304036393016,0.06303150879123633,0.13832106897884044,,,,0.10176934408429321,,,,,,,,,,,,
2004-08-31,2004-09-30,ft_med_ef21_fc60_sample_sleeves,0.01844977553393495,1.6863917117472118,0.936968252233524,0.0,10,0,,,,0.9999997610247603,2.3897523979418294e-07,,,,,,,,,,,,,,,,
2004-09-30,2004-10-29,ft_med_ef21_fc60_sample_sleeves,0.022172394497172513,0.0014516453759996057,4.244203219036783e-08,0.0,10,0,,,,0.9999998034667925,1.965332076415718e-07,,,,,,,,,,,,,,,,
2004-10-29,2004-11-30,ft_med_ef21_fc60_sample_sleeves,0.019603966291619916,0.0010008119574048077,0.8680661347108656,0.0,10,0,,0.27304812277882995,,0.13193366875592677,0.40178340314243166,0.06877736719138164,,,0.11316590482222691,0.011291533309203102,,,,,,,,,,,
2004-11-30,2004-12-31,ft_med_ef21_fc60_sample_sleeves,0.05148246003759023,0.004778237657071915,0.8680663312440717,0.0,10,0,,,,0.9999999999999984,,,,,,,,,,,,,,,,,
2004-12-31,2005-01-31,ft_med_ef21_fc60_sample_sleeves,0.03852304333817886,0.0026066411325408215,1.5744380017743645e-15,0.0,10,0,,,,1.0,,,,,,,,,,,,,,,,,
2005-01-31,2005-02-28,ft_med_ef21_fc60_sample_sleeves,0.023335133280185334,0.00046100036978165054,0.6213671315997609,0.0,10,0,,0.3417169220487846,,0.3786328684002391,0.2796502095509763,,,,,,,,,,,,,,,,
2005-02-28,2005-03-31,ft_med_ef21_fc60_sample_sleeves,0.02056855483991227,0.0002920874908170109,0.12161394551816093,0.0,10,0,,0.4633308675669456,,0.28512131776287813,0.25154781467017645,,,,,,,,,,,,,,,,
2005-03-31,2005-04-29,ft_med_ef21_fc60_sample_sleeves,0.023486121753399283,0.00023364502421208393,0.7484521853298237,0.0,10,0,,,,,1.0,,,,,,,,,,,,,,,,
2005-04-29,2005-05-31,ft_med_ef21_fc60_sample_sleeves,0.014482738802972612,0.00045499626153772663,0.40531794795654635,0.0,10,0,,0.23079130689763513,,,0.5946820520434537,,,,0.17452664105891125,,,,,,,,,,,,
2005-05-31,2005-06-30,ft_med_ef21_fc60_sample_sleeves,0.01316131841425816,0.0009243033294827815,0.23079130689763525,0.0,10,0,,,,,0.6263642678774763,,,,0.3512371689273701,0.022398563195153764,,,,,,,,,,,
2005-06-30,2005-07-29,ft_med_ef21_fc60_sample_sleeves,0.015620777275685406,0.00019275355751831544,0.1299809530095467,0.0,10,0,,,,,0.7124333524480091,,,,0.22125621591782332,0.06631043163416753,,,,,,,,,,,
2005-07-29,2005-08-31,ft_med_ef21_fc60_sample_sleeves,0.015439355703747085,0.00025039429893465814,0.09954480808014309,0.0,10,0,,,,,0.8119781605281521,,,,0.17780751555160187,0.01021432392024585,,,,,,,,,,,
2005-08-31,2005-09-30,ft_med_ef21_fc60_sample_sleeves,0.012971093907336133,0.0008361479648718968,0.11943121004221839,0.0,10,0,,0.03230559742653015,,,0.7027612744061797,,,,0.2649331281672903,,,,,,,,,,,,
2005-09-30,2005-10-31,ft_med_ef21_fc60_sample_sleeves,0.012096058753194399,0.0008027843178390258,0.1266618134898434,0.0,10,0,,0.15896741091637326,,,0.6813550944675375,,,,0.15967749461608916,,,,,,,,,,,,
2005-10-31,2005-11-30,ft_med_ef21_fc60_sample_sleeves,0.017619037504439133,0.0008212948467538265,0.31864490553246166,1.1102230246251565e-16,10,0,,,,,0.999999999999999,,,,,,,,,,,,,,,,
2005-11-30,2005-12-30,ft_med_ef21_fc60_sample_sleeves,0.014241574356414556,0.0008929051481699406,5.8405783977505635e-12,1.1102230246251565e-16,10,0,,,,,0.9999999999941593,5.840595476876154e-12,,,,,,,,,,,,,,,
2005-12-30,2006-01-31,ft_med_ef21_fc60_sample_sleeves,0.014275343589130615,0.0004834149163505026,4.109888343021197e-11,1.1102230246251565e-16,10,0,,,,,0.9999999999530604,4.6939453409236553e-11,,,,,,,,,,,,,,,
2006-01-31,2006-02-28,ft_med_ef21_fc60_sample_sleeves,0.012989299809917882,0.0003439823010181451,0.5549149982905142,0.0,10,0,,0.28645735000236533,,,0.4450850017094859,,,,0.2684576482881488,,,,,,,,,,,,
2006-02-28,2006-03-31,ft_med_ef21_fc60_sample_sleeves,0.011764537425803311,5.289237633690268e-05,0.06606437509445189,0.0,10,0,,0.26621015252045954,,,0.3992678240969399,,,,0.3345220233826006,,,,,,,,,,,,
2006-03-31,2006-04-28,ft_med_ef21_fc60_sample_sleeves,0.01248552308210037,6.8632867952773e-05,0.11049743099087353,0.0,10,0,,0.3548245476073839,,,0.4211508600008889,,,,0.2240245923917271,,,,,,,,,,,,
2006-04-28,2006-05-31,ft_med_ef21_fc60_sample_sleeves,0.016079784582001603,0.001204478736509434,0.1934070696010947,0.0,10,0,,0.5482316172084787,,,0.30928293612545704,,,,0.14248544666606447,,,,,,,,,,,,
2006-05-31,2006-06-30,ft_med_ef21_fc60_sample_sleeves,0.016490069259522684,0.001123810019667652,0.6907170638745431,0.0,10,0,,,,,1.0,,,,,,,,,,,,,,,,
2006-06-30,2006-07-31,ft_med_ef21_fc60_sample_sleeves,0.013442706186108114,0.00015642929308071595,0.6800834597577547,0.0,10,0,,0.5517639491903701,,,0.31991654024224525,,,,0.12831951056738472,,,,,,,,,,,,
2006-07-31,2006-08-31,ft_med_ef21_fc60_sample_sleeves,0.013208310440616345,0.00010998584539863064,0.29238184172300197,0.0,10,0,,0.6047550772555511,,,0.13827866870866384,,,,0.017575540377964164,0.23939071365782086,,,,,,,,,,,
2006-08-31,2006-09-29,ft_med_ef21_fc60_sample_sleeves,0.011946157891994876,0.0003207148341134268,0.13188685626033006,1.1102230246251565e-16,10,0,,0.7046403722907957,,,0.14896362933976057,,,,0.03889214097195274,0.10750385739749084,,,,,,,,,,,
2006-09-29,2006-10-31,ft_med_ef21_fc60_sample_sleeves,0.010065755623265527,0.0009248910459555733,0.34698075502609954,0.0,10,0,,0.5437547333169208,,,,,,,0.0017606542594889348,0.45448461242359045,,,,,,,,,,,
2006-10-31,2006-11-30,ft_med_ef21_fc60_sample_sleeves,0.012603236873682776,0.00017324896283628914,0.0710920530745502,0.0,10,0,,0.4744233345018595,,,0.06451403340133105,,,,,0.46106263209680953,,,,,,,,,,,
2006-11-30,2006-12-29,ft_med_ef21_fc60_sample_sleeves,0.012241499962039335,0.00019138732580304093,0.04611399037542045,0.0,10,0,,0.4491168303451566,,,0.1106280237767514,,,,,0.44025514587809195,,,,,,,,,,,
2006-12-29,2007-01-31,ft_med_ef21_fc60_sample_sleeves,0.01223839527781211,0.00016947562342251802,0.1809879003745778,0.0,10,0,,0.37875695374733026,,,,,,,0.17675856023260697,0.44448448602006274,,,,,,,,,,,
2007-01-31,2007-02-28,ft_med_ef21_fc60_sample_sleeves,0.013684592424858462,0.00041227385140084653,0.16956440451983104,0.0,11,0,0.05490986175765252,0.28151208715123555,,,0.061636111290427786,,,,0.14653924165339868,0.4023842666755347,0.0530184314717507,,,,,,,,,,
2007-02-28,2007-03-30,ft_med_ef21_fc60_sample_sleeves,0.01438766454621372,0.000806886005580923,0.1995969994456363,0.0,11,0,,0.3701084710932083,,,0.10420714955682615,,,,0.12466219932593368,0.279574171315016,0.121448008709016,,,,,,,,,,
2007-03-30,2007-04-30,ft_med_ef21_fc60_sample_sleeves,0.015215937730526508,0.0009856401058104594,0.19220592628113636,0.0,11,0,,0.5299425509920199,,,0.017156680237284387,,,,0.07357696012370447,0.3119460176973407,0.06737779094965063,,,,,,,,,,
2007-04-30,2007-05-31,ft_med_ef21_fc60_sample_sleeves,0.015361328383838883,0.0008631013216869647,0.07199670228925109,0.0,11,0,,0.4932087971065248,,,,,,,0.1174127498545537,0.29383974953086905,0.09553870350805249,,,,,,,,,,
2007-05-31,2007-06-29,ft_med_ef21_fc60_sample_sleeves,0.01667290725487367,0.0010540311113144613,0.22576721233842378,0.0,11,0,,0.3945907216146438,,,0.038368190666009154,,,,0.0006422575810111273,0.4812387712032837,0.08516005893505225,,,,,,,,,,
2007-06-29,2007-07-31,ft_med_ef21_fc60_sample_sleeves,0.013770723588032349,2.3520475964551028e-05,0.1919127816859404,0.0,11,0,,0.5018403923222104,,,,,,,0.0853053685593849,0.3756483995197295,0.03720583959867525,,,,,,,,,,
2007-07-31,2007-08-31,ft_med_ef21_fc60_sample_sleeves,0.010929885162843577,0.0008857428059950854,0.3237727802932879,0.0,11,0,0.029721771553505513,0.404535340999498,,,,,,,0.35034944251662165,0.149180670549154,0.06621277438122081,,,,,,,,,,
2007-08-31,2007-09-28,ft_med_ef21_fc60_sample_sleeves,0.01016689832040317,0.0009359858109755429,0.03510603670219337,0.0,11,0,0.02661952205328097,0.37410622884271005,,,,,,,0.3687688337592128,0.16586731600875618,0.06463809933603999,,,,,,,,,,
2007-09-28,2007-10-31,ft_med_ef21_fc60_sample_sleeves,0.01050545394137104,0.0008157606466245715,0.019146462092624668,0.0,11,0,0.045765984145905624,0.36814775762737517,,,,,,,0.3620433322801648,0.16181660796628897,0.062226317980265525,,,,,,,,,,
2007-10-31,2007-11-30,ft_med_ef21_fc60_sample_sleeves,0.010722001551956444,0.0006479817022621153,0.07904419161210974,0.0,11,0,0.03424744153457858,0.4400049444267177,,,,,,,0.3310329081144527,0.12530138313121844,0.06941332279303267,,,,,,,,,,
2007-11-30,2007-12-31,ft_med_ef21_fc60_sample_sleeves,0.010687988180640496,0.0006520206127921955,0.15954882466579706,0.0,11,0,,0.49157752676392347,,,,,,,0.36979286558558566,,0.1386296076504909,,,,,,,,,,
2007-12-31,2008-01-31,ft_med_ef21_fc60_sample_sleeves,0.010954257997339284,0.0004493409763466381,0.20724775781966392,0.0,11,0,,0.2843297689442596,,,,,,,0.4126255986861085,,0.30304463236963186,,,,,,,,,,
2008-01-31,2008-02-29,ft_med_ef21_fc60_sample_sleeves,0.01010645901363196,0.0006465951201516204,0.2128050565818437,0.0,11,0,0.024360662879703628,0.10180277221617583,,,,,,,0.5791686175399243,0.021901374848324395,0.27276657251587194,,,,,,,,,,
2008-02-29,2008-03-31,ft_med_ef21_fc60_sample_sleeves,0.010392496539158013,0.0005128848724845166,0.11073932434732714,0.0,11,0,0.061492183125496,0.1754105763177105,,,,,,,0.5417497831423511,,0.22134745741444245,,,,,,,,,,
2008-03-31,2008-04-30,ft_med_ef21_fc60_sample_sleeves,0.010100649451477952,0.0005557859297033798,0.07712290968838462,0.0,11,0,0.02190476067108027,0.21723777690250803,,,,,,,0.5770454922459382,,0.18381197018047363,,,,,,,,,,
2008-04-30,2008-05-30,ft_med_ef21_fc60_sample_sleeves,0.009396803066967552,0.0006630497908251707,0.15436707121979565,0.0,11,0,,0.15264652503173615,,,,,,0.15436707121979545,0.5267033337465866,,0.16628307000188167,,,,,,,,,,
2008-05-30,2008-06-30,ft_med_ef21_fc60_sample_sleeves,0.010090070083256467,0.00047055309302639916,0.2029677498563115,0.0,11,0,,0.013260010743600751,,,,,,0.3190554686721627,0.4631220981784106,,0.20456242240582576,,,,,,,,,,
2008-06-30,2008-07-31,ft_med_ef21_fc60_sample_sleeves,0.013984006010031559,9.68476835894386e-05,0.19637611566491062,0.0,11,0,,,,,,,,0.21407619007364204,0.3849852718556216,,0.40093853807073654,,,,,,,,,,
2008-07-31,2008-08-29,ft_med_ef21_fc60_sample_sleeves,0.011524996762356935,0.0006192816968103998,0.2567562789668466,0.0,11,0,,,,,,,0.15262701324970798,,0.4891145375727601,,0.358258449177532,,,,,,,,,,
2008-08-29,2008-09-30,ft_med_ef21_fc60_sample_sleeves,0.009554632466098062,0.0009835306049421984,0.09781711354791728,0.0,11,0,,,,,,,0.05480989970179066,,0.4995192876387672,,0.44567081265944214,,,,,,,,,,
2008-09-30,2008-10-31,ft_med_ef21_fc60_sample_sleeves,0.014891810677488918,0.00043514555290102586,0.5543291873405578,0.0,11,0,,,,,,,,,,,1.0,,,,,,,,,,
2008-10-31,2008-11-28,ft_med_ef21_fc60_sample_sleeves,0.06796112794853908,0.014837688981336453,0.9999999999999997,0.0,11,0,,,,,,,,,0.9999999999999997,,,,,,,,,,,,
2008-11-28,2008-12-31,ft_med_ef21_fc60_sample_sleeves,0.08512002857512556,0.006710580626375775,1.2124354755468195e-11,0.0,11,0,,,,,,,,,0.9999999999878754,,1.212476473388957e-11,,,,,,,,,,
2008-12-31,2009-01-30,ft_med_ef21_fc60_sample_sleeves,0.054297943501507955,0.0002401971422345999,1.2124699098768888e-11,0.0,11,0,,,,,,,,,1.0,,,,,,,,,,,,
2009-01-30,2009-02-27,ft_med_ef21_fc60_sample_sleeves,0.13299615154193548,0.003382629297761427,5.663465173283533e-17,0.0,11,0,,,,,,,,,1.0,,,,,,,,,,,,
2009-02-27,2009-03-31,ft_med_ef21_fc60_sample_sleeves,0.2666577848934465,0.0015498746042412119,1.148170653415647e-16,0.0,11,0,,,,,,,,,0.9999999999999999,,,,,,,,,,,,
2009-03-31,2009-04-30,ft_med_ef21_fc60_sample_sleeves,0.07003877924820298,0.0002738040929877548,1.1919312443564372e-17,0.0,11,0,,,,,,,,,0.9999999999999999,,,,,,,,,,,,
2009-04-30,2009-05-29,ft_med_ef21_fc60_sample_sleeves,0.03341721128079584,0.0015948167828375532,1.2402020089441896e-16,1.1102230246251565e-16,12,0,,,,,,,,,0.9999999999999999,,,,,,,,,,,,
2009-05-29,2009-06-30,ft_med_ef21_fc60_sample_sleeves,0.041636575069733145,0.004226433174971974,1.0,0.0,12,0,,,,,,,,,,,0.9999999999999999,,,,,,,,,,
2009-06-30,2009-07-31,ft_med_ef21_fc60_sample_sleeves,0.0386988753154122,0.0037053993578045528,1.0,0.0,12,0,,,,,,,,,,,,0.9999999999999991,,,,,,,,,
2009-07-31,2009-08-31,ft_med_ef21_fc60_sample_sleeves,0.029664616159038804,0.004351044272581154,1.0784967014775332e-15,0.0,12,0,,,,,,,,,,,,1.0,,,,,,,,,
2009-08-31,2009-09-30,ft_med_ef21_fc60_sample_sleeves,0.02665473692923417,0.00521571990016318,2.555467894145937e-17,0.0,12,0,,,,,,,,,,,,1.0,,,,,,,,,
2009-09-30,2009-10-30,ft_med_ef21_fc60_sample_sleeves,0.022954881450135516,0.004214403819297904,1.2364888762760668e-16,1.1102230246251565e-16,12,0,,,,,,,,,,,,0.9999999999999999,,,,,,,,,
2009-10-30,2009-11-30,ft_med_ef21_fc60_sample_sleeves,0.015494133254753597,0.0027077866595943186,1.324171710787485e-16,0.0,13,0,,,,,,,,,,,,1.0,,,,,,,,,
2009-11-30,2009-12-31,ft_med_ef21_fc60_sample_sleeves,0.0105320758049975,0.0017303553986375137,1.0000000000000007,0.0,13,0,,,,,,,,,,,,,1.0,,,,,,,,
2009-12-31,2010-01-29,ft_med_ef21_fc60_sample_sleeves,0.012802823434844051,0.0021148663115498276,1.3046689580986641e-14,0.0,13,0,,,,,,,,,,,,,0.9999999999999877,,,,,,,,
2010-01-29,2010-02-26,ft_med_ef21_fc60_sample_sleeves,0.01343683380818328,0.0014913483245793105,0.9999999999999869,0.0,13,0,,,,,,,,,,,,0.9999999999999992,,,,,,,,,
2010-02-26,2010-03-31,ft_med_ef21_fc60_sample_sleeves,0.011992427380538632,0.0010470720477783026,6.179469652577007e-11,0.0,13,0,,,,,,,,,,,,0.9999999999382047,6.179543595580261e-11,,,,,,,,
2010-03-31,2010-04-30,ft_med_ef21_fc60_sample_sleeves,0.011288740111016637,0.0011181640133217056,0.9999999999999967,0.0,13,0,,,,0.9999999999999967,,,,,,,,,,,,,,,,,
2010-04-30,2010-05-28,ft_med_ef21_fc60_sample_sleeves,0.010674082790463304,0.000732254432293595,3.5172970269682264e-15,0.0,13,0,,,,1.0,,,,,,,,,,,,,,,,,
2010-05-28,2010-06-30,ft_med_ef21_fc60_sample_sleeves,0.010315805354867131,0.0006352075738144834,1.0,0.0,13,0,,,,,,,,,,,,0.9999999998552048,1.4479530985669897e-10,,,,,,,,
2010-06-30,2010-07-30,ft_med_ef21_fc60_sample_sleeves,0.010520300282552115,0.00012613701774760508,1.447952726355555e-10,0.0,13,0,,,,,,,,,,,,1.0,,,,,,,,,
2010-07-30,2010-08-31,ft_med_ef21_fc60_sample_sleeves,0.0122088384387841,0.0006833245296017051,0.43415506041897667,0.0,13,0,,,,,,,,0.30835988573061485,,,0.12579517468836193,0.5658449395810234,,,,,,,,,
2010-08-31,2010-09-30,ft_med_ef21_fc60_sample_sleeves,0.01393694285095322,0.0003482906927913116,0.1291964231320939,0.0,13,0,,,,,,,,0.3923397627309897,,,0.1710117208200809,0.43664851644892955,,,,,,,,,
2010-09-30,2010-10-29,ft_med_ef21_fc60_sample_sleeves,0.014710998792829472,0.00011735019874173297,0.062109932730555185,0.0,13,0,,,,,,,,0.34034899294476884,,,0.23312165355063608,0.42652935350459525,,,,,,,,,
2010-10-29,2010-11-30,ft_med_ef21_fc60_sample_sleeves,0.013380243491450672,5.138522800700701e-05,0.1777145129536577,0.0,13,0,,,,,,,,0.2575689061580606,0.1555548238690024,,0.13818722738368658,0.44868904258925046,,,,,,,,,
2010-11-30,2010-12-31,ft_med_ef21_fc60_sample_sleeves,0.013596826043528383,1.0614460585591353e-05,0.20721251642301958,0.0,13,0,,,,,,0.03186160440666931,0.07859092525487937,0.1265692863130633,0.2523148106304733,,0.10520876259113243,0.40545461080378237,,,,,,,,,
2010-12-31,2011-01-31,ft_med_ef21_fc60_sample_sleeves,0.015081490941968395,0.00034738636021430287,0.09872798135312802,0.0,13,0,,,,,0.03129297437351338,0.04498931612447361,0.09074225982007383,0.10923074055177692,0.18626470678905083,,0.14736472328774824,0.39011527905336313,,,,,,,,,
2011-01-31,2011-02-28,ft_med_ef21_fc60_sample_sleeves,0.014618838059266604,0.0005792252615176492,0.19617054014949045,0.0,13,0,,,,,0.06054188359935765,0.0828734391119779,,0.1843538610862797,0.08852626994403047,,0.13967487980335197,0.4440296664550022,,,,,,,,,
2011-02-28,2011-03-31,ft_med_ef21_fc60_sample_sleeves,0.013799116725396606,0.0005480084951332259,0.025261585119454862,0.0,13,0,,,,,0.05491069737972883,0.07808816294450194,,0.2011897652738059,0.09111488471709722,,0.12482975707100204,0.4498667326138642,,,,,,,,,
2011-03-31,2011-04-29,ft_med_ef21_fc60_sample_sleeves,0.015128749464038995,0.0006299163515256014,0.14453922196864022,0.0,13,0,,,,,0.048803113501125504,0.08858064309837564,,0.1458185014488199,0.12085509712428132,,0.22913628647858444,0.3668063583488133,,,,,,,,,
2011-04-29,2011-05-31,ft_med_ef21_fc60_sample_sleeves,0.017023656973064672,0.0006348581943434199,0.08968293492114426,0.0,13,0,,,,,0.02058529585201379,0.08205907483644645,,0.16534665352101424,0.08964134672219859,,0.2992910693275343,0.34307655974079265,,,,,,,,,
2011-05-31,2011-06-30,ft_med_ef21_fc60_sample_sleeves,0.015255930150066065,0.000655726915026674,0.21890082789412144,0.0,13,0,,,,,,,0.010876747270815562,0.32917661936271003,0.05786602973790612,,0.21480992910616553,0.38727067452240277,,,,,,,,,
2011-06-30,2011-07-29,ft_med_ef21_fc60_sample_sleeves,0.01471247080843181,0.0008992745382081778,0.1372254751285329,0.0,13,0,,,,,,,,0.466402094491243,,,0.20191176850852852,0.3316861370002287,,,,,,,,,
2011-07-29,2011-08-31,ft_med_ef21_fc60_sample_sleeves,0.012086686171193883,0.000757548568101841,0.29873118590160913,0.0,13,0,,,,,,,0.10516055439755272,0.23671811717767016,0.14100785845312835,,0.13286455992049215,0.38424891005115663,,,,,,,,,
2011-08-31,2011-09-30,ft_med_ef21_fc60_sample_sleeves,0.011780270249945414,0.0007835821752382015,0.1732488333246032,0.0,13,0,,,,,,,0.08056755831904308,0.18882020796089827,0.11078097363482603,,0.30611339324509534,0.31371786684013736,,,,,,,,,
2011-09-30,2011-10-31,ft_med_ef21_fc60_sample_sleeves,0.009291714992285673,0.0007320717096116628,0.5831056331200788,0.0,13,0,,,,,,,,,0.5648973463225337,,0.43510265367746637,,,,,,,,,,
2011-10-31,2011-11-30,ft_med_ef21_fc60_sample_sleeves,0.01069294508119697,0.0005133846517674034,0.3229571262099598,0.0,13,0,,,,,,,,0.15938996371407577,0.4384719844481846,,0.2385708893418557,0.16356716249588396,,,,,,,,,
2011-11-30,2011-12-30,ft_med_ef21_fc60_sample_sleeves,0.01001406055410746,0.000701836857240843,0.18337922101413873,1.1102230246251565e-16,14,0,,,,,,,0.09214509148277349,0.014998364581038584,0.5073611763841301,,0.26091582693727516,0.12457954061478248,,,,,,,,,
2011-12-30,2012-01-31,ft_med_ef21_fc60_sample_sleeves,0.009418558683085545,0.0005083480933687775,0.7011688047424988,0.0,15,0,,,,,,,0.09797405275507168,,0.0503933559344421,,0.15629274784028582,,,0.6953398434702005,,,,,,,
2012-01-31,2012-02-29,ft_med_ef21_fc60_sample_sleeves,0.00895514623373498,0.0004710156777553603,0.05685198593020884,0.0,15,0,,,,,,,0.14296434426262253,,0.0528008599044067,,0.09944076191007697,,,0.7047940339228939,,,,,,,
2012-02-29,2012-03-30,ft_med_ef21_fc60_sample_sleeves,0.008997041657348402,0.00043090181680718995,0.4136097980532267,0.0,15,0,0.09475783496951079,,,,,,,0.12041158497778129,0.16918010893898192,,0.07305974355879379,0.07380104008869216,,0.4605295984835729,0.008260088982667228,,,,,,
2012-03-30,2012-04-30,ft_med_ef21_fc60_sample_sleeves,0.009880670661639165,0.0004940456796636903,0.1765715161019641,1.1102230246251565e-16,15,0,0.23373630672097997,,,,,,,0.14559794598195344,0.1815867922853045,,,0.06728086196128374,,0.3717980930504782,,,,,,,
2012-04-30,2012-05-31,ft_med_ef21_fc60_sample_sleeves,0.010647241639204615,0.0006468123431013199,0.29414556896561056,1.1102230246251565e-16,15,0,0.18424856036418433,,,,,,,0.2804837387420735,0.004209831637773401,,0.032337742913500986,,,0.49872012634246765,,,,,,,
2012-05-31,2012-06-29,ft_med_ef21_fc60_sample_sleeves,0.011827175905239884,0.0007247863173962733,0.4274766171860122,0.0,15,0,0.04561115354670119,,,,,,0.4274766171860122,0.0951042353479528,,,,,,0.4318079939193338,,,,,,,
2012-06-29,2012-07-31,ft_med_ef21_fc60_sample_sleeves,0.00996443679703042,0.0006315085225458653,0.12575161417461966,0.0,15,0,0.10517717003434651,,,,,,0.49366221487298656,,,,,,,0.40116061509266715,,,,,,,
2012-07-31,2012-08-31,ft_med_ef21_fc60_sample_sleeves,0.009901100614445624,0.0005303706204535428,0.3952765018040607,0.0,15,0,0.500453671838407,,,,,,0.4826681972884975,,,,,,,0.01687813087309544,,,,,,,
2012-08-31,2012-09-28,ft_med_ef21_fc60_sample_sleeves,0.009012146867644911,0.0005571011757202448,0.5506010823872243,0.0,16,0,0.43252078673968036,,,,,,,,,,,,,0.35052166222649966,,0.21695755103382003,,,,,
2012-09-28,2012-10-31,ft_med_ef21_fc60_sample_sleeves,0.00884686508049131,0.0005153482702069234,0.7830401518227375,0.0,16,0,2.297143442613871e-06,,,,,,,,,,,,,,,0.9999977028565574,,,,,
2012-10-31,2012-11-30,ft_med_ef21_fc60_sample_sleeves,0.008569383984164146,0.00044680420847219125,0.5453136688704823,0.0,16,0,0.012850130536127023,,,,,,,,,,,,0.25507785827873175,0.27738797719906605,,0.4546840339860752,,,,,
2012-11-30,2012-12-31,ft_med_ef21_fc60_sample_sleeves,0.008078964647923915,0.00039795748391858006,0.10213137094525385,0.0,16,0,0.02798149855094324,,,,,,,,0.02284341413772773,,,,0.23479706314624257,0.3015829765303372,0.03996158946143872,0.37283345817331054,,,,,
2012-12-31,2013-01-31,ft_med_ef21_fc60_sample_sleeves,0.007156071013791862,0.00034197054974128356,0.2572217925935571,0.0,16,0,0.036173267415241656,,,,,,,,0.028618772158399957,,,,0.32407147874915043,0.3927479045403826,0.10277691155707193,0.11561166557975343,,,,,
2013-01-31,2013-02-28,ft_med_ef21_fc60_sample_sleeves,0.007161538563262848,0.0008031295954481917,0.6759285212508497,0.0,16,0,,,,,,,,,,5.255217422340554e-06,,,0.9999947447825778,,,,,,,,
2013-02-28,2013-03-28,ft_med_ef21_fc60_sample_sleeves,0.007516407876696171,0.0005574854470993338,0.6262091659905746,0.0,16,0,0.18619519923196023,,,,,,,,,0.32954038900562443,,,0.373785578792003,0.11047883297041212,,,,,,,
2013-03-28,2013-04-30,ft_med_ef21_fc60_sample_sleeves,0.007947282537350811,0.0005386975171209761,0.5480474811432011,0.0,16,0,0.12867771018419197,,,,0.08379067231216035,,,,0.0700305717213789,0.15115436963126627,,,0.06164160607092853,0.504705070080074,,,,,,,
2013-04-30,2013-05-31,ft_med_ef21_fc60_sample_sleeves,0.009919278230379048,0.0006378517336479483,0.15645854565464323,0.0,16,0,0.11802374836266931,,,,0.07120392962514432,,,,,0.30761291528590945,,,0.003118063200542088,0.5000413435257348,,,,,,,
2013-05-31,2013-06-28,ft_med_ef21_fc60_sample_sleeves,0.018894187226291947,0.0015362912951664056,0.9999999999993756,0.0,16,0,,,,0.9999999999993755,,,,,,,,,,,,,,,,,
2013-06-28,2013-07-31,ft_med_ef21_fc60_sample_sleeves,0.027106422777178025,0.001123335715889815,6.309510433606359e-13,0.0,16,0,,,,0.9999999999999983,,,,,,,,,,,,,,,,,
2013-07-31,2013-08-30,ft_med_ef21_fc60_sample_sleeves,0.01929418122677391,0.0003425726116452645,6.854845485293028e-07,0.0,16,0,,,,0.9999993145154581,6.854845419532469e-07,,,,,,,,,,,,,,,,
2013-08-30,2013-09-30,ft_med_ef21_fc60_sample_sleeves,0.020537307285582063,0.0014941097639058363,1.0000000000000004,0.0,16,0,,,,,,,,,,,,,,,,,1.0,,,,
2013-09-30,2013-10-31,ft_med_ef21_fc60_sample_sleeves,0.020207636783089532,0.00036170103292786505,4.665573059873688e-16,0.0,16,0,,,,,,,,,,,,,,,,,1.0,,,,
2013-10-31,2013-11-29,ft_med_ef21_fc60_sample_sleeves,0.02261024444914661,0.0003137488933213824,1.0,0.0,17,0,,,,,,,0.9999999999999943,,,,,,,,,,,,,,
2013-11-29,2013-12-31,ft_med_ef21_fc60_sample_sleeves,0.022737012402187215,0.00035927021205634,5.7062792671277695e-15,0.0,17,0,,,,,,,1.0,,,,,,,,,,,,,,
2013-12-31,2014-01-31,ft_med_ef21_fc60_sample_sleeves,0.023556441242960514,0.0002812245533909443,2.580442308304305e-14,0.0,17,0,,,,,,,1.0,,,,,,,,,,,,,,
2014-01-31,2014-02-28,ft_med_ef21_fc60_sample_sleeves,0.020273764870536795,0.00040089311058394704,4.800349304091883e-11,0.0,17,0,,,,,,,0.9999999999520117,,,,,,,,,,4.798858636153325e-11,,,,
2014-02-28,2014-03-31,ft_med_ef21_fc60_sample_sleeves,0.025091509177183367,0.00040708357555837053,0.9999999999520117,0.0,17,0,,,,,,,,,,,,,,,,,1.0,,,,
2014-03-31,2014-04-30,ft_med_ef21_fc60_sample_sleeves,0.02550220608336888,0.00040799206885923513,1.000000000000003,0.0,17,0,,,,1.0,,,,,,,,,,,,,,,,,
2014-04-30,2014-05-30,ft_med_ef21_fc60_sample_sleeves,0.06867665296269516,0.0003285132024118842,1.0000000000000029,0.0,18,0,,,,,1.0,,,,,,,,,,,,,,,,
2014-05-30,2014-06-30,ft_med_ef21_fc60_sample_sleeves,0.05980686518806009,0.0001591707758458624,1.0010258662310085e-10,0.0,18,0,,,,,0.9999999998998976,1.0010268655658017e-10,,,,,,,,,,,,,,,
2014-06-30,2014-07-31,ft_med_ef21_fc60_sample_sleeves,0.05591191405063765,0.00015598447099202738,9.853493269152483e-11,0.0,18,0,,,,,0.9999999999984323,1.5680391013406236e-12,,,,,,,,,,,,,,,
2014-07-31,2014-08-29,ft_med_ef21_fc60_sample_sleeves,0.08583433083018431,0.0004091515883479757,1.5681624889959645e-12,0.0,18,0,,,,,0.9999999999999974,,,,,,,,,,,,,,,,
2014-08-29,2014-09-30,ft_med_ef21_fc60_sample_sleeves,0.06265856657180435,0.0001073981695727854,2.6289475708572953e-15,0.0,18,0,,,,,1.0,,,,,,,,,,,,,,,,
2014-09-30,2014-10-31,ft_med_ef21_fc60_sample_sleeves,0.05322504098373373,1.0674881180749956e-05,1.0,0.0,18,0,0.9999999999998888,,,,,,,,,,,,,,,,,,,,
2014-10-31,2014-11-28,ft_med_ef21_fc60_sample_sleeves,0.034681729367631746,0.00021603660707490596,1.143697190705942e-13,0.0,18,0,1.0,,,,,,,,,,,,,,,,,,,,
2014-11-28,2014-12-31,ft_med_ef21_fc60_sample_sleeves,0.03464310386836612,0.00022235081580129133,4.715725583825532e-10,0.0,18,0,0.9999999995284298,,,,,4.715703374666425e-10,,,,,,,,,,,,,,,
2014-12-31,2015-01-30,ft_med_ef21_fc60_sample_sleeves,0.03423804369108282,0.00020994527563209498,4.715704413416729e-10,0.0,18,0,1.0,,,,,,,,,,,,,,,,,,,,
2015-01-30,2015-02-27,ft_med_ef21_fc60_sample_sleeves,0.027940859285462184,0.0002814941981255061,0.9999999999999988,0.0,18,0,,,,,,,0.9999999999999988,,,,,,,,,,,,,,
2015-02-27,2015-03-31,ft_med_ef21_fc60_sample_sleeves,0.02632430226121312,0.0003465566049431185,2.8703182313188315e-15,0.0,18,0,,,,,,,0.9999999999999959,,,,,,,,,,,,,,
2015-03-31,2015-04-30,ft_med_ef21_fc60_sample_sleeves,0.02076602977025683,0.0007593085158995361,5.592309433136637e-14,0.0,18,0,,,,,,,0.9999999999999442,,,,,,,,,,,,,,
2015-04-30,2015-05-29,ft_med_ef21_fc60_sample_sleeves,0.0154951700146094,0.00044958965893057576,0.9999999999999442,0.0,18,0,0.9999999999998354,,,,,,,,,,,,,,,,,,,,
2015-05-29,2015-06-30,ft_med_ef21_fc60_sample_sleeves,0.0247677894433218,0.003218780736466941,0.999999999999826,0.0,18,0,,,,,,,,0.999999999999991,,,,,,,,,,,,,
2015-06-30,2015-07-31,ft_med_ef21_fc60_sample_sleeves,0.013380520300239852,0.00044536442053018306,0.9999999999999867,0.0,18,0,0.999999999999996,,,,,,,,,,,,,,,,,,,,
2015-07-31,2015-08-31,ft_med_ef21_fc60_sample_sleeves,0.013791821378620946,0.0006666701295991712,0.9999999999999969,0.0,19,0,,,,,,,,7.867699339247913e-10,,,,,,,,,,0.99999999921323,,,
2015-08-31,2015-09-30,ft_med_ef21_fc60_sample_sleeves,0.01659363903316506,0.0032229865300359107,1.1405055979599514e-10,0.0,19,0,,,,,,,,6.727205754258891e-10,,,,,,,,,,0.9999999993272796,,,
2015-09-30,2015-10-30,ft_med_ef21_fc60_sample_sleeves,0.013707719653578084,0.0016410141175548514,6.727207114286749e-10,0.0,19,0,,,,,,,,,,,,,,,,,,0.9999999999999994,,,
2015-10-30,2015-11-30,ft_med_ef21_fc60_sample_sleeves,0.013203208249246307,0.001621534895602578,6.179430058323641e-16,0.0,19,0,,,,,,,,,,,,,,,,,,1.0,,,
2015-11-30,2015-12-31,ft_med_ef21_fc60_sample_sleeves,0.01935289438757881,0.0020212200602095142,9.975080104280056e-16,0.0,19,0,,,,,,,,,,,,,,,,,,0.9999999999999997,,,
2015-12-31,2016-01-29,ft_med_ef21_fc60_sample_sleeves,0.022036187382253766,0.0015785062943566152,9.657736478105848e-16,0.0,19,0,,,,,,,,,,,,,,,,,,1.0,,,
2016-01-29,2016-02-29,ft_med_ef21_fc60_sample_sleeves,0.027456219325834013,0.001856913472092809,3.489331916502417e-18,0.0,19,0,,,,,,,,,,,,,,,,,,1.0,,,
2016-02-29,2016-03-31,ft_med_ef21_fc60_sample_sleeves,0.029347170346230873,0.0020442530702430945,1.2797291878867071e-12,0.0,19,0,,,,,,,,,1.2796355229778567e-12,,,,,,,,,0.9999999999987202,,,
2016-03-31,2016-04-29,ft_med_ef21_fc60_sample_sleeves,0.02231322914957231,0.0019503014325969433,1.2795639841820297e-12,0.0,19,0,,,,,,,,,,,,,,,,,,0.9999999999999999,,,
2016-04-29,2016-05-31,ft_med_ef21_fc60_sample_sleeves,0.011442311353151383,0.0010992807799524542,4.820445022473881e-12,0.0,19,0,,,,,,,,,,,,,,4.820405979699765e-12,,,,0.9999999999951796,,,
2016-05-31,2016-06-30,ft_med_ef21_fc60_sample_sleeves,0.011611449244283822,0.0011124924924531333,4.820750671481148e-12,0.0,19,0,,,,,,,,,,,,,,,,,,0.9999999999999999,,,
2016-06-30,2016-07-29,ft_med_ef21_fc60_sample_sleeves,0.009220537732311311,0.000402031439692025,4.16822749055694e-12,0.0,19,0,,,,,,,,,,,,,,4.167837795782526e-12,,,,0.9999999999958321,,,
2016-07-29,2016-08-31,ft_med_ef21_fc60_sample_sleeves,0.00811469558090796,0.000301560269564114,0.11399343395199413,0.0,19,0,,,,,,,,,,,,,,0.11399343395616182,,,,0.886006566043838,,,
2016-08-31,2016-09-30,ft_med_ef21_fc60_sample_sleeves,0.0074607598306255015,0.0005214204667663019,0.9999999999999976,0.0,19,0,,,,,,,0.9999999999999976,,,,,,,,,,,,,,
2016-09-30,2016-10-31,ft_med_ef21_fc60_sample_sleeves,0.0058852959967871385,0.0005875198390659752,0.9999999999999976,1.1102230246251565e-16,19,0,,,,,,,,,,,,,,0.22376644473667803,0.01194831289536946,,,0.7642852423679524,,,
2016-10-31,2016-11-30,ft_med_ef21_fc60_sample_sleeves,0.010080886417901306,0.0019753827624263186,0.23571475763204763,0.0,19,0,,,,,,,,,,,,,,,,,,1.0,,,
2016-11-30,2016-12-30,ft_med_ef21_fc60_sample_sleeves,0.010909025447732376,0.0027958523623021693,1.0,0.0,19,0,,,,1.0,,,,,,,,,,,,,,,,,
2016-12-30,2017-01-31,ft_med_ef21_fc60_sample_sleeves,0.012515662433574583,0.002201465314972571,3.1926534522540143e-16,0.0,19,0,,,,0.9999999999999997,,,,,,,,,,,,,,,,,
2017-01-31,2017-02-28,ft_med_ef21_fc60_sample_sleeves,0.00944366431271093,0.0014797576731375365,0.2397553524353802,0.0,19,0,,,,0.7602446475646195,,,,,,,,,,,,,,0.23975535243538057,,,
2017-02-28,2017-03-31,ft_med_ef21_fc60_sample_sleeves,0.009692756990292432,0.000989901101902661,0.1693507737008717,0.0,19,0,,,,0.5908938738637478,,,,,,,,,,,,,,0.40910612613625225,,,
2017-03-31,2017-04-28,ft_med_ef21_fc60_sample_sleeves,0.00980378876450997,0.00045050789093620025,0.005730744279143709,0.0,19,0,,,,0.5966246181428914,,,,,,,,,,,,,,0.4033753818571086,,,
2017-04-28,2017-05-31,ft_med_ef21_fc60_sample_sleeves,0.007841001993711681,0.00028154465968733877,0.3875966044548145,0.0,19,0,,,,0.26796905782320574,,,,,,,,,,0.056162402264109096,0.03142708808137871,,,0.34443433772197984,0.3000071141093266,,
2017-05-31,2017-06-30,ft_med_ef21_fc60_sample_sleeves,0.007736111104757654,0.000435550230257241,0.3007028702132894,0.0,19,0,0.01655375982315184,,,0.07099025834340125,,,,,,,,0.028268117683234374,0.14260240793853737,0.06323478503541234,0.13763329007844138,,,0.3033109174512435,0.23740646364657814,,
2017-06-30,2017-07-31,ft_med_ef21_fc60_sample_sleeves,0.008686023427080088,0.00020059156295354315,0.2333533113061851,0.0,19,0,0.07965232714332816,,,0.12016727237330697,,,,,,0.03472545419344579,,0.039779693116485444,0.14701295133902026,0.12447519438184562,0.03807885928970674,,,0.16951203693379302,0.2465962112290681,,
2017-07-31,2017-08-31,ft_med_ef21_fc60_sample_sleeves,0.007509418085180617,4.9014168801182385e-05,0.07400179831572838,0.0,19,0,0.10816072369452173,,,0.11471479224806684,,,,,,0.04561115205450118,,0.02958160437962722,0.14602211147696717,0.10125108141536326,0.042141894260322894,,,0.16692900505113367,0.21504296648663293,0.030544668932863294,
2017-08-31,2017-09-29,ft_med_ef21_fc60_sample_sleeves,0.007012282283648208,0.00023570439332866916,0.19863628178683562,0.0,19,0,0.13218716907067726,,,0.004465433884436713,,,,,0.005221291243767918,0.06301069096442011,,0.08133501541742708,0.08262795974187484,0.11463930585353237,0.055868318669719426,0.0017648381317444963,,0.14274134781790113,0.2863990747265161,0.02973955447798269,
2017-09-29,2017-10-31,ft_med_ef21_fc60_sample_sleeves,0.007054552987424592,0.0007792791499730905,0.38361990466008355,0.0,19,0,0.05120666153757548,0.05580744956626243,,0.1179099474840091,,,,,0.07667808185070121,0.015029418172153206,,0.10281042379193489,0.058600528371034716,0.126960884650287,0.08750671983431124,0.0792406006832057,,0.03516160009598471,0.19308768396254047,,
2017-10-31,2017-11-30,ft_med_ef21_fc60_sample_sleeves,0.010216845366924632,0.0011026145478219927,0.3563693024538527,0.04045123874759782,19,0,0.13446120377102527,0.11215138793174319,0.04045123874759782,0.03906269934550768,,0.002254681908811135,,0.048019126768679844,0.006439946792368392,0.0870560496319735,,0.055047750301482394,0.07715688500389857,0.06543283143889789,0.06988271308054317,0.0245840356497922,0.022257555253535347,0.04836683117959848,0.16737506319454515,,
2017-11-30,2017-12-29,ft_med_ef21_fc60_sample_sleeves,0.012933161245992976,0.0010219971183929857,0.24200888072173965,0.0,19,0,0.17541836050469306,0.2093475840612893,,0.010844443479932716,,,0.01600114219663066,0.02347198355523563,,0.12156796037093945,,0.0268607222467615,0.09370271041965152,0.03803617137407526,0.04725546863147639,,0.03257480688101187,0.0748462290592982,0.13007241721900453,,
2017-12-29,2018-01-31,ft_med_ef21_fc60_sample_sleeves,0.010509982383322056,0.001118181240359378,0.19800940037461986,1.1102230246251565e-16,19,0,0.15283177745363877,0.21121226134364227,,0.018738778956973075,0.030585514033936726,0.033175744957779925,,,,0.14108390651610514,,0.017611463033035544,0.062041844484570466,0.029416098348191606,0.054498126466403674,0.03154051098170138,0.007456701059436674,0.051246505480610126,0.09237075322225911,0.06619001366171536,
2018-01-31,2018-02-28,ft_med_ef21_fc60_sample_sleeves,0.012668614170503698,0.0008521704574200079,0.12752230071763562,0.0,19,0,0.1837651836406782,0.23658362819265388,,0.023963646348729693,0.02262209040223318,0.03605163043861548,,,,0.13087784925810653,,,0.06023305518502936,0.038326226771321276,0.02455989634708602,,0.01653994396683544,0.0963699089590741,0.07490120724390886,0.055205733245727966,
2018-02-28,2018-03-29,ft_med_ef21_fc60_sample_sleeves,0.01791831916579755,0.00023207829401676632,0.9999999999999986,0.0,19,0,,,,,,,0.9999999999999986,,,,,,,,,,,,,,
2018-03-29,2018-04-30,ft_med_ef21_fc60_sample_sleeves,0.02476171967814083,0.0009942239608416166,6.77775161023732e-15,0.0,19,0,,,,,,,0.9999999999999996,,,,,,,,,,,,,,
2018-04-30,2018-05-31,ft_med_ef21_fc60_sample_sleeves,0.021745589567801808,0.000285986018972619,5.7149639766797114e-15,0.0,19,0,,,,,,,0.9999999999999997,,,,,,,,,,,,,,
2018-05-31,2018-06-29,ft_med_ef21_fc60_sample_sleeves,0.017784873575808872,0.0001246655388246707,3.384063769115732e-11,0.0,19,0,,,,,,,0.9999999999661596,,,,,,,,,,3.384037971718157e-11,,,,
2018-06-29,2018-07-31,ft_med_ef21_fc60_sample_sleeves,0.02277258935500499,0.00010108162150643326,1.9150829149225551e-10,0.0,19,0,,,,,,,0.9999999997746514,,,,,,,,,,2.2534861390116623e-10,,,,
2018-07-31,2018-08-31,ft_med_ef21_fc60_sample_sleeves,0.018590440707359376,0.0008310979900154965,0.4053311530602082,2.220446049250313e-16,19,0,0.22428372256112228,0.015458495397579123,,,,,0.5946688469397917,0.1655889351015066,,,,,,,,,,,,,
2018-08-31,2018-09-28,ft_med_ef21_fc60_sample_sleeves,0.021034035800456492,0.0012726766469013829,0.40533115297850086,0.0,19,0,,,,,,,0.9999999999182926,8.170759468323352e-11,,,,,,,,,,,,,
2018-09-28,2018-10-31,ft_med_ef21_fc60_sample_sleeves,0.03081231579379115,0.0014823881941264578,8.170335098080657e-11,0.0,19,0,,,,,,,0.9999999999999958,,,,,,,,,,,,,,
2018-10-31,2018-11-30,ft_med_ef21_fc60_sample_sleeves,0.038655536792266076,0.00026232628908971035,1.0000000000000002,0.0,19,0,,,,,,,,,,,,,,,,,,1.0,,,
2018-11-30,2018-12-31,ft_med_ef21_fc60_sample_sleeves,0.08107859540438087,0.0031994364241922976,1.0000000000000007,0.0,19,0,,,,,,,1.0,,,,,,,,,,,,,,
2018-12-31,2019-01-31,ft_med_ef21_fc60_sample_sleeves,0.016553065270855587,0.00031863993269827426,1.0000000000000007,0.0,19,0,1.7620611220126037e-10,,,,,,,,,,,,,,,,,0.9999999998237938,,,
2019-01-31,2019-02-28,ft_med_ef21_fc60_sample_sleeves,0.008023792577450282,0.0018207125194984483,0.260838228900109,0.0,19,0,0.1648536445495766,,,,,,,,,,,,0.09598458452673837,,,,,0.739161770923685,,,
2019-02-28,2019-03-29,ft_med_ef21_fc60_sample_sleeves,0.008956957032893249,0.001862191073818786,0.19580826326829573,0.0,19,0,0.02330194449003911,,,,,,0.1344550230827963,,,,,,0.15733782471223795,,,,,0.6849052077149269,,,
2019-03-29,2019-04-30,ft_med_ef21_fc60_sample_sleeves,0.00939451137536416,0.0015505167698849542,0.1577569675728353,0.0,19,0,,,,,,,,,,,,,0.23588271245294493,,,,,0.7641172875470551,,,
2019-04-30,2019-05-31,ft_med_ef21_fc60_sample_sleeves,0.011227825218062043,0.0014923132393206292,0.20902030127410154,0.0,19,0,,,,,,,,,,,,,0.026862411178843405,,,,,0.9731375888211566,,,
2019-05-31,2019-06-28,ft_med_ef21_fc60_sample_sleeves,0.00956953401371024,0.0012040710247194504,0.026862411178843394,0.0,19,0,,,,,,,,,,,,,,,,,,1.0,,,
2019-06-28,2019-07-31,ft_med_ef21_fc60_sample_sleeves,0.010280756252174164,0.0010313439599536035,0.16636583920519682,0.0,19,0,,,,,,,,,,,,,0.16636583920519665,,,,,0.8336341607948032,,,
2019-07-31,2019-08-30,ft_med_ef21_fc60_sample_sleeves,0.010773419875748688,0.000919076350728793,0.15560775907680335,0.0,19,0,,,,,,,,,,,,,0.010758080128393493,,,,,0.9892419198716066,,,
2019-08-30,2019-09-30,ft_med_ef21_fc60_sample_sleeves,0.010655481726098655,0.0009018149173135251,0.010758080128395908,0.0,19,0,1.0167868630395205e-10,,,,,,,,,,,,,,,,,0.9999999998983227,,,
2019-09-30,2019-10-31,ft_med_ef21_fc60_sample_sleeves,0.009305153010626318,0.0011266259664096526,0.04459419247322827,0.0,19,0,,,,,,,,,,,,,,0.04459419247322578,,,,0.9554058075267741,,,
2019-10-31,2019-11-29,ft_med_ef21_fc60_sample_sleeves,0.008049028304985016,0.0009315515478539681,0.036846979831275814,0.0,19,0,,,,,,,,,,,,,,0.007747212641950117,,,,0.9922527873580499,,,
2019-11-29,2019-12-31,ft_med_ef21_fc60_sample_sleeves,0.00865068064210273,0.0005229752888955467,0.49826133697050956,0.0,19,0,,,,,,,,,,,,0.04158964308495063,0.07866430488354892,0.38575460164396,,,,0.49399145038754033,,,
2019-12-31,2020-01-31,ft_med_ef21_fc60_sample_sleeves,0.009279383971774068,0.0004109778844197399,0.2033109455340759,0.0,19,0,,,,,,,,,,,,0.023534857501930316,0.22533765172791878,0.20381607300692556,0.056637598689705956,,,0.49067381907351937,,,
2020-01-31,2020-02-28,ft_med_ef21_fc60_sample_sleeves,0.010540558310473506,0.00012989719981732186,0.28197525041762483,0.0,19,0,,,,,,,,,,,,0.028244431964819246,,0.4622448056361735,,,,0.5095107623990074,,,
2020-02-28,2020-03-31,ft_med_ef21_fc60_sample_sleeves,0.010719426251271603,3.9911008775654965e-05,0.5377551943638268,0.0,19,0,,,,,,,,,,,,,,1.0,,,,,,,
2020-03-31,2020-04-30,ft_med_ef21_fc60_sample_sleeves,0.01247111908900306,0.0006645313865975827,9.284978562302156e-16,0.0,19,0,,,,,,,,,,,,,,0.9999999999999992,,,,,,,
2020-04-30,2020-05-29,ft_med_ef21_fc60_sample_sleeves,0.013925596255079204,0.00011413603292214521,2.1424322699034024e-15,0.0,19,0,,,,,,,,,,,,,,1.0,,,,,,,
2020-05-29,2020-06-30,ft_med_ef21_fc60_sample_sleeves,0.015521538899439451,0.0007570093451022622,3.6195957049743706e-15,0.0,19,0,,,,,,,,,,,,,,0.9999999999999987,,,,,,,
2020-06-30,2020-07-31,ft_med_ef21_fc60_sample_sleeves,0.012736543071141655,0.0005576201775662602,2.420958664304994e-15,0.0,19,0,,,,,,,,,,,,,,0.9999999999999997,,,,,,,
2020-07-31,2020-08-31,ft_med_ef21_fc60_sample_sleeves,0.014924598540696409,0.0005939214731116433,1.0000000000000007,0.0,19,0,,,,,,,,0.9999999999999999,,,,,,,,,,,,,
2020-08-31,2020-09-30,ft_med_ef21_fc60_sample_sleeves,0.014595815898462415,0.0004522748850468939,1.0,0.0,19,0,0.9063995762775564,,,,,,,,,,,,,0.09360042372244355,,,,,,,
2020-09-30,2020-10-30,ft_med_ef21_fc60_sample_sleeves,0.015167780468314638,0.00016974516126474983,0.4819373278456427,0.0,19,0,0.4244622484319138,,,,,,,0.25293822583019315,,,,,,0.322599525737893,,,,,,,
2020-10-30,2020-11-30,ft_med_ef21_fc60_sample_sleeves,0.013171026382203728,0.00029181706793793977,0.5078804355610747,0.0,19,0,0.17251025237263293,,,,,,,0.7608186613912677,,,,,,0.0666710862360995,,,,,,,
2020-11-30,2020-12-31,ft_med_ef21_fc60_sample_sleeves,0.012273388652469285,3.814341474471525e-05,0.5823768057789236,0.0,19,0,0.22069722690460833,,,,,,,0.17844185561234407,,,,0.06018281419768586,,0.5406781032853618,,,,,,,
2020-12-31,2021-01-29,ft_med_ef21_fc60_sample_sleeves,0.011741016483449676,0.00021852059319830733,0.21410933408157473,0.0,19,0,0.15645944662872768,,,,,,,0.23179258211317408,0.06606252735457212,,,0.08425937413523306,,0.3908065494796677,,0.07061952028862538,,,,,
2021-01-29,2021-02-26,ft_med_ef21_fc60_sample_sleeves,0.012433175439604262,0.0004655295632916843,0.29037925797482655,0.0,19,0,,,,,,,0.15032873551168482,0.3044338499088784,,,,0.016402090143706295,,0.4301780323269232,,0.09865729210880729,,,,,
2021-02-26,2021-03-31,ft_med_ef21_fc60_sample_sleeves,0.0164982049685957,0.002266782897498174,0.34914189094448034,0.0,19,0,0.1628518752189638,,,,,,0.2237996506296693,0.28892379570302834,0.11281910060753202,,,,,0.1535494682538898,,0.058056109586916774,,,,,
2021-03-31,2021-04-30,ft_med_ef21_fc60_sample_sleeves,0.02015100396584523,0.0029295201466139446,0.4484790443882596,0.0,19,0,0.12021598683708254,,,,,,0.5015195591883179,0.20750531814498865,,,,,,,,,0.1707591358296109,,,,
2021-04-30,2021-05-28,ft_med_ef21_fc60_sample_sleeves,0.020037434085371637,0.0017631646416281647,0.5925908033077734,0.0,19,0,0.5521593805180371,,,,,,0.0796878917101555,0.35887935092550804,,,0.009273376846299374,,,,,,,,,,
2021-05-28,2021-06-30,ft_med_ef21_fc60_sample_sleeves,0.019075562148730144,0.001819640866920172,0.36034035196989145,0.0,19,0,0.45157998938223076,,,,,,0.037874540298875804,0.14093174150270266,,,0.10782560522790856,,,,,0.09732879650387147,0.16445932708441072,,,,
2021-06-30,2021-07-30,ft_med_ef21_fc60_sample_sleeves,0.1291000112870453,0.02030143590868405,0.9999999999999999,0.0,20,0,,,,,,,,,,,,,,,,,,,,,1.0
2021-07-30,2021-08-31,ft_med_ef21_fc60_sample_sleeves,0.06556806354541381,0.004131973091927836,0.5404357676183446,0.0,20,0,0.5403580470843152,,,,,,,7.772053402929502e-05,,,,,,,,,,,,,0.4595642323816556
2021-08-31,2021-09-30,ft_med_ef21_fc60_sample_sleeves,0.07828214169438744,0.003849614272433814,0.04655295110247387,0.0,20,0,0.4938828165158707,,,,,,,,,,,,,,,,,,,,0.5061171834841294
2021-09-30,2021-10-29,ft_med_ef21_fc60_sample_sleeves,3.013610127044146,0.21958101887925024,0.49388281651583,0.0,20,0,,,,,,,,,,,,,,,,,,,,,0.9999999999999593
2021-10-29,2021-11-30,ft_med_ef21_fc60_sample_sleeves,11.961742623440209,0.6741850639648626,4.080363581926594e-14,0.0,20,0,,,,,,,,,,,,,,,,,,,,,1.0
2021-11-30,2021-12-31,ft_med_ef21_fc60_sample_sleeves,4.311760515173251,0.21417817453116342,9.311599795734462e-17,0.0,20,0,,,,,,,,,,,,,,,,,,,,,1.0
2021-12-31,2022-01-31,ft_med_ef21_fc60_sample_sleeves,0.03924457268448179,0.0013353454485633674,0.9329201587526941,0.0,20,0,0.3460504941093333,,,0.32879595521691946,0.13743885069794415,0.06659847223922027,,,,,0.03949498671032546,,,,,,0.014541399778951561,,,,0.06707984124730582
2022-01-31,2022-02-28,ft_med_ef21_fc60_sample_sleeves,0.03286429555273897,0.0003753967793041537,0.4271903661275051,0.0,20,0,,,,0.4276068548378478,0.15349348629470613,,,,,,0.290718246874359,,,,,,,,,,0.12818141199308708
2022-02-28,2022-03-31,ft_med_ef21_fc60_sample_sleeves,0.045516510497864295,0.0006791158689678563,0.4442117331690655,0.0,20,0,,,,0.6428964131329751,,,,,,,,,,,,,,,,,0.35710358686702537
2022-03-31,2022-04-29,ft_med_ef21_fc60_sample_sleeves,0.1475096586227706,0.0046590945710341,0.6428964131329744,0.0,20,0,,,,,,,,,,,,,,,,,,,,,0.9999999999999997
2022-04-29,2022-05-31,ft_med_ef21_fc60_sample_sleeves,-0.0012394053566253905,0.08965752434320488,1.0,0.7753546475655875,20,0,,,0.7753546475655875,,,,,,0.04218296310494727,,,0.055288329501659086,,0.05977457654896619,0.031123653607255525,,,,,0.036275829671584395,
2022-05-31,2022-06-30,ft_med_ef21_fc60_sample_sleeves,0.042468584586575736,0.24724292326960642,1.0,0.0,20,0,,,,0.5272734054868647,,,,,,,,,,,,,,,,,0.47272659451313537
2022-06-30,2022-07-29,ft_med_ef21_fc60_sample_sleeves,-0.002534583105404379,0.04609516987850784,1.0,0.5456951309885633,20,0,,,0.5456951309885633,,,,,,0.079513599558562,,,0.10797953012987346,,0.11564885980304264,0.06702933147755313,,,,,0.08413354804240544,
2022-07-29,2022-08-31,ft_med_ef21_fc60_sample_sleeves,0.012542800936381096,0.09385784620247696,0.7568391648455088,0.24316083515449116,20,0,,,0.24316083515449116,0.18735600868245403,0.06428804587117909,,,,,0.09970397458913116,0.40549113570274453,,,,,,,,,,
2022-08-31,2022-09-30,ft_med_ef21_fc60_sample_sleeves,-0.00276434534860781,0.037038666758812545,0.7568391648455088,0.6210837649161463,20,0,,,0.6210837649161463,,,,,,0.05591046177645508,,,0.07056882001711585,,0.08578032758946727,0.02927389455053633,,,,,0.1373827311502792,
2022-09-30,2022-10-31,ft_med_ef21_fc60_sample_sleeves,-0.00499224669881225,0.020205319029432862,0.09931195982980537,0.5246443678165718,20,0,,,0.5246443678165718,,,,,,0.05303789904622422,,,0.07861777238476227,,0.08933619314251692,0.04089974370264671,,,,,0.21346402390727812,
2022-10-31,2022-11-30,ft_med_ef21_fc60_sample_sleeves,-0.005158407187499412,0.02274423391673352,0.036240755418437035,0.49256098545094607,20,0,,,0.49256098545094607,,,,,,0.06295866042179897,,,0.09167298249428431,,0.10260097707585711,0.03723137444316912,,,,,0.21297502011394437,
2022-11-30,2022-12-30,ft_med_ef21_fc60_sample_sleeves,-0.00297326240644921,0.049778998451734155,0.08817947432195136,0.5477209504391307,20,0,,,0.5477209504391307,,,,,,0.07360359663471168,,,0.10702512200837763,,0.07373334253713801,0.029100848614704918,,,,,0.16179370615917638,0.007022433606760711
2022-12-30,2023-01-31,ft_med_ef21_fc60_sample_sleeves,-0.0024638618694481956,0.06203968701850173,0.10043200101894814,0.6401579352974488,20,0,,,0.6401579352974488,,,,,,0.0519864012087838,,,0.09569058550710971,,0.06568963048652827,0.027365554955403614,,,,,0.10409244277733504,0.015017449767390723
2023-01-31,2023-02-28,ft_med_ef21_fc60_sample_sleeves,0.005093637571354259,0.07344723436066286,0.9999999999999996,4.440892098500626e-16,20,0,,,,,,,,,,7.840463820747484e-07,0.9999992159536175,,,,,,,,,,
2023-02-28,2023-03-31,ft_med_ef21_fc60_sample_sleeves,0.0020804305329370767,0.02820707191857209,0.9999985833577166,0.0,20,0,,,,,,,,,,0.9999993674040986,6.32595901533609e-07,,,,,,,,,,
2023-03-31,2023-04-28,ft_med_ef21_fc60_sample_sleeves,0.0037713515541167417,0.040479058641924234,0.9999993674040986,2.8331424872796163e-08,20,0,,,2.8331424872796163e-08,,,,,,,,0.9999999716685751,,,,,,,,,,
2023-04-28,2023-05-31,ft_med_ef21_fc60_sample_sleeves,0.004300262631573546,0.03593648538372696,1.5444096934823823e-11,2.8346868963247118e-08,20,0,,,2.8346868963247118e-08,,,,,,,,0.999999971653131,,,,,,,,,,
2023-05-31,2023-06-30,ft_med_ef21_fc60_sample_sleeves,0.0024559376664952735,0.031782074350207155,9.6724466315919e-09,3.8019315584669755e-08,20,0,,,3.8019315584669755e-08,,,,,,,,0.9999999619806844,,,,,,,,,,
2023-06-30,2023-07-31,ft_med_ef21_fc60_sample_sleeves,0.005718682299883032,0.027908923361273385,0.8642312582870677,0.0,20,0,,,,,,,,,,0.8642312582870678,0.1357687417129323,,,,,,,,,,
2023-07-31,2023-08-31,ft_med_ef21_fc60_sample_sleeves,0.0055632696260558175,0.0434531721633963,0.13576861705749446,0.0,20,0,,,,,,,,,,0.9999998753445623,1.246554378256762e-07,,,,,,,,,,
2023-08-31,2023-09-29,ft_med_ef21_fc60_sample_sleeves,0.005666162895333285,0.0420633506757885,0.9999920331714832,0.0,20,0,,,,,,,,,,7.842173079622946e-06,0.999992157826921,,,,,,,,,,
2023-09-29,2023-10-31,ft_med_ef21_fc60_sample_sleeves,0.002695159712982134,0.020608038595971555,7.842173079835405e-06,4.415193732842937e-08,20,0,,,4.415193732842937e-08,,,,,,,,0.9999999558480627,,,,,,,,,,
2023-10-31,2023-11-30,ft_med_ef21_fc60_sample_sleeves,0.0019949970867843654,0.019542826541372748,0.7932980943186853,0.733680545278193,20,0,,,0.733680545278193,,,,,,,,0.20670186152937742,,,,,,,,,,0.05961759319242951
2023-11-30,2023-12-29,ft_med_ef21_fc60_sample_sleeves,0.005630109370660436,0.02687986474212687,0.516201573840884,0.4241808329666864,20,0,,,0.4241808329666864,,,,,,,,,,,,,,,0.4545380975818493,,,0.12128106945146407
2023-12-29,2024-01-31,ft_med_ef21_fc60_sample_sleeves,0.013318248527579688,0.037509691706461776,0.8787189305485361,0.0,20,0,,0.13074902648569467,,,,,,,,0.5533741483854857,,,,,,,,,,,0.3158768251288198
2024-01-31,2024-02-29,ft_med_ef21_fc60_sample_sleeves,0.029703068908230986,0.08051527674882898,0.6841231748711804,0.0,20,0,0.26613963871461366,,,,,,,,,,,,,,,,,0.07802106947790509,,,0.6558392918074814
2024-02-29,2024-03-28,ft_med_ef21_fc60_sample_sleeves,0.01650936427526168,0.05835587439993917,0.7398603004503366,0.6000704117985141,20,0,,,0.6000704117985141,,,,,,,,,,,,,,,0.21781095812972728,,,0.1821186300717584
2024-03-28,2024-04-30,ft_med_ef21_fc60_sample_sleeves,0.033998537593371694,0.1469436370019814,0.5056299534749527,0.09444045832356163,20,0,0.08735830580817315,0.1133538484792262,0.09444045832356163,,,,,,,0.013283175707275092,0.21185101610468396,,,,,,,0.2186772973518115,,,0.26103589822526846
2024-04-30,2024-05-31,ft_med_ef21_fc60_sample_sleeves,0.023487861289711563,0.08756070015605337,0.34077273617575515,2.220446049250313e-16,20,0,0.0377208113818581,0.20395832952896445,,,,,,,,,0.4514543599155185,,,,,,,0.03526568963320789,,,0.2716008095404508
2024-05-31,2024-06-28,ft_med_ef21_fc60_sample_sleeves,0.06783974571663692,0.28897227474511394,0.5244408609305848,0.0,20,0,,0.3076264274719579,,,,,,,,,,,,,,,,,,,0.6923735725280422
2024-06-28,2024-07-31,ft_med_ef21_fc60_sample_sleeves,0.058123686685615544,0.001172214961399033,0.4747039420529189,0.0,20,0,0.4747039420529188,0.017941407877297456,,,,,,,,,,,,,,,,,,,0.5073546500697838
2024-07-31,2024-08-30,ft_med_ef21_fc60_sample_sleeves,0.029280447765151228,6.654420175338317e-05,0.5798568977527113,0.0,20,0,0.24320616313907925,0.29883312758619507,,,,,,,,,,,,,,,,0.29896517804381373,,,0.15899553123091203
2024-08-30,2024-09-30,ft_med_ef21_fc60_sample_sleeves,0.03466112816910854,0.0003408469117017363,0.2988331275861952,0.0,20,0,0.26754656641989905,,,,,,,,,,,,,,,,,0.5019653086787157,,,0.23048812490138537
2024-09-30,2024-10-31,ft_med_ef21_fc60_sample_sleeves,0.033808462641175235,0.0009064634060943084,0.18764276082020992,0.0,20,0,0.4551893272401089,,,,,,,,,,,,,,,,,0.38710211747991413,,,0.15770855527997704
2024-10-31,2024-11-29,ft_med_ef21_fc60_sample_sleeves,0.03926879671914133,0.0008903250351614803,0.2936289628476108,0.0,20,0,0.5861726576424413,,,,,,,,,,,,,,,,,0.09347315463230346,,,0.3203541877252554
2024-11-29,2024-12-31,ft_med_ef21_fc60_sample_sleeves,0.030000669580334646,0.0006191832298770785,0.402793148438277,1.1102230246251565e-16,20,0,0.37470301729629585,,,,,,,,,,0.033127188308489916,,,,,,,0.35770300406922445,0.10543611069286583,,0.12903067963312387
2024-12-31,2025-01-31,ft_med_ef21_fc60_sample_sleeves,0.031248007808826007,0.0009319609334891714,0.4017454500241365,2.220446049250313e-16,20,0,0.7190267757162139,,,,,,,,,,,,,,,,,0.023528570644180836,0.07099228240226295,,0.1864523712373421
2025-01-31,2025-02-28,ft_med_ef21_fc60_sample_sleeves,0.029321767877745143,0.0009441319031976887,0.08748943076765604,0.0,20,0,0.6553381246114253,,,,,,,,,,0.056939750275396106,,,,,,,0.05297018358984237,0.07210034994886133,,0.16265159157447504
2025-02-28,2025-03-31,ft_med_ef21_fc60_sample_sleeves,0.019550566643361997,0.00043237599663972255,0.594860094115169,0.0,20,0,0.1258271091670522,,,,,,,,,,0.1636459225938684,,,,,,,0.264320340092804,0.3489041152425965,,0.09730251290367907
2025-03-31,2025-04-30,ft_med_ef21_fc60_sample_sleeves,0.01594474430176563,0.00038223972593234823,0.22471893920941696,0.0,20,0,,,,,,,,,,,0.367283594609592,,,,,,,0.21176305507896534,0.30256957021407044,,0.11838378009737242
2025-04-30,2025-05-30,ft_med_ef21_fc60_sample_sleeves,0.015274701647402038,0.0004269176648810499,0.2710352697749653,0.0,20,0,,0.04439688596371697,,,,,,,,,0.20744766472095383,,,,0.17523586816988748,0.02817808635345149,,0.11534477446570165,0.2877885109410069,,0.1416082093852816
2025-05-30,2025-06-30,ft_med_ef21_fc60_sample_sleeves,0.016464575499332165,0.0004266436019154442,0.23804967999873805,0.0,20,0,,0.2365953518791712,,,,,,,,,0.25285892520654774,,,,0.11487902981137801,0.02861803995114138,,0.0022989575463341983,0.2532011567973361,,0.11154853880809135
2025-06-30,2025-07-31,ft_med_ef21_fc60_sample_sleeves,0.014960722541187785,0.0005491351981445656,0.27931369746826684,0.0,20,0,0.10455139187859536,0.1316454680763367,,,,,,,0.02791633921882468,,0.3243367561009715,,,,0.09699905750019851,0.06451147610579347,,0.041773656868105184,0.15443698090452176,,0.05382887334665296
2025-07-31,2025-08-29,ft_med_ef21_fc60_sample_sleeves,0.014605927786847194,0.0006355075877066108,0.13693349037936628,0.0,20,0,0.20009098003494702,0.13486368991971062,,,,,,,0.03341675803247821,,0.25203255431902577,,,,0.09546329200994011,0.07218283870293926,,,0.1794408798733631,,0.032509007107596
2025-08-29,2025-09-30,ft_med_ef21_fc60_sample_sleeves,0.012902925782617874,0.0008740465507769213,0.0338641302889584,1.1102230246251565e-16,20,0,0.19128012108099898,0.16520421968960036,,,,,,,0.024008318714512877,,0.25002721137752565,,,,0.09241312233849631,0.07570643922200779,,,0.17353023338640386,,0.02783033419045413
2025-09-30,2025-10-31,ft_med_ef21_fc60_sample_sleeves,0.014523991717749124,0.0005627478769803848,0.22014886174532033,0.0,20,0,0.2611791191209217,0.18581701604068487,,,,,,,,,0.37781352707192667,,,,0.022608959021702988,,,,0.12290029289439766,,0.02968108585036623
2025-10-31,2025-11-28,ft_med_ef21_fc60_sample_sleeves,0.014049345199068693,0.0005418206203265639,0.0749211847164519,0.0,20,0,0.25349248573554123,0.21354016592088093,,,,,,,0.005609426113466713,,0.3631250790318671,,,,0.04785544293380067,0.01634212481069137,,,0.08572201133147897,,0.014313264122273031
2025-11-28,2025-12-31,ft_med_ef21_fc60_sample_sleeves,0.012586882698618898,0.0004761111664544277,0.10308718346746627,0.0,20,0,0.2062131938543279,0.17708130746009398,,,,,,,0.007418341831081039,,0.40449489301681013,,,,0.09034441031788519,0.011306355807498482,,,0.10314149771230337,,
2025-12-31,2026-01-30,ft_med_ef21_fc60_sample_sleeves,0.012414998526780126,0.00043526810261701693,0.1147251792281388,0.0,20,0,0.21201250416548498,0.24587678330206722,,,,,,,,,0.44462528609181856,,,,0.03976897768615285,,,,0.05771644875447642,,
2026-01-30,2026-02-27,ft_med_ef21_fc60_sample_sleeves,0.012862585183436017,0.00017985373878217007,0.2718901630394428,0.0,20,0,0.15983764250907984,0.18508376902213033,,,,,,,0.07942230910516511,,0.28570299898871776,0.0024112984361781106,,,0.11515473634705652,0.05819872157795374,,,0.07536195661442581,0.026181016093952503,0.012645551305340296
2026-02-27,2026-03-31,ft_med_ef21_fc60_sample_sleeves,0.011718415072252523,8.99888501942509e-05,0.07296114909067863,1.1102230246251565e-16,20,0,0.13613790127498304,0.16937059260482534,,,,,,,0.0938930307709595,,0.2620388185272136,0.026942925875168788,0.008806779859031071,,0.11188295687732397,0.06980736281898128,,,0.08250885239692006,0.032577499197293136,0.006033279797300184
2026-03-31,2026-04-30,ft_med_ef21_fc60_sample_sleeves,0.012655196261894014,0.00015103393872056446,0.3090796789498292,0.0,20,0,,0.1364014627159032,,,,,,,0.06475334153024143,,0.5149018171762548,,,,0.1002945147101657,0.03889005137242678,,,0.09735091870223739,,0.04740789379277076
2026-04-30,2026-05-29,ft_med_ef21_fc60_sample_sleeves,0.014822758509593179,0.00030325754629809674,0.09676204993810598,0.0,20,0,0.0087881220109455,0.1383793505712271,,,,,,,0.04821750822387714,,0.6006734440373435,,,,0.07344232669110781,0.02798528565504133,,,0.054881655806939114,,0.047632307003518774
2026-05-29,2026-06-30,ft_med_ef21_fc60_sample_sleeves,0.016009296556785145,0.0004093504368611132,0.11687216964722179,0.0,20,0,0.06823916742145682,0.1629662871940396,,,,,,,0.03133252278802495,,0.6288976268702695,,,,0.037158173999154866,0.019163909942563735,,,,,0.05224231178449062
2026-06-30,2026-07-31,ft_med_ef21_fc60_sample_sleeves,0.01761747179376012,0.000667844648672319,0.9999999999999979,0.0,20,0,,,,,,,,,,,,,,,,,0.9999999999999979,,,,
2026-07-31,2026-08-31,ft_med_ef21_fc60_sample_sleeves,0.015368610674395928,0.00045650247608874315,0.9999999999999977,0.0,20,0,0.10353132859698679,0.4339514838082926,,0.006233532357566996,,,,,0.012005111617681677,0.028102803543106188,0.3668475093587102,,,,0.03425366243743902,,,,0.015074568280216605,,
2026-08-31,2026-09-16,ft_med_ef21_fc60_sample_sleeves,0.033689732719433235,0.0023639658268331475,0.5660485161917045,0.0,20,0,,0.999999999999997,,,,,,,,,,,,,,,,,,,
