date,decision_date,trial_id,coef_r_mvp,coef_sigma_mvp,coef_u,fc_r_mvp,fc_sigma_mvp,fc_u,rhat_tp,sigmahat_tp,r_star,distance
2002-07-31,2002-06-28,ft_med_ef21_fc60_sample_sleeves,-0.012513099789430696,0.03959688624609109,0.28287186189237323,-0.012513099789430696,0.03959688624609109,0.28287186189237323,-0.0479574413448123,0.07751871841601106,-0.012513099383360704,0.05190728977902714
2002-08-30,2002-07-31,ft_med_ef21_fc60_sample_sleeves,-0.011986029420860833,0.038062463155656215,0.5071926694049362,-0.011986029420860833,0.038062463155656215,0.5071926694049362,-0.07329039575104314,0.09412018091355286,-0.01198602907682456,0.08307041045734061
2002-09-30,2002-08-30,ft_med_ef21_fc60_sample_sleeves,-0.011395390829076214,0.037909053161451024,0.3793020874247109,-0.011395390829076214,0.037909053161451024,0.3793020874247109,-0.059229961753008,0.08642692293655788,-0.011395390475008855,0.0681331776513044
2002-10-31,2002-09-30,ft_med_ef21_fc60_sample_sleeves,-0.01747435763026245,0.04255320340030166,0.3188386233904927,-0.01747435763026245,0.04255320340030166,0.3188386233904927,-0.050513915285412596,0.07234977172760748,-0.01747435714754131,0.044490986570648004
2002-11-29,2002-10-31,ft_med_ef21_fc60_sample_sleeves,-0.013891604594529258,0.04365774354470548,0.24112380604896302,-0.013891604594529258,0.04365774354470548,0.24112380604896302,-0.04697501311916634,0.08028206481845983,-0.013891604297415107,0.049354359969817276
2002-12-31,2002-11-29,ft_med_ef21_fc60_sample_sleeves,-0.010055433247319312,0.0454135449926869,0.17620067464126368,-0.010055433247319312,0.0454135449926869,0.17620067464126368,-0.04619455451227056,0.09733754810435209,-0.010055432905856221,0.06326245497626076
2003-01-31,2002-12-31,ft_med_ef21_fc60_sample_sleeves,-0.010092206804036417,0.04549155068339841,0.18495744616795234,-0.010092206804036417,0.04549155068339841,0.18495744616795234,-0.0480190905906962,0.09923037573864758,-0.01009220646403115,0.06577469010095108
2003-02-28,2003-01-31,ft_med_ef21_fc60_sample_sleeves,-0.015458921781900954,0.04286839236275773,0.1921138788332242,-0.015458921781900954,0.04286839236275773,0.1921138788332242,-0.03829670440668087,0.06747273250047436,-0.015458921448944911,0.033569895502326315
2003-03-31,2003-02-28,ft_med_ef21_fc60_sample_sleeves,-0.015947858772669174,0.042828527088684384,0.13450742971604812,-0.015947858772669174,0.042828527088684384,0.13450742971604812,-0.03141856611022865,0.060113931025923,-0.015947858298947307,0.02319758585403975
2003-04-30,2003-03-31,ft_med_ef21_fc60_sample_sleeves,-0.01507980238890278,0.04251253519343682,0.1146173584284003,-0.01507980238890278,0.04251253519343682,0.1146173584284003,-0.028816702922706397,0.058768055873669324,-0.015079802035584195,0.0212824904221307
2003-05-30,2003-04-30,ft_med_ef21_fc60_sample_sleeves,-0.010633263363435551,0.04621100845017294,0.08428682374502595,-0.010633263363435551,0.04621100845017294,0.08428682374502595,-0.027560419879290678,0.07439694044778429,-0.0023582947584264782,0.032237651718922074
2003-06-30,2003-05-30,ft_med_ef21_fc60_sample_sleeves,-0.006677577382164446,0.047878020423673374,0.07860446384380308,-0.008518911572101273,0.0470043471439069,0.11046226796505088,-0.03716767595026453,0.09818127620111186,0.0024628902580097595,0.056490922584774
2003-07-31,2003-06-30,ft_med_ef21_fc60_sample_sleeves,-6.0453154952378963e-05,0.044996188009769594,0.10503085643574547,-0.0017313226860083478,0.043313931605726046,0.2159572956600927,-0.2357470649689197,0.5054308469429459,0.00961127411991822,0.5138059857296814
2003-08-29,2003-07-31,ft_med_ef21_fc60_sample_sleeves,0.0003050811231985966,0.04509320660687725,0.10234401061238396,-0.0001329798055598637,0.04445316673026376,0.14416803438353976,-2.1424744392548485,5.642449518927414,0.010339031746710779,5.987904224291291
2003-09-30,2003-08-29,ft_med_ef21_fc60_sample_sleeves,0.0005772467958418908,0.044334728394608135,0.13671055735593723,-0.0001449782013971425,0.043739673113612154,0.17049588351167988,-2.2500400076367457,5.44903126031739,0.0089811949330067,5.852746619524895
2003-10-31,2003-09-30,ft_med_ef21_fc60_sample_sleeves,0.0011789427517589698,0.0443643666286285,0.07994288368062612,0.0008994361862058146,0.04437950308557276,0.11060891084131336,0.24310528706477486,0.7296161845622039,0.20976517608632747,0.034651780817763
2003-11-28,2003-10-31,ft_med_ef21_fc60_sample_sleeves,0.005050705139538985,0.04553917918273857,0.0831577906240772,0.005932679308190235,0.044990666867782615,0.09448310024538709,0.038169197110363776,0.11411783038930202,0.03548967354849812,0.0028085647731743452
2003-12-31,2003-11-28,ft_med_ef21_fc60_sample_sleeves,0.004818859379099867,0.04549307992361234,0.0865091723946335,0.00537937393800348,0.0450905356235765,0.0947017244022092,0.041172278381081596,0.12474466390140243,0.039180880822158475,0.0020882408865758252
2004-01-30,2003-12-31,ft_med_ef21_fc60_sample_sleeves,0.005980536618417041,0.04588566442095032,0.05278186838644976,0.006879598093832184,0.04571209860031216,0.06076837554464243,0.02533726817970184,0.08772624091434432,0.0233053181201093,0.002104147431307007
2004-02-27,2004-01-30,ft_med_ef21_fc60_sample_sleeves,0.007346620820001694,0.04553162652853938,0.02148217666503011,0.008206473235116703,0.04577356171274839,0.03579517519075154,0.017345445275416184,0.06654710310380893,0.014570774432949003,0.0028293672969255915
2004-03-31,2004-02-27,ft_med_ef21_fc60_sample_sleeves,0.00790067901068805,0.045585279287801164,0.02926561918936152,0.008601641973015843,0.04566730351184113,0.03821769873631237,0.01786767637835822,0.06581861310561224,0.01612013037897029,0.0017954786779154645
2004-04-30,2004-03-31,ft_med_ef21_fc60_sample_sleeves,0.012038257879593603,0.041259956503289674,0.03485349163987117,0.011285910772222926,0.04241133229040289,0.07741636676649333,0.023624343683241525,0.061361149279579495,0.02070074579583692,0.003013451773451075
2004-05-28,2004-04-30,ft_med_ef21_fc60_sample_sleeves,0.014457183400346817,0.03825326860170919,0.05550940045795111,0.014170981366403651,0.038010262341151436,0.10234597178979599,0.02460550341713374,0.050086078636002056,0.022363711188391467,0.0023805643387074886
2004-06-30,2004-05-28,ft_med_ef21_fc60_sample_sleeves,0.015268852910362328,0.038144332616733216,0.0632346838915932,0.015337827183628338,0.03789616602547532,0.08867694952933261,0.02364087336981296,0.04704842751369933,0.02241424916053593,0.001330865037596235
2004-07-30,2004-06-30,ft_med_ef21_fc60_sample_sleeves,0.018514063718378212,0.029663086440718328,0.06889111291873974,0.01931456460491947,0.026014179029416662,0.12554608364396538,0.023713407956840557,0.028824690301576906,0.021009638576709837,0.0035659228896413064
2004-08-31,2004-07-30,ft_med_ef21_fc60_sample_sleeves,0.004559552592699134,0.01671887902348676,0.23519411345559263,-0.011440531683501868,0.004699879737901508,0.44063088215387347,-0.01229128218576733,0.004871494716004002,0.00455955278356138,0.02059881438560822
2004-09-30,2004-08-31,ft_med_ef21_fc60_sample_sleeves,0.004600761230017858,0.016782925668048742,0.22064213401889732,-6.012770079434599e-05,0.013146966162147125,0.27640930929653146,-0.7946246298989552,1.511364641242847,0.01844977553393495,1.6863917117472118
2004-10-29,2004-09-30,ft_med_ef21_fc60_sample_sleeves,0.0056181798608569734,0.016499120330066758,0.24064913906017613,0.0028676876263719624,0.014072902301143478,0.2775094180447292,0.022032882059643485,0.039007975063237735,0.022172394497172513,0.0014516453759996057
2004-11-30,2004-10-29,ft_med_ef21_fc60_sample_sleeves,0.0074511910414724785,0.0164898073807293,0.29748498302655196,0.004872012413107505,0.0144064764341516,0.3263819914024041,0.018775807165207607,0.028281529191823186,0.019603966291619916,0.0010008119574048077
2004-12-31,2004-11-30,ft_med_ef21_fc60_sample_sleeves,0.007623573794019222,0.01657470686860072,0.5163732584982579,0.002514363158363727,0.015032873238614146,0.5448252805450189,0.05148246135130948,0.06802329173380349,0.05148246003759023,0.004778237657071915
2005-01-31,2004-12-31,ft_med_ef21_fc60_sample_sleeves,0.008731414458115197,0.016931682729135162,0.6148840812660868,0.005152129473296325,0.01616469425521756,0.6579909039928414,0.038523044177322344,0.04420123560517339,0.03852304333817886,0.0026066411325408215
2005-02-28,2005-01-31,ft_med_ef21_fc60_sample_sleeves,0.006946357492642417,0.01582204273281719,0.4136566477763794,0.00553175663383677,0.014856643973061016,0.4369826052974607,0.02296758222777617,0.030272397909472646,0.023335133280185334,0.00046100036978165054
2005-03-31,2005-02-28,ft_med_ef21_fc60_sample_sleeves,0.005940703693020044,0.01373541995631632,0.41465676519800154,0.004691953335833719,0.012835577355131307,0.4455011137851159,0.020335165182900922,0.026721597531911417,0.02056855483991227,0.0002920874908170109
2005-04-29,2005-03-31,ft_med_ef21_fc60_sample_sleeves,0.00488250619400015,0.013850412342463708,0.40032491153917843,0.003845456538462889,0.013246060651639035,0.43045785096933054,0.02348612227334381,0.03273545972815512,0.023486121753399283,0.00023364502421208393
2005-05-31,2005-04-29,ft_med_ef21_fc60_sample_sleeves,0.005637477537357543,0.01235194704062249,0.3372044117236595,0.005182131861572011,0.011425024135845844,0.383704535346179,0.014847151156105583,0.019338574657885164,0.014482738802972612,0.00045499626153772663
2005-06-30,2005-05-31,ft_med_ef21_fc60_sample_sleeves,0.007049789776934313,0.01325118742402229,0.27556404690177927,0.007105338749193342,0.012206685177818623,0.32328049844592815,0.01388472232467013,0.017063729163353403,0.01316131841425816,0.0009243033294827815
2005-07-29,2005-06-30,ft_med_ef21_fc60_sample_sleeves,0.006398915889030884,0.013164275022364946,0.3494339642484125,0.005938607066712353,0.012452657568587974,0.37663346016171567,0.015773245568815618,0.020294590038320005,0.015620777275685406,0.00019275355751831544
2005-08-31,2005-07-29,ft_med_ef21_fc60_sample_sleeves,0.006022146300929971,0.013011956413677058,0.3390422755435589,0.0056789871915725485,0.012417955437325006,0.3668352479477952,0.015639928100255527,0.020607818870532642,0.015439355703747085,0.00025039429893465814
2005-09-30,2005-08-31,ft_med_ef21_fc60_sample_sleeves,0.006097394052054185,0.012925006154153923,0.26390466407452245,0.006286609080138635,0.012294642212847741,0.30630309797546806,0.013651506860140876,0.018117487189916074,0.012971093907336133,0.0008361479648718968
2005-10-31,2005-09-30,ft_med_ef21_fc60_sample_sleeves,0.004751600106825133,0.011820292174419982,0.25483254007652634,0.004966215767307778,0.011417443933845079,0.2972614109668247,0.012769020266761409,0.018307746216496844,0.012096058753194399,0.0008027843178390258
2005-11-30,2005-10-31,ft_med_ef21_fc60_sample_sleeves,0.002808941734806969,0.012034908012936862,0.26762471862004655,0.0028406316228148532,0.012065309143108452,0.30235645248078125,0.018335262401305192,0.030653111164671724,0.017619037504439133,0.0008212948467538265
2005-12-30,2005-11-30,ft_med_ef21_fc60_sample_sleeves,0.003212943370639874,0.012202444206722576,0.23467029673089146,0.003431006464223024,0.012138199787341227,0.26996745746818024,0.015024076058420712,0.025400215428494334,0.014241574356414556,0.0008929051481699406
2006-01-31,2005-12-30,ft_med_ef21_fc60_sample_sleeves,0.0038847346194353658,0.01210538348002728,0.26871627551065624,0.003908412653448787,0.011949621075404123,0.2950722847757714,0.014688847439265122,0.023165825931853918,0.014275343589130615,0.0004834149163505026
2006-02-28,2006-01-31,ft_med_ef21_fc60_sample_sleeves,0.00635283183415255,0.01049289322374475,0.3979169471649653,0.005593995171853772,0.010000589905141022,0.39927846959573166,0.012732463583102418,0.015087622047981954,0.012989299809917882,0.0003439823010181451
2006-03-31,2006-02-28,ft_med_ef21_fc60_sample_sleeves,0.006476640622809498,0.010393407093320775,0.34571221191760554,0.006087457135950431,0.00984483737361901,0.35904027335011596,0.011803879933656202,0.013708911727677263,0.011764537425803311,5.289237633690268e-05
2006-04-28,2006-03-31,ft_med_ef21_fc60_sample_sleeves,0.005633788738705524,0.010547547952997005,0.35212948962537866,0.005252832928643354,0.010193454177102405,0.36293306832625066,0.012432027146661412,0.015681787188637036,0.01248552308210037,6.8632867952773e-05
2006-05-31,2006-04-28,ft_med_ef21_fc60_sample_sleeves,0.006154350831384797,0.010262333205857377,0.5216532938426386,0.004747859855892151,0.010041314500188572,0.4914778068861281,0.015185135657863162,0.017957710340596754,0.016079784582001603,0.001204478736509434
2006-06-30,2006-05-31,ft_med_ef21_fc60_sample_sleeves,0.003956587401733559,0.009969512309931327,0.43307776962456523,0.0032487490782631594,0.010040442862096625,0.4267187529886053,0.01649006958904343,0.022620699400081958,0.016490069259522684,0.001123810019667652
2006-07-31,2006-06-30,ft_med_ef21_fc60_sample_sleeves,0.004413972780169461,0.009963679275350853,0.3773798179977568,0.004081702183004633,0.009881939042016485,0.38602214610609786,0.013317092360972473,0.017849506758826128,0.013442706186108114,0.00015642929308071595
2006-08-31,2006-07-31,ft_med_ef21_fc60_sample_sleeves,0.005234362169014437,0.010529293370342668,0.37191939864119067,0.004900342439617376,0.0103005440062169,0.3797085040281174,0.013121712887734215,0.01685552221590054,0.013208310440616345,0.00010998584539863064
2006-09-29,2006-08-31,ft_med_ef21_fc60_sample_sleeves,0.0060179602901370656,0.010895777576485247,0.3177118363687986,0.005990967379371517,0.010472541581228532,0.3389060605660509,0.012195178491149266,0.014941620324272941,0.011946157891994876,0.0003207148341134268
2006-10-31,2006-09-29,ft_med_ef21_fc60_sample_sleeves,0.0061678786348663035,0.01048668929271577,0.2335247431174441,0.006682138349233504,0.009958946142084767,0.27679963081187675,0.010790577042885526,0.012655461502841685,0.010065755623265527,0.0009248910459555733
2006-11-30,2006-10-31,ft_med_ef21_fc60_sample_sleeves,0.007549017123501317,0.010462852433877429,0.3981769575558403,0.006909235415502493,0.009895913135086275,0.3932512120831942,0.012483041153750731,0.013301514137324702,0.012603236873682776,0.00017324896283628914
2006-12-29,2006-11-30,ft_med_ef21_fc60_sample_sleeves,0.008046469707749398,0.010669441008944488,0.3521519176919659,0.007700509489851905,0.009986943095574626,0.3606615977293375,0.012371893743931774,0.012658753288948632,0.012241499962039335,0.00019138732580304093
2007-01-31,2006-12-29,ft_med_ef21_fc60_sample_sleeves,0.008628071458414537,0.010309149240093508,0.36886524208748095,0.008166710389024482,0.00957218585734085,0.3725054030003462,0.012346050032655596,0.011769325154568874,0.01223839527781211,0.00016947562342251802
2007-02-28,2007-01-31,ft_med_ef21_fc60_sample_sleeves,0.008828157071676845,0.010725982820126547,0.45672221060002777,0.007791596904718938,0.010079099795927186,0.43187748840537754,0.013422493877761718,0.013228942060851456,0.013684592424858462,0.00041227385140084653
2007-03-30,2007-02-28,ft_med_ef21_fc60_sample_sleeves,0.007890742367797979,0.010544297413642538,0.49711891403523684,0.006698828382307677,0.010153733068314786,0.46381192405780086,0.013837124207374835,0.014593156362295032,0.01438766454621372,0.000806886005580923
2007-04-30,2007-03-30,ft_med_ef21_fc60_sample_sleeves,0.007599139084856838,0.010600114475254026,0.5239565225273743,0.00633406980672503,0.010328484622625563,0.4865501097810355,0.014528484605975901,0.015642470454880254,0.015215937730526508,0.0009856401058104594
2007-05-31,2007-04-30,ft_med_ef21_fc60_sample_sleeves,0.008285187966887592,0.010820625531325965,0.5339681079160961,0.0070555986973904646,0.010473533627377638,0.496803954777117,0.01477951636573906,0.015158506249266743,0.015361328383838883,0.0008631013216869647
2007-06-29,2007-05-31,ft_med_ef21_fc60_sample_sleeves,0.007960930290396491,0.010869789188680926,0.5860245383637008,0.006689143833833261,0.010688013580327942,0.5422326907275841,0.0159491048143609,0.016503645477237518,0.01667290725487367,0.0010540311113144613
2007-07-31,2007-06-29,ft_med_ef21_fc60_sample_sleeves,0.006297156337105905,0.011168167803692206,0.38467740526301547,0.006108428553662441,0.010959556861489559,0.3887614948681293,0.01375276394629578,0.01644459716855874,0.013770723588032349,2.3520475964551028e-05
2007-08-31,2007-07-31,ft_med_ef21_fc60_sample_sleeves,0.007262728836752795,0.010600274040996976,0.26722114878242925,0.007604734400438539,0.009848315095269695,0.311588134777392,0.011578669145841136,0.012152041169211803,0.010929885162843577,0.0008857428059950854
2007-09-28,2007-08-31,ft_med_ef21_fc60_sample_sleeves,0.007297486908200479,0.010622495826124241,0.19752869955331012,0.007537175685225688,0.009840610625667264,0.2600309471849377,0.010878052752397577,0.011822064078580444,0.01016689832040317,0.0009359858109755429
2007-10-31,2007-09-28,ft_med_ef21_fc60_sample_sleeves,0.007273013983826409,0.010707465048358036,0.2216954532701695,0.007476772651666681,0.009989799389465686,0.2729661692465555,0.011120183808451381,0.012183039783216458,0.01050545394137104,0.0008157606466245715
2007-11-30,2007-10-31,ft_med_ef21_fc60_sample_sleeves,0.0071578502019124845,0.010455931814284305,0.2514482504828999,0.007318890076734997,0.00986921085918074,0.29205142881422863,0.011205571697490105,0.012211719638753756,0.010722001551956444,0.0006479817022621153
2007-12-31,2007-11-30,ft_med_ef21_fc60_sample_sleeves,0.007205523171023105,0.010583748258102299,0.24063523651925076,0.007345132761471509,0.009981686670749066,0.28251308276717385,0.011177320529539939,0.012313257471738682,0.010687988180640496,0.0006520206127921955
2008-01-31,2007-12-31,ft_med_ef21_fc60_sample_sleeves,0.007065868828630772,0.010659609114995222,0.26035695968401423,0.006996645666983375,0.01008112697124186,0.295714851048291,0.011292024025722982,0.012807077608057419,0.010954257997339284,0.0004493409763466381
2008-02-29,2008-01-31,ft_med_ef21_fc60_sample_sleeves,0.006942065767420916,0.011013821388882506,0.19377515827813677,0.006885003550701573,0.010268042752403327,0.2432535655858964,0.01061003876579197,0.012746591542531329,0.01010645901363196,0.0006465951201516204
2008-03-31,2008-02-29,ft_med_ef21_fc60_sample_sleeves,0.007497578855739448,0.010626223274986099,0.2216523540769918,0.007287156458941458,0.009811477238145495,0.26335943104625054,0.010766197744066766,0.011925772757837823,0.010392496539158013,0.0005128848724845166
2008-04-30,2008-03-31,ft_med_ef21_fc60_sample_sleeves,0.007592121521590703,0.010599986347817284,0.19843697335750005,0.0073771187488044145,0.009738422665707703,0.24320845558536808,0.010503695795178118,0.01162027217306509,0.010100649451477952,0.0005557859297033798
2008-05-30,2008-04-30,ft_med_ef21_fc60_sample_sleeves,0.006953085646366846,0.010840143808780775,0.15245104925663538,0.006937275469326198,0.01012661682965231,0.20173685990323864,0.009919395167993823,0.012109117781211338,0.009396803066967552,0.0006630497908251707
2008-06-30,2008-05-30,ft_med_ef21_fc60_sample_sleeves,0.005788888271914333,0.01062803445494759,0.20975934327514975,0.0059984191768820885,0.010528972427982312,0.24233279182067163,0.010477071514622934,0.01391513861260288,0.010090070083256467,0.00047055309302639916
2008-07-31,2008-06-30,ft_med_ef21_fc60_sample_sleeves,0.0053349416116177115,0.011541580803783003,0.3356401211488655,0.005633017096286761,0.011907004292566201,0.33490267195296763,0.014062143440809458,0.018812986218420917,0.013984006010031559,9.68476835894386e-05
2008-08-29,2008-07-31,ft_med_ef21_fc60_sample_sleeves,0.0043970101343892305,0.011211072146916998,0.23083600438535173,0.0050750494141823576,0.011857945679046196,0.2519448053809728,0.012055509470500386,0.018276040138594577,0.011524996762356935,0.0006192816968103998
2008-09-30,2008-08-29,ft_med_ef21_fc60_sample_sleeves,0.0038451237148264504,0.010953351812468157,0.16367913925263108,0.004729348960767539,0.01172757007486168,0.1960255754499179,0.010430039296559206,0.017416076709921523,0.009554632466098062,0.0009835306049421984
2008-10-31,2008-09-30,ft_med_ef21_fc60_sample_sleeves,0.003922353700873327,0.012011701121088637,0.298013505660296,0.004852997588198259,0.013070699403103184,0.29559408932124426,0.015258985669631075,0.023176968035192484,0.014891810677488918,0.00043514555290102586
2008-11-28,2008-10-31,ft_med_ef21_fc60_sample_sleeves,-0.0017731462207385216,0.026485973896514726,0.2339362442284211,0.002545025816842631,0.031238785667484458,0.17060375083225432,0.06796112899595232,0.1614278043377524,0.06796112794853908,0.014837688981336453
2008-12-31,2008-11-28,ft_med_ef21_fc60_sample_sleeves,-0.001018242826990297,0.025807176375454252,0.28765197120666103,0.00245121704141374,0.028742833135241716,0.24528123699569956,0.08512003115525275,0.16937705481550736,0.08512002857512556,0.006710580626375775
2009-01-30,2008-12-31,ft_med_ef21_fc60_sample_sleeves,0.001740957914522579,0.02730922916542626,0.2993956863452811,0.004414492446954849,0.02838481375830402,0.27445999806224763,0.054506723590063214,0.09974030653703463,0.054297943501507955,0.0002401971422345999
2009-02-27,2009-01-30,ft_med_ef21_fc60_sample_sleeves,-0.00044976873899503543,0.02685821423065186,0.4135154862961149,0.0023553766805350443,0.02829708750007148,0.3842869676671392,0.1329961555390838,0.21263321014382625,0.13299615154193548,0.003382629297761427
2009-03-31,2009-02-27,ft_med_ef21_fc60_sample_sleeves,4.422968625282084e-05,0.02652404975695182,0.6212531472956659,0.0017430767838653004,0.02755747583952411,0.6080562061888684,0.2666577888909,0.34084608725989407,0.2666577848934465,0.0015498746042412119
2009-04-30,2009-03-31,ft_med_ef21_fc60_sample_sleeves,0.003542166382600951,0.026958080186542364,0.4289871393440476,0.004369577696388377,0.026156834141464913,0.4208499322233055,0.07026544109085701,0.10489054307358223,0.07003877924820298,0.0002738040929877548
2009-05-29,2009-04-30,ft_med_ef21_fc60_sample_sleeves,0.004568434973435591,0.02309281089071764,0.27385492007052215,0.00459768496703402,0.021437326295532712,0.30220405969692576,0.03480431808465019,0.058981739656849594,0.03341721128079584,0.0015948167828375532
2009-06-30,2009-05-29,ft_med_ef21_fc60_sample_sleeves,0.0036136834189157306,0.02252385705333616,0.19441356227658574,0.002657599148194832,0.021120781823052496,0.25513243301288185,0.04548248118780356,0.08737502774534213,0.041636575069733145,0.004226433174971974
2009-07-31,2009-06-30,ft_med_ef21_fc60_sample_sleeves,0.002923351316198788,0.022430684892465295,0.21175198863787648,0.00322438775999923,0.021965781399830384,0.2593993931166987,0.04204076557101287,0.07931554875961308,0.0386988753154122,0.0037053993578045528
2009-08-31,2009-07-31,ft_med_ef21_fc60_sample_sleeves,0.0030451510881526326,0.021981989688599452,0.15657365083166416,0.003272429094481884,0.02153892196805533,0.21449918296043183,0.03368151201248942,0.06910104735487992,0.029664616159038804,0.004351044272581154
2009-09-30,2009-08-31,ft_med_ef21_fc60_sample_sleeves,0.0027973729490070693,0.022064900608714834,0.11658056684701529,0.002920533723687755,0.021753521227351195,0.1767854219048584,0.031565172881813576,0.07151588862305822,0.02665473692923417,0.00521571990016318
2009-10-30,2009-09-30,ft_med_ef21_fc60_sample_sleeves,0.003166796781082143,0.02205767041327366,0.10489123466587294,0.003121427639310696,0.021644423977112887,0.15869785664520414,0.026939677921511775,0.06358659890337438,0.022954881450135516,0.004214403819297904
2009-11-30,2009-10-30,ft_med_ef21_fc60_sample_sleeves,0.003166327583397725,0.019362259193116026,0.08346473335036912,0.003115708217213347,0.01911481562546315,0.12756507209928994,0.01807514441465524,0.04603971339550046,0.015494133254753597,0.0027077866595943186
2009-12-31,2009-11-30,ft_med_ef21_fc60_sample_sleeves,0.004322668643759994,0.019439882443367123,0.05553087390620547,0.004132291546504509,0.018779904232539335,0.09444105855267106,0.012192692356646466,0.032258762552772116,0.0105320758049975,0.0017303553986375137
2010-01-29,2009-12-31,ft_med_ef21_fc60_sample_sleeves,0.003403544826322598,0.019755228196162294,0.06421808441978152,0.003290505605575313,0.01951641799932393,0.0997375135130658,0.014835563744981128,0.04144010247457913,0.012802823434844051,0.0021148663115498276
2010-02-26,2010-01-29,ft_med_ef21_fc60_sample_sleeves,0.0037296658519364854,0.01956832115851056,0.08025030827761175,0.003617482411080924,0.019244696089427096,0.10975922803062506,0.014854646689962418,0.03899770111557884,0.01343683380818328,0.0014913483245793105
2010-03-31,2010-02-26,ft_med_ef21_fc60_sample_sleeves,0.004266922093692321,0.019535684518121862,0.07555438065729406,0.004097185735813387,0.019039904041681557,0.10045416637450315,0.012985344682213665,0.03389601711202371,0.011992427380538632,0.0010470720477783026
2010-04-30,2010-03-31,ft_med_ef21_fc60_sample_sleeves,0.004062467873416366,0.019930942882900374,0.06331692479703108,0.003913949633068499,0.019488472701261268,0.08701700964384272,0.012357877840265616,0.034629174408155806,0.011288740111016637,0.0011181640133217056
2010-05-28,2010-04-30,ft_med_ef21_fc60_sample_sleeves,0.004555262836436682,0.02021867047769992,0.061968444411024885,0.00437241195032942,0.01959671409343106,0.07968317543514797,0.01137102646550714,0.03160258116376859,0.010674082790463304,0.000732254432293595
2010-06-30,2010-05-28,ft_med_ef21_fc60_sample_sleeves,0.004536616568555551,0.019488376889371425,0.06289457757629113,0.004380247757402691,0.01898928621876731,0.07943206891313254,0.010919295068163484,0.029981724110700325,0.010315805354867131,0.0006352075738144834
2010-07-30,2010-06-30,ft_med_ef21_fc60_sample_sleeves,0.005349342321568875,0.02095440666612717,0.06808985680027445,0.005154074736094412,0.020043418511321725,0.07035842206913652,0.010638220238467395,0.028795917950149068,0.010520300282552115,0.00012613701774760508
2010-08-31,2010-07-30,ft_med_ef21_fc60_sample_sleeves,0.008965618592840915,0.0141103988482218,0.23208679077595046,0.0086611154621327,0.01250783178758114,0.22161875113435078,0.012664218224624147,0.015124614379359018,0.0122088384387841,0.0006833245296017051
2010-09-30,2010-08-31,ft_med_ef21_fc60_sample_sleeves,0.008491444545033896,0.013994402743848954,0.31077917633525687,0.008252308662940045,0.012831064922990833,0.2974456189988675,0.014186444971586066,0.016823322080626778,0.01393694285095322,0.0003482906927913116
2010-10-29,2010-09-30,ft_med_ef21_fc60_sample_sleeves,0.007219779286305952,0.012627247328949527,0.3673934101320238,0.007013808090527145,0.012290414026241151,0.3532809272749115,0.014622313247235931,0.017745883067875126,0.014710998792829472,0.00011735019874173297
2010-11-30,2010-10-29,ft_med_ef21_fc60_sample_sleeves,0.007291936554842756,0.012329378668961175,0.3131500548110918,0.007077571329092721,0.012000884033447935,0.3078013637356194,0.01334100904212302,0.016476518521330828,0.013380243491450672,5.138522800700701e-05
2010-12-31,2010-11-30,ft_med_ef21_fc60_sample_sleeves,0.007979894314602227,0.011493721107950054,0.3916086851024864,0.007720086084961716,0.01099740400413965,0.37465183562950055,0.013589383014534722,0.014590795744767762,0.013596826043528383,1.0614460585591353e-05
2011-01-31,2010-12-31,ft_med_ef21_fc60_sample_sleeves,0.006993289104001954,0.011418790944155753,0.4345289474223467,0.006785119467410093,0.011497262934735398,0.41259941693378915,0.014823342239642089,0.01699373266562677,0.015081490941968395,0.00034738636021430287
2011-02-28,2011-01-31,ft_med_ef21_fc60_sample_sleeves,0.0061601129234707085,0.010751884687177906,0.38261272205916347,0.005935062019359329,0.01149253965347333,0.36975814227630927,0.014163634642058156,0.017753776071678835,0.014618838059266604,0.0005792252615176492
2011-03-31,2011-02-28,ft_med_ef21_fc60_sample_sleeves,0.00635925034669938,0.010386501462386961,0.37161347805628786,0.006139338929472855,0.011091206664297597,0.3609272661502916,0.013371293302387297,0.016368342368584206,0.013799116725396606,0.0005480084951332259
2011-04-29,2011-03-31,ft_med_ef21_fc60_sample_sleeves,0.006569028572939445,0.0104590337454887,0.46181543092053634,0.006339647569053167,0.011041879880032093,0.43245936357383064,0.014656638464361266,0.016789108981734132,0.015128749464038995,0.0006299163515256014
2011-05-31,2011-04-29,ft_med_ef21_fc60_sample_sleeves,0.006186084957486709,0.010457457105158217,0.5325056529452014,0.006129582688269903,0.011311378566623473,0.4992121216766582,0.016550004256042212,0.01858656515122498,0.017023656973064672,0.0006348581943434199
2011-06-30,2011-05-31,ft_med_ef21_fc60_sample_sleeves,0.006224716261980741,0.010197701713204213,0.4409551005293925,0.006090150625319504,0.011191488338310898,0.42114405723949155,0.014751355980653226,0.01741765970299377,0.015255930150066065,0.000655726915026674
2011-07-29,2011-06-30,ft_med_ef21_fc60_sample_sleeves,0.004890180137011913,0.009879492287953828,0.30935161048779175,0.004620099143747883,0.011921711865105227,0.30341883139187825,0.013954113799449745,0.020718776414674116,0.01471247080843181,0.0008992745382081778
2011-08-31,2011-07-29,ft_med_ef21_fc60_sample_sleeves,0.005914761410557382,0.00940817356344292,0.27910844216953307,0.005614567846566409,0.010796841665631024,0.2815280957267447,0.011459761089874248,0.015425041717297331,0.012086686171193883,0.000757548568101841
2011-09-30,2011-08-31,ft_med_ef21_fc60_sample_sleeves,0.00561339007246049,0.009126759654480211,0.25968000017237974,0.005289950409858972,0.010745309233810552,0.267096505179082,0.011119760954638921,0.015579045421740711,0.011780270249945414,0.0007835821752382015
2011-10-31,2011-09-30,ft_med_ef21_fc60_sample_sleeves,0.005814572928024539,0.009453531753341939,0.13909558099685657,0.005420728981964596,0.010785669555045865,0.15025169104681302,0.00864518082382819,0.013620884300952799,0.009291714992285673,0.0007320717096116628
2011-11-30,2011-10-31,ft_med_ef21_fc60_sample_sleeves,0.00610663858300951,0.010446513483848636,0.1938124639062364,0.005802282226962806,0.011300388434271296,0.20242350858049163,0.010257293863421847,0.015024856964395476,0.01069294508119697,0.0005133846517674034
2011-12-30,2011-11-30,ft_med_ef21_fc60_sample_sleeves,0.005587595466460389,0.009665031246598841,0.1745491059119687,0.005246976664490864,0.010970765403120645,0.18118754588352406,0.009403144399434283,0.01468652045941025,0.01001406055410746,0.000701836857240843
2012-01-31,2011-12-30,ft_med_ef21_fc60_sample_sleeves,0.006607110125318786,0.009421213651506992,0.15723927849408686,0.006263113497893898,0.010072869210329013,0.16858389371176027,0.008994179452295324,0.012070877100922143,0.009418558683085545,0.0005083480933687775
2012-02-29,2012-01-31,ft_med_ef21_fc60_sample_sleeves,0.006668902009672258,0.009262729790091129,0.13089947497464346,0.006335562194599161,0.009866197204807903,0.14469988092952996,0.008558783004188181,0.01146735402241789,0.00895514623373498,0.0004710156777553603
2012-03-30,2012-02-29,ft_med_ef21_fc60_sample_sleeves,0.0066445188674840745,0.009414581564218679,0.13344473430635112,0.006335522631744974,0.009970722999940083,0.14655747708430916,0.008635263144200019,0.011640542372547715,0.008997041657348402,0.00043090181680718995
2012-04-30,2012-03-30,ft_med_ef21_fc60_sample_sleeves,0.006275115989529773,0.009789914033307163,0.1839498126884121,0.005997733284182156,0.01048666750687846,0.18926822081504802,0.009468021514720796,0.013175695272610984,0.009880670661639165,0.0004940456796636903
2012-05-31,2012-04-30,ft_med_ef21_fc60_sample_sleeves,0.0058048189305732675,0.009596666551808752,0.22654141667452357,0.005539265727950852,0.010616624440014424,0.22443169542173186,0.010105991148478464,0.014340021801573715,0.010647241639204615,0.0006468123431013199
2012-06-29,2012-05-31,ft_med_ef21_fc60_sample_sleeves,0.0056030254993221455,0.009554848857925203,0.28771554326112825,0.005355804257239597,0.010665244360569913,0.2766794522872552,0.011231967225777215,0.015444945355515998,0.011827175905239884,0.0007247863173962733
2012-07-31,2012-06-29,ft_med_ef21_fc60_sample_sleeves,0.005255130425364347,0.009471217539186925,0.18452719307187115,0.004999204697811509,0.010783924127576769,0.18983687681586678,0.00941524784243204,0.014799336398286745,0.00996443679703042,0.0006315085225458653
2012-08-31,2012-07-31,ft_med_ef21_fc60_sample_sleeves,0.005713898621563365,0.009603288633036553,0.18992188034559424,0.00546044307368974,0.010537949576809529,0.19615198415379437,0.009449562643630295,0.013862706499140716,0.009901100614445624,0.0005303706204535428
2012-09-28,2012-08-31,ft_med_ef21_fc60_sample_sleeves,0.0061873958086805046,0.00861497980347357,0.16790189225227398,0.005888501818328169,0.009412262181623103,0.17665987535524513,0.008546294727115208,0.011339151092351585,0.009012146867644911,0.0005571011757202448
2012-10-31,2012-09-28,ft_med_ef21_fc60_sample_sleeves,0.00659512543779252,0.008563023562304374,0.1664532761532121,0.006282987421041244,0.009094928621696538,0.17511569962320028,0.008588446846632465,0.010633433416275363,0.00884686508049131,0.0005153482702069234
2012-11-30,2012-10-31,ft_med_ef21_fc60_sample_sleeves,0.00649753566851081,0.008546439281084627,0.1378159745393628,0.006202828930327474,0.009096089462295205,0.14970544098824445,0.008199733115992449,0.010458265907417044,0.008569383984164146,0.00044680420847219125
2012-12-31,2012-11-30,ft_med_ef21_fc60_sample_sleeves,0.00637482196810223,0.008640591419033275,0.10309647616481446,0.006109916922965864,0.009194609602450264,0.11779104427988786,0.0077397516048028905,0.01034854167490233,0.008078964647923915,0.00039795748391858006
2013-01-31,2012-12-31,ft_med_ef21_fc60_sample_sleeves,0.006144917613985881,0.00841406729005834,0.04715672149616035,0.005915287855900796,0.009070374740711108,0.06677702501963696,0.006844043880184888,0.009756491737657734,0.007156071013791862,0.00034197054974128356
2013-02-28,2013-01-31,ft_med_ef21_fc60_sample_sleeves,0.005343455059178195,0.008136946596749949,0.09614903476765506,0.005118416939735763,0.009283179113206672,0.10717116416938258,0.006922829112528216,0.01079619463877896,0.007161538563262848,0.0008031295954481917
2013-03-28,2013-02-28,ft_med_ef21_fc60_sample_sleeves,0.005223299997830676,0.008134358655052439,0.10788543635508166,0.005012493418160949,0.009271042497465815,0.11699299779940485,0.007018642473763906,0.01097054553228669,0.007516407876696171,0.0005574854470993338
2013-04-30,2013-03-28,ft_med_ef21_fc60_sample_sleeves,0.005542767796633764,0.008031603944017364,0.1365060856676035,0.0053201879799482125,0.008946472292374259,0.14374019548387432,0.007482681904476202,0.010610038849466319,0.007947282537350811,0.0005386975171209761
2013-05-31,2013-04-30,ft_med_ef21_fc60_sample_sleeves,0.005626001480585505,0.008314017870153196,0.2625431673477981,0.005388249854307323,0.009218406058561522,0.25450476822713797,0.009402088094053627,0.012177107202325229,0.009919278230379048,0.0006378517336479483
2013-06-28,2013-05-31,ft_med_ef21_fc60_sample_sleeves,0.005849736076886984,0.009275196541491683,0.7456150597691021,0.005461935580939749,0.010357043827110935,0.6839490889740492,0.01889418754491824,0.019263120355980108,0.018894187226291947,0.0015362912951664056
2013-07-31,2013-06-28,ft_med_ef21_fc60_sample_sleeves,0.005150273238751224,0.009739771604814556,0.8765062999238183,0.004783067508721947,0.011139030473559828,0.8605402921658316,0.027106423405907014,0.026517357619635216,0.027106422777178025,0.001123335715889815
2013-08-30,2013-07-31,ft_med_ef21_fc60_sample_sleeves,0.005648187794476632,0.008074517696244914,0.9607745200603673,0.00542715515239441,0.008730985157666718,0.9744221189540794,0.01911393860727086,0.016385218025982248,0.01929418122677391,0.0003425726116452645
2013-09-30,2013-08-30,ft_med_ef21_fc60_sample_sleeves,0.003391964627530673,0.008839834986704126,0.5217983340022776,0.003288058298969051,0.010732252399423893,0.492411239294323,0.020537307778588663,0.02682210627846294,0.020537307285582063,0.0014941097639058363
2013-10-31,2013-09-30,ft_med_ef21_fc60_sample_sleeves,0.0029875022281221574,0.008803167704425924,0.6147460526489733,0.003246741087170109,0.009629314400045285,0.593889599368162,0.020207637284610766,0.02402311427940165,0.020207636783089532,0.00036170103292786505
2013-11-29,2013-10-31,ft_med_ef21_fc60_sample_sleeves,0.0029660698133933106,0.008495395657015622,0.7392916824680715,0.003155477212671173,0.009223209430737452,0.7216505715437458,0.0226102450325137,0.02468892501082184,0.02261024444914661,0.0003137488933213824
2013-12-31,2013-11-29,ft_med_ef21_fc60_sample_sleeves,0.0030711991368775698,0.00849412327994624,0.7706976067343551,0.0030672000208857913,0.008931200227225156,0.7563497663963582,0.022737012984722763,0.024316747294354877,0.022737012402187215,0.00035927021205634
2014-01-31,2013-12-31,ft_med_ef21_fc60_sample_sleeves,0.002963670917737149,0.008515958040999527,0.7913550305049228,0.0029930703230781736,0.00889238462101588,0.778349705378013,0.023556441858267392,0.024946787315897705,0.023556441242960514,0.0002812245533909443
2014-02-28,2014-01-31,ft_med_ef21_fc60_sample_sleeves,0.003300217323795652,0.008527615478585706,0.7731521740176991,0.0033739645187099224,0.008772586509577162,0.7409122553662707,0.020273765359126228,0.021504265430906524,0.020273764870536795,0.00040089311058394704
2014-03-31,2014-02-28,ft_med_ef21_fc60_sample_sleeves,0.003253473669649718,0.00780389414577894,1.0758286627416027,0.0027579416840581065,0.007579279512896232,1.0722284983643766,0.025091509830073893,0.022861187284084254,0.025091509177183367,0.00040708357555837053
2014-04-30,2014-03-31,ft_med_ef21_fc60_sample_sleeves,0.0027246457670931055,0.007779664281906367,0.9145029439865167,0.002446373104825243,0.007887023232056648,0.9067285354706928,0.02550220676563243,0.025464822576676496,0.02550220608336888,0.00040799206885923513
2014-05-30,2014-04-30,ft_med_ef21_fc60_sample_sleeves,0.0019166301118377991,0.007213071070175074,1.433767094970868,0.0010814600505301912,0.007012321169244484,1.4912379305362948,0.06888620057324202,0.055965794601256814,0.06867665296269516,0.0003285132024118842
2014-06-30,2014-05-30,ft_med_ef21_fc60_sample_sleeves,0.001837687748651624,0.007211140011437971,1.4195179871352537,0.0012434237569388278,0.007068504011642983,1.4599705225509518,0.05990854115917878,0.0490639264343435,0.05980686518806009,0.0001591707758458624
2014-07-31,2014-06-30,ft_med_ef21_fc60_sample_sleeves,0.0018353504261399251,0.007183053401268281,1.4486139244555205,0.001346661124947611,0.00703645150001332,1.4868044392899527,0.05601085185911878,0.04537959607216885,0.05591191405063765,0.00015598447099202738
2014-08-29,2014-07-31,ft_med_ef21_fc60_sample_sleeves,0.0012503224762328707,0.00752843121227495,1.3635083193904767,0.0009326850640946826,0.007547406977329174,1.394474630958843,0.08609964273275185,0.0725155144983373,0.08583433083018431,0.0004091515883479757
2014-09-30,2014-08-29,ft_med_ef21_fc60_sample_sleeves,0.0017952698404225297,0.007795206160276835,1.4670515897440337,0.0014343013534624952,0.007676797848818093,1.4917124350022744,0.06272645914912828,0.05076744264334028,0.06265856657180435,0.0001073981695727854
2014-10-31,2014-09-30,ft_med_ef21_fc60_sample_sleeves,0.0022108216180754627,0.007938627888630324,1.5447426532125443,0.0018321056123860205,0.00775829157973828,1.5643061271932817,0.05322504251177895,0.041816613002320493,0.05322504098373373,1.0674881180749956e-05
2014-11-28,2014-10-31,ft_med_ef21_fc60_sample_sleeves,0.002843363055744998,0.008118179165979404,1.319575039818457,0.0026294274297904846,0.008011686639768683,1.3130235585617502,0.03468173032129652,0.029096700136631,0.034681729367631746,0.00021603660707490596
2014-12-31,2014-11-28,ft_med_ef21_fc60_sample_sleeves,0.0028939898086897758,0.008191388338981448,1.3182329926069427,0.0026868299690768985,0.008093699554202194,1.3106966026505098,0.034643104819357486,0.029062661993054958,0.03464310386836612,0.00022235081580129133
2015-01-30,2014-12-31,ft_med_ef21_fc60_sample_sleeves,0.0029076175955947687,0.008213731801507368,1.3031936149853682,0.002719521484113628,0.008133024665718688,1.2958483345764022,0.034238044629533095,0.02885760730570081,0.03423804369108282,0.00020994527563209498
2015-02-27,2015-01-30,ft_med_ef21_fc60_sample_sleeves,0.003423713357462903,0.008260914632987471,1.2059022215583233,0.0032264083634238367,0.00818505497532457,1.19021964034352,0.0279408600198321,0.024086950388040543,0.027940859285462184,0.0002814941981255061
2015-03-31,2015-02-27,ft_med_ef21_fc60_sample_sleeves,0.003443549595957113,0.007824701900142061,1.2271264499866974,0.0031863841888079363,0.007805085341572957,1.210227781326516,0.026324302946354173,0.022434016084257765,0.02632430226121312,0.0003465566049431185
2015-04-30,2015-03-31,ft_med_ef21_fc60_sample_sleeves,0.004216405235212761,0.0070114120253738305,1.262543447337158,0.0036584813213011037,0.007165577376819777,1.2189510119442426,0.02076603023099916,0.017071729075911167,0.02076602977025683,0.0007593085158995361
2015-05-29,2015-04-30,ft_med_ef21_fc60_sample_sleeves,0.0039523715855792965,0.0069259401042720695,0.8299982942952849,0.0036722713018753294,0.0072482414788643,0.8264059422348734,0.015495170310872932,0.014888928738486962,0.0154951700146094,0.00044958965893057576
2015-06-30,2015-05-29,ft_med_ef21_fc60_sample_sleeves,0.005734652841720064,0.006592131869260936,1.4291382314920478,0.0040216327024375515,0.00824071713309445,1.2285987111728922,0.024767789965073072,0.020450664931716968,0.0247677894433218,0.003218780736466941
2015-07-31,2015-06-30,ft_med_ef21_fc60_sample_sleeves,0.003346220017248038,0.007002076386510028,0.6479508614848262,0.0035744773608921373,0.007146810887253555,0.7091491531947369,0.01370774745330235,0.013995520741244001,0.013380520300239852,0.00044536442053018306
2015-08-31,2015-07-31,ft_med_ef21_fc60_sample_sleeves,0.003078114742854186,0.006876583908999934,0.6467080390914793,0.0033717124826718138,0.0070662307248741205,0.7370132138323603,0.014286125100432737,0.014545202480346324,0.013791821378620946,0.0006666701295991712
2015-09-30,2015-08-31,ft_med_ef21_fc60_sample_sleeves,0.0018761368443106009,0.007481902665978795,0.5015913743830659,0.002618493134397138,0.007446748118486591,0.7814838469437468,0.019168641632349954,0.02014821672160253,0.01659363903316506,0.0032229865300359107
2015-10-30,2015-09-30,ft_med_ef21_fc60_sample_sleeves,0.002400003861767491,0.007143330460307287,0.5015566015603228,0.0028603863232593996,0.007198074491700135,0.6704239153150029,0.015004266649846646,0.016485851260018763,0.013707719653578084,0.0016410141175548514
2015-11-30,2015-10-30,ft_med_ef21_fc60_sample_sleeves,0.002356667879659172,0.007156231511284568,0.48082808190126813,0.002842647824973226,0.007182731968381933,0.641902601084994,0.014492633685148887,0.01621816777916332,0.013203208249246307,0.001621534895602578
2015-12-31,2015-11-30,ft_med_ef21_fc60_sample_sleeves,0.001866976291988137,0.007256324529973665,0.6252498265958736,0.0022754796516265517,0.00725172249665754,0.8061710056386583,0.0209064970439336,0.021980893096148913,0.01935289438757881,0.0020212200602095142
2016-01-29,2015-12-31,ft_med_ef21_fc60_sample_sleeves,0.0018344963502904988,0.007155992778873686,0.71897740427152,0.0020869829077245195,0.007144467988907871,0.8639738704257087,0.02321805371407211,0.023829962250499482,0.022036187382253766,0.0015785062943566152
2016-02-29,2016-01-29,ft_med_ef21_fc60_sample_sleeves,0.0014152815254155622,0.006981124115731774,0.7788659249327569,0.0016485292319329769,0.006952168549170896,0.9271640267479838,0.028831724558350917,0.029074166724865468,0.027456219325834013,0.001856913472092809
2016-03-31,2016-02-29,ft_med_ef21_fc60_sample_sleeves,0.0012163006543144327,0.006826472963359414,0.7610226697903236,0.0014340159918459993,0.006810603006076554,0.9101326492888989,0.030872933127377256,0.031600759057341714,0.029347170346230873,0.0020442530702430945
2016-04-29,2016-03-31,ft_med_ef21_fc60_sample_sleeves,0.0015883454428023461,0.007300875697134726,0.6317192949708658,0.0018902598880976727,0.007278645942587302,0.7823509036715703,0.023817362992321626,0.02583667801427814,0.02231322914957231,0.0019503014325969433
2016-05-31,2016-04-29,ft_med_ef21_fc60_sample_sleeves,0.0025885054489869445,0.007433118239660401,0.3764057862849134,0.002840151731155134,0.00748606171169516,0.4818078589762276,0.012347056493383466,0.015608614314279031,0.011442311353151383,0.0010992807799524542
2016-06-30,2016-05-31,ft_med_ef21_fc60_sample_sleeves,0.0024384049276995473,0.007423809063669096,0.3685351899311434,0.002655496969051406,0.007462588698207762,0.47098990444716193,0.012532946067680406,0.016212246054460932,0.011611449244283822,0.0011124924924531333
2016-07-29,2016-06-30,ft_med_ef21_fc60_sample_sleeves,0.0031685521691984533,0.0073619197298643605,0.31583163330762515,0.00323958998985359,0.0074647763843895265,0.3670384253498387,0.00955287054991352,0.01281854477352811,0.009220537732311311,0.000402031439692025
2016-08-31,2016-07-29,ft_med_ef21_fc60_sample_sleeves,0.003129413823680222,0.007180107111196238,0.2672677088869007,0.0031708991325954602,0.007300168361898146,0.30923719094651914,0.008368166329082646,0.011859238810479726,0.00811469558090796,0.000301560269564114
2016-09-30,2016-08-31,ft_med_ef21_fc60_sample_sleeves,0.0029417838524468543,0.00721673200402731,0.21952787953125338,0.0030408430315879125,0.007305117818108949,0.2775004854590645,0.007910789576323716,0.011782573017386933,0.0074607598306255015,0.0005214204667663019
2016-10-31,2016-09-30,ft_med_ef21_fc60_sample_sleeves,0.002892801649408078,0.007176371923491049,0.13577741268253485,0.0030107034125799407,0.007248333558176759,0.1949408102732223,0.006412521872850036,0.010578366584991167,0.0058852959967871385,0.0005875198390659752
2016-11-30,2016-10-31,ft_med_ef21_fc60_sample_sleeves,0.0012788299675783028,0.006854701852543863,0.21486352166717815,0.0014798902786076623,0.0068250011738822365,0.3295521805385544,0.011852788892833735,0.019315157171095974,0.010080886417901306,0.0019753827624263186
2016-12-30,2016-11-30,ft_med_ef21_fc60_sample_sleeves,0.0015283241027595302,0.007665951984827039,0.2268633339672638,0.00195267639257257,0.007582362580425285,0.3887497437668159,0.013398549745231029,0.019861786384706644,0.010909025447732376,0.0027958523623021693
2017-01-31,2016-12-30,ft_med_ef21_fc60_sample_sleeves,0.0015819566318165577,0.007611898130938431,0.2882457300603005,0.001926364573183407,0.00754477416920302,0.42299075911376294,0.014425641404425121,0.020646411060504233,0.012515662433574583,0.002201465314972571
2017-02-28,2017-01-31,ft_med_ef21_fc60_sample_sleeves,0.001941188207687848,0.007539331314096788,0.23123892976221166,0.002192277523897157,0.0075106703547956856,0.33253857634795514,0.010748930203886349,0.016630815933034174,0.00944366431271093,0.0014797576731375365
2017-03-31,2017-02-28,ft_med_ef21_fc60_sample_sleeves,0.0021734742640634993,0.007492167152766549,0.26694469471683663,0.002346430403242691,0.007485484650760867,0.3434777723832889,0.010548638975807446,0.015871365753567235,0.009692756990292432,0.000989901101902661
2017-04-28,2017-03-31,ft_med_ef21_fc60_sample_sleeves,0.002481551886812047,0.007376993461255807,0.31039929236570635,0.0025409355732288245,0.007407296589192515,0.3539233449473682,0.010183428137395364,0.014828933206370984,0.00980378876450997,0.00045050789093620025
2017-05-31,2017-04-28,ft_med_ef21_fc60_sample_sleeves,0.002498389641367352,0.007210925046906546,0.2335893333943441,0.002507987800996367,0.0072725415263849335,0.26444999963875293,0.00808485843778382,0.01305749024024106,0.007841001993711681,0.00028154465968733877
2017-06-30,2017-05-31,ft_med_ef21_fc60_sample_sleeves,0.0032580514288176286,0.0070424421431228715,0.28706736394133453,0.003044398124014768,0.0071804856519192386,0.2559664782440382,0.007379399952348444,0.011179274508688015,0.007736111104757654,0.000435550230257241
2017-07-31,2017-06-30,ft_med_ef21_fc60_sample_sleeves,0.0031062002244526777,0.0071962065015959914,0.3199428786575106,0.0029824189117202875,0.0072917126678922715,0.31071572598176367,0.008521703566918545,0.012325610399393151,0.008686023427080088,0.00020059156295354315
2017-08-31,2017-07-31,ft_med_ef21_fc60_sample_sleeves,0.0031704510062562823,0.007288823800251223,0.24448315661862519,0.0030931782928486505,0.007358615069255565,0.24991463280368542,0.0074681868072061465,0.011434079170455764,0.007509418085180617,4.9014168801182385e-05
2017-09-29,2017-08-31,ft_med_ef21_fc60_sample_sleeves,0.003357875636891472,0.007213777124672013,0.2280039795536532,0.0032088919217492197,0.007305393433200771,0.21683661304726765,0.006815215945236854,0.010646475906605111,0.007012282283648208,0.00023570439332866916
2017-10-31,2017-09-29,ft_med_ef21_fc60_sample_sleeves,0.0040007504759767025,0.006943129684197059,0.2821767449107661,0.0036142908690056483,0.007117921202178438,0.20270387636361753,0.006455775459357651,0.009512963577149801,0.007054552987424592,0.0007792791499730905
2017-11-30,2017-10-31,ft_med_ef21_fc60_sample_sleeves,0.004579007148932432,0.006731650766732888,0.5905366448894966,0.003961377004630267,0.006960511148790057,0.449078880740845,0.009453733547135102,0.010752754344538346,0.010216845366924632,0.0011026145478219927
2017-12-29,2017-11-30,ft_med_ef21_fc60_sample_sleeves,0.00429435032583569,0.006667915080466792,0.795647822583685,0.0037039158794209604,0.0068813023815047746,0.6676823990454388,0.012239831190007504,0.012509149961333779,0.012933161245992976,0.0010219971183929857
2018-01-31,2017-12-29,ft_med_ef21_fc60_sample_sleeves,0.005028982915407651,0.00578368787794055,0.8589462144299254,0.004258860981062605,0.006028452991132669,0.6525174849339201,0.00982700483782737,0.009157348273805009,0.010509982383322056,0.001118181240359378
2018-02-28,2018-01-31,ft_med_ef21_fc60_sample_sleeves,0.004759145205462721,0.0057489528362708675,1.0767633987333145,0.004092860139375103,0.00593345556167764,0.936562539273977,0.012148967898835912,0.01022266041390161,0.012668614170503698,0.0008521704574200079
2018-03-29,2018-02-28,ft_med_ef21_fc60_sample_sleeves,0.0021581731835878496,0.006985938036393659,0.7113184547717041,0.002179415129692046,0.007038497155803788,0.6923960518339116,0.017918319630515787,0.020181739605069783,0.01791831916579755,0.00023207829401676632
2018-04-30,2018-03-29,ft_med_ef21_fc60_sample_sleeves,0.001090582051470327,0.006334246431216326,0.7166112603043904,0.0011729193891768302,0.0064564228940775644,0.6637279316780276,0.024761720387169985,0.029665269193937086,0.02476171967814083,0.0009942239608416166
2018-05-31,2018-04-30,ft_med_ef21_fc60_sample_sleeves,0.0010016846895957996,0.006254506073095895,0.5877889396303816,0.0011448245166526593,0.006437498379997197,0.5690992562227293,0.021745590189150628,0.028056485728766626,0.021745589567801808,0.000285986018972619
2018-06-29,2018-05-31,ft_med_ef21_fc60_sample_sleeves,0.0014230889411242825,0.006396794632244385,0.5615320117727212,0.0014922487995474095,0.006626628531288612,0.5536649802082325,0.01778487406589864,0.02287691213189196,0.017784873575808872,0.0001246655388246707
2018-07-31,2018-06-29,ft_med_ef21_fc60_sample_sleeves,0.0011191437891732133,0.006363546993160827,0.660882202074137,0.0012838052174263155,0.00647581316639889,0.6602174606391347,0.022850147336254227,0.027320537832867645,0.02277258935500499,0.00010108162150643326
2018-08-31,2018-07-31,ft_med_ef21_fc60_sample_sleeves,0.0028322417939838306,0.005924231404665873,1.1025867762704844,0.0024219351103387343,0.006139738422706422,1.0033953705145098,0.018039356461459922,0.016756338978390753,0.018590440707359376,0.0008310979900154965
2018-09-28,2018-08-31,ft_med_ef21_fc60_sample_sleeves,0.002260432771817226,0.005048250970479684,1.2485059606750413,0.0016640484576312873,0.0052924560480404,1.1507495093247806,0.02103403636278823,0.018816358797396984,0.021034035800456492,0.0012726766469013829
2018-10-31,2018-09-28,ft_med_ef21_fc60_sample_sleeves,0.0013664191003620483,0.004963734792423692,1.0700551169083694,0.0008830253840002703,0.005142544942734005,0.999340365085049,0.03081231667579351,0.03037761531032973,0.03081231579379115,0.0014823881941264578
2018-11-30,2018-10-31,ft_med_ef21_fc60_sample_sleeves,0.00017445667227533772,0.006176745631919781,0.3817080656621962,0.00039719064927095336,0.006371134173075234,0.3743619652599214,0.038655537944902174,0.06285257921704362,0.038655536792266076,0.00026232628908971035
2018-12-31,2018-11-30,ft_med_ef21_fc60_sample_sleeves,3.190849968606321e-05,0.006036742535031436,0.3693440914156333,0.00016815597231925475,0.0062251967745522675,0.3510837285340391,0.08107859783199821,0.13669418821369442,0.08107859540438087,0.0031994364241922976
2019-01-31,2018-12-31,ft_med_ef21_fc60_sample_sleeves,0.0004714955370109245,0.006362304321216841,0.26541535434668806,0.0007052909047952065,0.006490140244397974,0.27007805527028605,0.01683509814654898,0.03170865101152852,0.016553065270855587,0.00031863993269827426
2019-02-28,2019-01-31,ft_med_ef21_fc60_sample_sleeves,0.0016202391701104308,0.0076017648195100046,0.18605960326789742,0.002159497252937595,0.007509540142330666,0.2873072588367719,0.009662249904616576,0.015884595065421107,0.008023792577450282,0.0018207125194984483
2019-03-29,2019-02-28,ft_med_ef21_fc60_sample_sleeves,0.0013763482978471054,0.007572230979760469,0.20121756966612628,0.0019115776694658571,0.007505207713749195,0.2958101000015274,0.010628164930641192,0.017696846529421686,0.008956957032893249,0.001862191073818786
2019-04-30,2019-03-29,ft_med_ef21_fc60_sample_sleeves,0.0019969403459133817,0.007901080969846892,0.2514282664541493,0.002544337491849631,0.0077717128417376675,0.3453383428539874,0.0107422555681811,0.01596897815823995,0.00939451137536416,0.0015505167698849542
2019-05-31,2019-04-30,ft_med_ef21_fc60_sample_sleeves,0.0016329927939645206,0.007809310448942525,0.29362255755459493,0.002160582822768991,0.007725961023132272,0.3746792156312781,0.012511854545605598,0.018592076461799077,0.011227825218062043,0.0014923132393206292
2019-06-28,2019-05-31,ft_med_ef21_fc60_sample_sleeves,0.001816198147747719,0.007643989413288908,0.2571833498669177,0.0022334772398060728,0.0075674937889401925,0.3269653938266461,0.01061695862488161,0.016499142369437263,0.00956953401371024,0.0012040710247194504
2019-07-31,2019-06-28,ft_med_ef21_fc60_sample_sleeves,0.002872081317502091,0.00803347288540524,0.33121704478149117,0.0032175103412744573,0.007845810683258849,0.41379977982293875,0.011134242516367545,0.014595137374612538,0.010280756252174164,0.0010313439599536035
2019-08-30,2019-07-31,ft_med_ef21_fc60_sample_sleeves,0.002899050736879479,0.008014652919282285,0.35963266463738053,0.00320961785946954,0.007839193584155841,0.4343261332850953,0.011525444212856732,0.014855030975536762,0.010773419875748688,0.000919076350728793
2019-09-30,2019-08-30,ft_med_ef21_fc60_sample_sleeves,0.0034498848142501615,0.008218169369997592,0.36317395658201845,0.0037284148115090637,0.007998705517728752,0.4460985125555369,0.0113834284106185,0.013976361848673454,0.010655481726098655,0.0009018149173135251
2019-10-31,2019-09-30,ft_med_ef21_fc60_sample_sleeves,0.0031151016685668936,0.008312505200421634,0.2681143451887633,0.0034699149913794184,0.008118911515398938,0.35733571334930436,0.010258092719175037,0.013959559067799547,0.009305153010626318,0.0011266259664096526
2019-11-29,2019-10-31,ft_med_ef21_fc60_sample_sleeves,0.0035742076416526315,0.00819556001147809,0.21388498464391695,0.0038122701122676973,0.008007417227334026,0.2992686343612794,0.008845681805115918,0.012197372367968364,0.008049028304985016,0.0009315515478539681
2019-12-31,2019-11-29,ft_med_ef21_fc60_sample_sleeves,0.004278990604074143,0.007950597150555815,0.269341361859722,0.004305968650657166,0.0077689651214322445,0.340329585899468,0.009076372920343098,0.011279345649461698,0.00865068064210273,0.0005229752888955467
2020-01-31,2019-12-31,ft_med_ef21_fc60_sample_sleeves,0.004622929373644502,0.007984664141840847,0.3159454285534518,0.004608525194150195,0.007795297772370687,0.37880478406612955,0.009603334452633642,0.011252855796806861,0.009279383971774068,0.0004109778844197399
2020-02-28,2020-01-31,ft_med_ef21_fc60_sample_sleeves,0.005226976165467232,0.007795986388258255,0.44985096195854507,0.00505007230849619,0.007597832970174753,0.48859381837372207,0.010635158184619518,0.011025871342398328,0.010540558310473506,0.00012989719981732186
2020-03-31,2020-02-28,ft_med_ef21_fc60_sample_sleeves,0.0050921639946637865,0.007572957649206266,0.49508878688408336,0.004833459596948954,0.007422712195137974,0.516357708616988,0.0107194265002267,0.011053997214599213,0.010719426251271603,3.9911008775654965e-05
2020-04-30,2020-03-31,ft_med_ef21_fc60_sample_sleeves,0.005479034161421936,0.011676078628929281,0.34209030951114194,0.006086063298261468,0.011152132294125145,0.337629236219226,0.012985591699619603,0.016289980030549135,0.01247111908900306,0.0006645313865975827
2020-05-29,2020-04-30,ft_med_ef21_fc60_sample_sleeves,0.00575348618892206,0.011981699223858491,0.36864328498875415,0.006030942870849194,0.011933916209923541,0.33431228414708636,0.013925596651144527,0.018134153305407078,0.013925596255079204,0.00011413603292214521
2020-06-30,2020-05-29,ft_med_ef21_fc60_sample_sleeves,0.006353714566366353,0.011856920944638354,0.3973791584969629,0.006733782937118443,0.01182303559512543,0.4516212145759331,0.016108824801718997,0.018286532819839166,0.015521538899439451,0.0007570093451022622
2020-07-31,2020-06-30,ft_med_ef21_fc60_sample_sleeves,0.006341253683741349,0.011863011592580606,0.27917836564673487,0.006712004896426999,0.01185556269162509,0.3091013137175044,0.013184815938275921,0.01661625218075819,0.012736543071141655,0.0005576201775662602
2020-08-31,2020-07-31,ft_med_ef21_fc60_sample_sleeves,0.007585557367474363,0.01223879038307582,0.3422742164679377,0.008008499520588443,0.01237358446824019,0.3858143292286095,0.015384454448903313,0.017149876642533,0.014924598540696409,0.0005939214731116433
2020-09-30,2020-08-31,ft_med_ef21_fc60_sample_sleeves,0.007473020666409698,0.012282204392006517,0.3319892876153655,0.007808784434336113,0.012389485184466925,0.36312762456248276,0.014946880294663388,0.017141026322731956,0.014595815898462415,0.0004522748850468939
2020-10-30,2020-09-30,ft_med_ef21_fc60_sample_sleeves,0.006409723699487067,0.012608512695622933,0.36088647620706105,0.006664803018113657,0.012651495986106131,0.359592893339126,0.015300701852001386,0.019169196058630593,0.015167780468314638,0.00016974516126474983
2020-11-30,2020-10-30,ft_med_ef21_fc60_sample_sleeves,0.004822441011360113,0.013027440730992794,0.2744864124848466,0.005077616359608043,0.013001002309651535,0.23586938932805848,0.012929346576733126,0.020746038604054943,0.013171026382203728,0.00029181706793793977
2020-12-31,2020-11-30,ft_med_ef21_fc60_sample_sleeves,0.005526490430856616,0.013115864293629684,0.237516262016713,0.005818859001150823,0.013162563506707654,0.21571751016588459,0.012241720016005656,0.01909162010195788,0.012273388652469285,3.814341474471525e-05
2021-01-29,2020-12-31,ft_med_ef21_fc60_sample_sleeves,0.004941612627276231,0.012962565743492162,0.22978300894813056,0.0051873010376258365,0.012952747197310727,0.1969642855787863,0.011557746637902789,0.019334268617677293,0.011741016483449676,0.00021852059319830733
2021-02-26,2021-01-29,ft_med_ef21_fc60_sample_sleeves,0.004690822364182664,0.0131453621806643,0.2472099122066613,0.004890803940552192,0.013148391521906229,0.20233589624816206,0.012042975762916441,0.020632383763013136,0.012433175439604262,0.0004655295632916843
2021-03-31,2021-02-26,ft_med_ef21_fc60_sample_sleeves,0.0031014828800574653,0.013832497028054563,0.27973979380141645,0.0030803065249449084,0.013814093531888089,0.18524868471861866,0.014556714581940394,0.030030122766608457,0.0164982049685957,0.002266782897498174
2021-04-30,2021-03-31,ft_med_ef21_fc60_sample_sleeves,0.0022816158037366548,0.013787486206274709,0.24450703495677759,0.0020578452978091575,0.01370931228411486,0.1697549410908053,0.017561748209864496,0.04004913874443746,0.02015100396584523,0.0029295201466139446
2021-05-28,2021-04-30,ft_med_ef21_fc60_sample_sleeves,0.002662496059654132,0.01391056619554484,0.2617987848645716,0.0025335511979707667,0.013897952709002301,0.20935576392277677,0.018494433551188568,0.03754970282053993,0.020037434085371637,0.0017631646416281647
2021-06-30,2021-05-28,ft_med_ef21_fc60_sample_sleeves,0.002175430165229399,0.013708400544359692,0.2169251209130183,0.0020697652575117475,0.013639470245924228,0.1710780874282026,0.01744664787721837,0.03959979651672382,0.019075562148730144,0.001819640866920172
2021-07-30,2021-06-30,ft_med_ef21_fc60_sample_sleeves,0.0014156282920389626,0.015917958296139924,0.4244006449505641,0.0007293473387869412,0.016306153771832404,0.35212522375617583,0.12910001511161648,0.2169439177596306,0.1291000112870453,0.02030143590868405
2021-08-31,2021-07-30,ft_med_ef21_fc60_sample_sleeves,0.0019183268814476954,0.0161015861748907,0.40175008205155993,0.0015522421730122724,0.01643332218215302,0.3479696454941099,0.06209087680082398,0.10393445111816163,0.06556806354541381,0.004131973091927836
2021-09-30,2021-08-31,ft_med_ef21_fc60_sample_sleeves,0.0018141919172763202,0.01609111020881526,0.4449469310428143,0.0014430595247935636,0.016345929260794867,0.3977549373749621,0.07508929697393145,0.11791159425529596,0.07828214169438744,0.003849614272433814
2021-10-29,2021-09-30,ft_med_ef21_fc60_sample_sleeves,0.0006301369148862471,0.01591548250060374,0.47271819706310975,3.6626158027183026e-05,0.016042925856467678,0.42885058518430585,3.013610172560504,4.601839107696507,3.013610127044146,0.21958101887925024
2021-11-30,2021-10-29,ft_med_ef21_fc60_sample_sleeves,0.0005060341488849937,0.015705698314808312,0.48188142430152525,9.273856751527976e-06,0.015765495471091698,0.4463127138751955,11.961742804264302,17.905013902582223,11.961742623440209,0.6741850639648626
2021-12-31,2021-11-30,ft_med_ef21_fc60_sample_sleeves,0.00031123282258144804,0.014777593413064453,0.43397927531336594,2.0355488063989076e-05,0.01468548197795097,0.4069655975225305,4.311760580328393,6.75888043082894,4.311760515173251,0.21417817453116342
2022-01-31,2021-12-31,ft_med_ef21_fc60_sample_sleeves,0.0029404265695363667,0.011026743908621848,0.77833299536892,0.0023928350209497856,0.010879470222368948,0.7250655589587736,0.038258593180982105,0.04350266549786621,0.03924457268448179,0.0013353454485633674
2022-02-28,2022-01-31,ft_med_ef21_fc60_sample_sleeves,0.002184172082102606,0.011306734380473598,0.5195268611457339,0.0020675364161496625,0.011153939593311069,0.5068005674902312,0.03256336944731461,0.04426560176558427,0.03286429555273897,0.0003753967793041537
2022-03-31,2022-02-28,ft_med_ef21_fc60_sample_sleeves,0.0017353111207396546,0.011460417169696684,0.5615320623313772,0.0015849321695183866,0.011253979127212689,0.5430083675432683,0.044976770743695896,0.059950788626769974,0.045516510497864295,0.0006791158689678563
2022-04-29,2022-03-31,ft_med_ef21_fc60_sample_sleeves,0.0008764055028502513,0.012049564859379552,0.6636897812639845,0.0005939623044202017,0.01174260408123023,0.6328463182414548,0.14750966301492333,0.18505260877643595,0.1475096586227706,0.0046590945710341
2022-05-31,2022-04-29,ft_med_ef21_fc60_sample_sleeves,-0.001239405456572243,0.012448395899030526,0.6414933229444119,-0.00147018551508213,0.011984401250011833,0.6232276407130755,-0.062354756378493977,0.07804859056967281,-0.0012394053566253905,0.08965752434320488
2022-06-30,2022-05-31,ft_med_ef21_fc60_sample_sleeves,-0.00047620659613439035,0.012510046362903844,0.5538546669154486,-0.0005249393143166299,0.012183370487450098,0.543594354129082,-0.15423444990164772,0.2088351485648272,0.042468584586575736,0.24724292326960642
2022-07-29,2022-06-30,ft_med_ef21_fc60_sample_sleeves,-0.0025345831875808428,0.013312229298963507,0.46070733112164053,-0.002498893908246437,0.012926753628688791,0.4647830639267143,-0.03357892320759035,0.047385879437278663,-0.002534583105404379,0.04609516987850784
2022-08-31,2022-07-29,ft_med_ef21_fc60_sample_sleeves,-0.0014385775010177918,0.013164077417559428,0.4879600021023523,-0.0013924650135645942,0.012878661681180733,0.4875285876076694,-0.05946319211710704,0.08415941310163466,0.012542800936381096,0.09385784620247696
2022-09-30,2022-08-31,ft_med_ef21_fc60_sample_sleeves,-0.0027643454591004856,0.012343238519836085,0.47852517228441593,-0.0026721750095691043,0.011952266038062632,0.4825122498330043,-0.028467674868471567,0.03901160342778771,-0.00276434534860781,0.037038666758812545
2022-10-31,2022-09-30,ft_med_ef21_fc60_sample_sleeves,-0.0049922468709281236,0.01349772378389207,0.4451749662613766,-0.005118695435524869,0.01313887138978809,0.45858404009007336,-0.02058461579818287,0.02634813011794058,-0.00499224669881225,0.020205319029432862
2022-11-30,2022-10-31,ft_med_ef21_fc60_sample_sleeves,-0.005158407332352989,0.013466279268373495,0.5516593012862118,-0.005472742934434697,0.013115767541506238,0.5691830069719251,-0.023363729860793662,0.0270995621753013,-0.005158407187499412,0.02274423391673352
2022-12-30,2022-11-30,ft_med_ef21_fc60_sample_sleeves,-0.0029732625386935767,0.01491756345079406,0.40639364743413514,-0.0028721650215720526,0.014816510607759544,0.4310417389805743,-0.035818097941728515,0.05232298372003052,-0.00297326240644921,0.049778998451734155
2023-01-31,2022-12-30,ft_med_ef21_fc60_sample_sleeves,-0.0024638619730307683,0.01510498977988457,0.3194893131823836,-0.002192803053574369,0.0150250990438094,0.36927176169630105,-0.040210093259682576,0.06434059459173326,-0.0024638618694481956,0.06203968701850173
2023-02-28,2023-01-31,ft_med_ef21_fc60_sample_sleeves,-0.0017989109428144538,0.015326896343710423,0.17564970608916397,-0.0014217503314811707,0.015376084380627562,0.2282954870702762,-0.03938518483333841,0.0809283206720148,0.005093637571354259,0.07344723436066286
2023-03-31,2023-02-28,ft_med_ef21_fc60_sample_sleeves,-0.0032227811760332874,0.01569763563105453,0.13335916706125994,-0.0029097426173110325,0.01575273616926772,0.18798746666776156,-0.018941691489454255,0.04019185873911381,0.0020804305329370767,0.02820707191857209
2023-04-28,2023-03-31,ft_med_ef21_fc60_sample_sleeves,-0.002776145685666495,0.015987982143571725,0.1834639711186743,-0.002564002372278859,0.016035359231032977,0.22630094537673517,-0.025258748703706,0.05032982245669136,0.0037713515541167417,0.040479058641924234
2023-05-31,2023-04-28,ft_med_ef21_fc60_sample_sleeves,-0.0030116321746739144,0.015986812973654025,0.1885006249829461,-0.002830527214936418,0.016027690112035316,0.22680249498853433,-0.023414176182013073,0.046097429678128105,0.004300262631573546,0.03593648538372696
2023-06-30,2023-05-31,ft_med_ef21_fc60_sample_sleeves,-0.002990331760102545,0.016500876756121052,0.1338438809044633,-0.0027940276276289507,0.016575631366858124,0.17673848724073987,-0.02017366043965624,0.044539679223796085,0.0024559376664952735,0.031782074350207155
2023-07-31,2023-06-30,ft_med_ef21_fc60_sample_sleeves,-0.0032883197315496616,0.015865713023187525,0.15829393458652025,-0.003084083008457773,0.015891468360133505,0.19906425206967512,-0.019384370828905373,0.039840690145728434,0.005718682299883032,0.027908923361273385
2023-08-31,2023-07-31,ft_med_ef21_fc60_sample_sleeves,-0.0024981093114953353,0.016289692361103926,0.14165752544519603,-0.0022754943320759235,0.016238508996513266,0.21234270202595235,-0.026882223078503385,0.0558137061510098,0.0055632696260558175,0.0434531721633963
2023-09-29,2023-08-31,ft_med_ef21_fc60_sample_sleeves,-0.002770938666656133,0.01626564022630453,0.17374628453718122,-0.002608730913757357,0.016149163168639808,0.24631354820704976,-0.027232756907101783,0.052177249886402474,0.005666162895333285,0.0420633506757885
2023-10-31,2023-09-29,ft_med_ef21_fc60_sample_sleeves,-0.003732856609184457,0.016286177241629306,0.13720774459792312,-0.0036426463512451834,0.016214956208197438,0.16440070391180087,-0.015509025577372168,0.0334579656888321,0.002695159712982134,0.020608038595971555
2023-11-30,2023-10-31,ft_med_ef21_fc60_sample_sleeves,-0.004001760416176508,0.01648997851276321,0.1407121549376188,-0.003952551760022523,0.01643485821042262,0.16471502888378384,-0.015208642464825865,0.032238320150269575,0.0019949970867843654,0.019542826541372748
2023-12-29,2023-11-30,ft_med_ef21_fc60_sample_sleeves,-0.0032697242514558556,0.016773148163348704,0.15418871206779958,-0.0032362552702162994,0.016717856405321307,0.1769983680478899,-0.01852203766197106,0.039994805284013814,0.005630109370660436,0.02687986474212687
2024-01-31,2023-12-29,ft_med_ef21_fc60_sample_sleeves,-0.0015547874768150366,0.01652639224949515,0.07764175697968345,-0.001390681279784925,0.01643340193226534,0.10968688662038195,-0.02269080156058693,0.06638020542230537,0.013318248527579688,0.037509691706461776
2024-02-29,2024-01-31,ft_med_ef21_fc60_sample_sleeves,-0.0010583441568410082,0.01670375505832612,0.13158440700361618,-0.000968756716652121,0.01662802986348937,0.15713395990102824,-0.04581612058197048,0.1143516904356862,0.029703068908230986,0.08051527674882898
2024-03-28,2024-02-29,ft_med_ef21_fc60_sample_sleeves,-0.002050157597418089,0.017033214648058105,0.23128602942946455,-0.0021079963404160356,0.01698132320269004,0.24150044875830345,-0.035144276873322174,0.06933681805022862,0.01650936427526168,0.05835587439993917
2024-04-30,2024-03-28,ft_med_ef21_fc60_sample_sleeves,-0.000954360016512382,0.01635544044591143,0.4102394632299451,-0.0012169416927679951,0.0162900612217333,0.3986852843739731,-0.08815418570425972,0.13864662439459757,0.033998537593371694,0.1469436370019814
2024-05-31,2024-04-30,ft_med_ef21_fc60_sample_sleeves,-0.0014939302870078527,0.016186939905546573,0.3060241834670968,-0.0015871248086345403,0.016130948522363336,0.30750786403076363,-0.052002726761011246,0.09233522745930592,0.023487861289711563,0.08756070015605337
2024-06-28,2024-05-31,ft_med_ef21_fc60_sample_sleeves,-0.0003609397776147892,0.015701422842214187,0.43678702751420306,-0.0005991922914045112,0.015621879528603754,0.4218071469451646,-0.17239568176246456,0.26498016560530036,0.06783974571663692,0.28897227474511394
2024-07-31,2024-06-28,ft_med_ef21_fc60_sample_sleeves,0.0022605981831754925,0.014587967284079349,0.5386365533452743,0.00195368226404467,0.014454782979231412,0.5164327042327578,0.05718468836834228,0.07820319347042098,0.058123686685615544,0.001172214961399033
2024-08-30,2024-07-31,ft_med_ef21_fc60_sample_sleeves,0.003181043919485837,0.014689354212964174,0.37248404466178325,0.0030323429603966,0.014576653727885388,0.3737958618540071,0.029224534899660946,0.04525249007963676,0.029280447765151228,6.654420175338317e-05
2024-09-30,2024-08-30,ft_med_ef21_fc60_sample_sleeves,0.002351232832987134,0.01347123281063081,0.4000537801512402,0.0022286909376957047,0.013499102098668798,0.3931725270785174,0.03437588566603491,0.05301599377875875,0.03466112816910854,0.0003408469117017363
2024-10-31,2024-09-30,ft_med_ef21_fc60_sample_sleeves,0.0035788083428345227,0.013750686993556712,0.5739592495188638,0.003331131068046794,0.013568426342515013,0.5386553886542322,0.033101091036245193,0.04277152895215681,0.033808462641175235,0.0009064634060943084
2024-11-29,2024-10-31,ft_med_ef21_fc60_sample_sleeves,0.0027755295427522855,0.013875630547712186,0.5218133986698075,0.0025868625083439443,0.013708499738331157,0.49513811088490595,0.038556235298512695,0.052923744702817285,0.03926879671914133,0.0008903250351614803
2024-12-31,2024-11-29,ft_med_ef21_fc60_sample_sleeves,0.004200352066200241,0.01309850266282033,0.6719746538572562,0.004033097666540021,0.01274887221736771,0.6328678685873053,0.029537658154148085,0.0345016947615963,0.030000669580334646,0.0006191832298770785
2025-01-31,2024-12-31,ft_med_ef21_fc60_sample_sleeves,0.00301781608910605,0.012011612596902437,0.5500702095260234,0.002772072216543614,0.012202950816594102,0.5163991236307098,0.03051234185917415,0.04048557964586862,0.031248007808826007,0.0009319609334891714
2025-02-28,2025-01-31,ft_med_ef21_fc60_sample_sleeves,0.0032194846770736913,0.012070972495800275,0.5304636177847901,0.002964317830966682,0.012365890918705982,0.4964369732197193,0.028573173653887757,0.03839213537734717,0.029321767877745143,0.0009441319031976887
2025-03-31,2025-02-28,ft_med_ef21_fc60_sample_sleeves,0.005165604742061258,0.012062574571368159,0.492561766882704,0.0048652221825208255,0.012104407311130532,0.4765075511771913,0.019215297068468296,0.024055574962254595,0.019550566643361997,0.00043237599663972255
2025-04-30,2025-03-31,ft_med_ef21_fc60_sample_sleeves,0.005491050647424948,0.012228487377622421,0.34386828235976297,0.005116382155531358,0.01249386927993653,0.34471078491323387,0.015633235340080372,0.021839359775549783,0.01594474430176563,0.00038223972593234823
2025-05-30,2025-04-30,ft_med_ef21_fc60_sample_sleeves,0.00576666713306445,0.012232462164101983,0.3262387487971973,0.005352931709292024,0.01251869001799136,0.32699672368455246,0.014926403677636778,0.020904540494551812,0.015274701647402038,0.0004269176648810499
2025-06-30,2025-05-30,ft_med_ef21_fc60_sample_sleeves,0.0056845727430281205,0.011884080420487247,0.3876773457762575,0.005253461737795475,0.012133411702385632,0.38791383445620314,0.016124112986048378,0.021256808674215224,0.016464575499332165,0.0004266436019154442
2025-07-31,2025-06-30,ft_med_ef21_fc60_sample_sleeves,0.006937524773963697,0.011437415822380516,0.3841113564732028,0.006378420217805315,0.011674043348050871,0.38186904306922154,0.014537551637966124,0.017624238973682906,0.014960722541187785,0.0005491351981445656
2025-08-29,2025-07-31,ft_med_ef21_fc60_sample_sleeves,0.006670720514900521,0.01105084597359982,0.3808437119395334,0.006049735647931587,0.011363200442172823,0.3777859129570455,0.014112996260208495,0.017355697890189644,0.014605927786847194,0.0006355075877066108
2025-09-30,2025-08-29,ft_med_ef21_fc60_sample_sleeves,0.006084435502007902,0.010076632376046146,0.337238525540595,0.005348171050114066,0.010592207848625532,0.32703680261693274,0.012208806258931445,0.016003701812560625,0.012902925782617874,0.0008740465507769213
2025-10-31,2025-09-30,ft_med_ef21_fc60_sample_sleeves,0.005784600632385607,0.010154260598762725,0.4317375230206477,0.005262510519560656,0.010445639248783736,0.42576780124750846,0.014090257635631065,0.0170922013988547,0.014523991717749124,0.0005627478769803848
2025-11-28,2025-10-31,ft_med_ef21_fc60_sample_sleeves,0.005666443085641578,0.010181474632708434,0.3946672240933862,0.005117034085620751,0.010492219649934695,0.39543046875400695,0.013624232601738255,0.01712041325808339,0.014049345199068693,0.0005418206203265639
2025-12-31,2025-11-28,ft_med_ef21_fc60_sample_sleeves,0.005641428216688625,0.010208571899937399,0.31389826521277836,0.005128098492775048,0.010592252430885562,0.32330455989220874,0.012201561985945363,0.016338713539414434,0.012586882698618898,0.0004761111664544277
2026-01-30,2025-12-31,ft_med_ef21_fc60_sample_sleeves,0.005375899098269407,0.01023278314935216,0.30342606679267836,0.004895074307616054,0.010590061430368863,0.31270551235998295,0.01205936512889329,0.01662191500807689,0.012414998526780126,0.00043526810261701693
2026-02-27,2026-01-30,ft_med_ef21_fc60_sample_sleeves,0.006962114322878125,0.00936293654238064,0.4600462613674634,0.006732489446751425,0.009384865220400135,0.45884489861011124,0.012735184847319544,0.012907520568249328,0.012862585183436017,0.00017985373878217007
2026-03-31,2026-02-27,ft_med_ef21_fc60_sample_sleeves,0.007007064367106464,0.009425129291958647,0.3499852030130802,0.006865472617340667,0.00951819413136168,0.36273456443674607,0.011652077926655735,0.012399981262442924,0.011718415072252523,8.99888501942509e-05
2026-04-30,2026-03-31,ft_med_ef21_fc60_sample_sleeves,0.00591467361236259,0.010114691883598318,0.36233281722689054,0.00570188659133449,0.010240233432573277,0.3717078164884971,0.012537898840497849,0.015184935445508217,0.012655196261894014,0.00015103393872056446
2026-05-29,2026-04-30,ft_med_ef21_fc60_sample_sleeves,0.005441316279714188,0.009946439023540104,0.4988204705704139,0.005194201437463527,0.010019138898780009,0.48645143453946454,0.014595362544348013,0.016794939625490415,0.014822758509593179,0.00030325754629809674
2026-06-30,2026-05-29,ft_med_ef21_fc60_sample_sleeves,0.004728605507692321,0.009992715973358943,0.5121381598712718,0.004461128616097345,0.010090772987654172,0.4922684442704517,0.01569698358699753,0.018928237033766584,0.016009296556785145,0.0004093504368611132
2026-07-31,2026-06-30,ft_med_ef21_fc60_sample_sleeves,0.0025114928663178093,0.010223969983153766,0.29180352097138007,0.002179714517249018,0.010708000875277691,0.29347224972008584,0.017617472231236116,0.0304425051018342,0.01761747179376012,0.000667844648672319
2026-08-31,2026-07-31,ft_med_ef21_fc60_sample_sleeves,0.0031579536961862647,0.00943196708468045,0.355514961996066,0.002809783248955839,0.009871001286569335,0.35115431349040266,0.014986987918037849,0.02279722458083478,0.015368610674395928,0.00045650247608874315
2026-09-16,2026-08-31,ft_med_ef21_fc60_sample_sleeves,0.0021820272615862705,0.008481780169377015,0.6162213814041548,0.0014530838136797971,0.009010792425074268,0.5769186738032307,0.03368973366319362,0.04338768131461238,0.033689732719433235,0.0023639658268331475
