decision_date,feature_end,date,label_start,window_weeks,n_names,strategy_id,gross_return,turnover,cost_return,return
2021-03-31,2021-03-26,2021-04-30,2021-04-01,156,98,nonlinear_shrinkage_gmv,0.0013457971416063058,0.5000000000000001,0.00025000000000000006,0.0010957971416063058
2021-03-31,2021-03-26,2021-04-30,2021-04-01,156,98,minvar_lw_weekly,0.008607348275253284,0.5,0.00025,0.008357348275253284
2021-03-31,2021-03-26,2021-04-30,2021-04-01,156,98,erc_weekly,0.021675717559641372,0.5,0.00025,0.021425717559641372
2021-03-31,2021-03-26,2021-04-30,2021-04-01,156,98,equal_weight,0.03394182520838469,0.49999999999999994,0.00024999999999999995,0.03369182520838469
2021-03-31,2021-03-26,2021-04-30,2021-04-01,156,98,minvar_lw_monthly_reference,0.014857218524653923,0.5,0.00025,0.014607218524653923
2021-04-30,2021-04-30,2021-05-28,2021-05-01,156,98,nonlinear_shrinkage_gmv,0.0015761257979244473,0.0322939637279109,1.614698186395545e-05,0.0015599788160604918
2021-04-30,2021-04-30,2021-05-28,2021-05-01,156,98,minvar_lw_weekly,0.003286134006939574,0.007123009214540074,3.561504607270037e-06,0.003282572502332304
2021-04-30,2021-04-30,2021-05-28,2021-05-01,156,98,erc_weekly,0.00606862725436856,0.0018379233592467294,9.189616796233646e-07,0.006067708292688937
2021-04-30,2021-04-30,2021-05-28,2021-05-01,156,98,equal_weight,0.011211013142709725,0.0,0.0,0.011211013142709725
2021-04-30,2021-04-30,2021-05-28,2021-05-01,156,98,minvar_lw_monthly_reference,0.0034622377314128382,0.02186358056502811,1.0931790282514057e-05,0.0034513059411303243
2021-05-28,2021-05-28,2021-06-30,2021-05-29,156,98,nonlinear_shrinkage_gmv,-0.0011639392996256421,0.003451745825559483,1.7258729127797415e-06,-0.0011656651725384219
2021-05-28,2021-05-28,2021-06-30,2021-05-29,156,98,minvar_lw_weekly,0.0015684145582349764,0.01683733004392741,8.418665021963705e-06,0.0015599958932130127
2021-05-28,2021-05-28,2021-06-30,2021-05-29,156,98,erc_weekly,0.004980367309312862,0.0045448091139401615,2.2724045569700806e-06,0.004978094904755892
2021-05-28,2021-05-28,2021-06-30,2021-05-29,156,98,equal_weight,0.0047204468343724874,0.0,0.0,0.0047204468343724874
2021-05-28,2021-05-28,2021-06-30,2021-05-29,156,98,minvar_lw_monthly_reference,0.005020857008872108,0.0015434426245760319,7.71721312288016e-07,0.00502008528755982
2021-06-30,2021-06-25,2021-07-30,2021-07-01,156,98,nonlinear_shrinkage_gmv,0.0011495353323248132,0.004007408673296096,2.003704336648048e-06,0.0011475316279881652
2021-06-30,2021-06-25,2021-07-30,2021-07-01,156,98,minvar_lw_weekly,0.00534371612854628,0.010594312743659932,5.297156371829966e-06,0.00533841897217445
2021-06-30,2021-06-25,2021-07-30,2021-07-01,156,98,erc_weekly,0.008215825927265186,0.004913906605312586,2.456953302656293e-06,0.008213368973962529
2021-06-30,2021-06-25,2021-07-30,2021-07-01,156,98,equal_weight,0.005845795909764594,0.0,0.0,0.005845795909764594
2021-06-30,2021-06-25,2021-07-30,2021-07-01,156,98,minvar_lw_monthly_reference,0.006393050145577221,0.011851221633790883,5.925610816895442e-06,0.0063871245347603255
2021-07-30,2021-07-30,2021-08-31,2021-07-31,156,98,nonlinear_shrinkage_gmv,3.96805168133876e-06,0.016758965578468767,8.379482789234383e-06,-4.411431107895622e-06
2021-07-30,2021-07-30,2021-08-31,2021-07-31,156,98,minvar_lw_weekly,-1.3193146828511555e-05,0.005769723248397595,2.8848616241987976e-06,-1.607800845271035e-05
2021-07-30,2021-07-30,2021-08-31,2021-07-31,156,98,erc_weekly,0.004340105955886721,0.0013821020372532385,6.910510186266192e-07,0.004339414904868094
2021-07-30,2021-07-30,2021-08-31,2021-07-31,156,98,equal_weight,0.013971390217108914,0.0,0.0,0.013971390217108914
2021-07-30,2021-07-30,2021-08-31,2021-07-31,156,98,minvar_lw_monthly_reference,-7.999902891527414e-05,0.0052407389307224765,2.6203694653612384e-06,-8.261939838063538e-05
2021-08-31,2021-08-27,2021-09-30,2021-09-01,156,99,nonlinear_shrinkage_gmv,0.00014806991258862817,0.0026963324225939287,1.3481662112969642e-06,0.00014672174637733122
2021-08-31,2021-08-27,2021-09-30,2021-09-01,156,99,minvar_lw_weekly,-0.0023191526603000743,0.005669742627837937,2.8348713139189687e-06,-0.002321987531613993
2021-08-31,2021-08-27,2021-09-30,2021-09-01,156,99,erc_weekly,-0.013890343437652797,0.005923263660004357,2.9616318300021788e-06,-0.0138933050694828
2021-08-31,2021-08-27,2021-09-30,2021-09-01,156,99,equal_weight,-0.02721279625517379,0.010101010101010019,5.050505050505009e-06,-0.027217846760224294
2021-08-31,2021-08-27,2021-09-30,2021-09-01,156,99,minvar_lw_monthly_reference,-0.003425971940068227,0.0062546416714666766,3.1273208357333382e-06,-0.0034290992609039605
2021-09-30,2021-09-24,2021-10-29,2021-10-01,156,99,nonlinear_shrinkage_gmv,-0.0027574172424939774,0.025650916206920296,1.2825458103460146e-05,-0.0027702427005974377
2021-09-30,2021-09-24,2021-10-29,2021-10-01,156,99,minvar_lw_weekly,-0.001595244759704313,0.0037648542382925326,1.8824271191462663e-06,-0.001597127186823459
2021-09-30,2021-09-24,2021-10-29,2021-10-01,156,99,erc_weekly,0.013089432141497954,0.0017018449735620225,8.509224867810113e-07,0.013088581219011172
2021-09-30,2021-09-24,2021-10-29,2021-10-01,156,99,equal_weight,0.038234588060308834,0.0,0.0,0.038234588060308834
2021-09-30,2021-09-24,2021-10-29,2021-10-01,156,99,minvar_lw_monthly_reference,0.0010211782378078589,0.006983883122371407,3.4919415611857034e-06,0.001017686296246673
2021-10-29,2021-10-29,2021-11-30,2021-10-30,156,99,nonlinear_shrinkage_gmv,-0.0021160870863833384,0.04972994756129137,2.4864973780645686e-05,-0.0021409520601639843
2021-10-29,2021-10-29,2021-11-30,2021-10-30,156,99,minvar_lw_weekly,-0.0009399602443812384,0.011882917092394394,5.941458546197197e-06,-0.0009459017029274356
2021-10-29,2021-10-29,2021-11-30,2021-10-30,156,99,erc_weekly,-0.0072007183233921065,0.005172680707142309,2.5863403535711546e-06,-0.007203304663745678
2021-10-29,2021-10-29,2021-11-30,2021-10-30,156,99,equal_weight,-0.025753801436160944,0.0,0.0,-0.025753801436160944
2021-10-29,2021-10-29,2021-11-30,2021-10-30,156,99,minvar_lw_monthly_reference,-0.0011148288323047403,0.0033248488666039297,1.6624244333019649e-06,-0.0011164912567380423
2021-11-30,2021-11-26,2021-12-31,2021-12-01,156,100,nonlinear_shrinkage_gmv,-0.0003327029629332488,0.004993394231699792,2.4966971158498963e-06,-0.0003351996600490987
2021-11-30,2021-11-26,2021-12-31,2021-12-01,156,100,minvar_lw_weekly,0.0021110106473879635,0.010245190134864815,5.122595067432408e-06,0.002105888052320531
2021-11-30,2021-11-26,2021-12-31,2021-12-01,156,100,erc_weekly,0.010719773824905425,0.005289010334971386,2.644505167485693e-06,0.01071712931973794
2021-11-30,2021-11-26,2021-12-31,2021-12-01,156,100,equal_weight,0.03077105147037019,0.010000000000000033,5.000000000000017e-06,0.03076605147037019
2021-11-30,2021-11-26,2021-12-31,2021-12-01,156,100,minvar_lw_monthly_reference,0.0042425545489428755,0.03681316831476231,1.8406584157381155e-05,0.004224147964785495
2021-12-31,2021-12-31,2022-01-31,2022-01-01,156,100,nonlinear_shrinkage_gmv,-0.006225940419697939,0.0343409736424316,1.71704868212158e-05,-0.0062431109065191545
2021-12-31,2021-12-31,2022-01-31,2022-01-01,156,100,minvar_lw_weekly,-0.009181691348307881,0.013456353766303242,6.728176883151621e-06,-0.009188419525191033
2021-12-31,2021-12-31,2022-01-31,2022-01-01,156,100,erc_weekly,-0.020211995297805187,0.006907094122629871,3.453547061314935e-06,-0.0202154488448665
2021-12-31,2021-12-31,2022-01-31,2022-01-01,156,100,equal_weight,-0.035782196210293674,0.0,0.0,-0.035782196210293674
2021-12-31,2021-12-31,2022-01-31,2022-01-01,156,100,minvar_lw_monthly_reference,-0.013003781976305612,0.0015158377012950107,7.579188506475053e-07,-0.013004539895156259
2022-01-31,2022-01-28,2022-02-28,2022-02-01,156,100,nonlinear_shrinkage_gmv,-0.002493151391397635,0.02207476833367717,1.1037384166838585e-05,-0.002504188775564474
2022-01-31,2022-01-28,2022-02-28,2022-02-01,156,100,minvar_lw_weekly,0.0014509655422616757,0.017521579267401593,8.760789633700797e-06,0.0014422047526279748
2022-01-31,2022-01-28,2022-02-28,2022-02-01,156,100,erc_weekly,-9.48403672166127e-05,0.00805201570813934,4.02600785406967e-06,-9.886637507068237e-05
2022-01-31,2022-01-28,2022-02-28,2022-02-01,156,100,equal_weight,-0.0040275024532192005,0.0,0.0,-0.0040275024532192005
2022-01-31,2022-01-28,2022-02-28,2022-02-01,156,100,minvar_lw_monthly_reference,0.004733382702534846,0.026576203417223884,1.3288101708611941e-05,0.004720094600826234
2022-02-28,2022-02-25,2022-03-31,2022-03-01,156,100,nonlinear_shrinkage_gmv,-0.011396786765316884,0.04935238929283706,2.467619464641853e-05,-0.011421462959963302
2022-02-28,2022-02-25,2022-03-31,2022-03-01,156,100,minvar_lw_weekly,-0.014874439806888243,0.005564886754117349,2.7824433770586748e-06,-0.014877222250265302
2022-02-28,2022-02-25,2022-03-31,2022-03-01,156,100,erc_weekly,-0.007667032853187297,0.001678291083707567,8.391455418537836e-07,-0.00766787199872915
2022-02-28,2022-02-25,2022-03-31,2022-03-01,156,100,equal_weight,0.011738437078287561,0.0,0.0,0.011738437078287561
2022-02-28,2022-02-25,2022-03-31,2022-03-01,156,100,minvar_lw_monthly_reference,-0.013976350637419097,0.00399117706598488,1.99558853299244e-06,-0.01397834622595209
2022-03-31,2022-03-25,2022-04-29,2022-04-01,156,100,nonlinear_shrinkage_gmv,-0.0045215528856676354,0.034187216351758865,1.7093608175879433e-05,-0.004538646493843515
2022-03-31,2022-03-25,2022-04-29,2022-04-01,156,100,minvar_lw_weekly,-0.008990840685373324,0.038897385003083124,1.944869250154156e-05,-0.009010289377874866
2022-03-31,2022-03-25,2022-04-29,2022-04-01,156,100,erc_weekly,-0.030585002051889357,0.014425974121801837,7.212987060900919e-06,-0.03059221503895026
2022-03-31,2022-03-25,2022-04-29,2022-04-01,156,100,equal_weight,-0.05469350304218373,0.0,0.0,-0.05469350304218373
2022-03-31,2022-03-25,2022-04-29,2022-04-01,156,100,minvar_lw_monthly_reference,-0.01276958244491179,0.03125240474842457,1.5626202374212283e-05,-0.012785208647286002
2022-04-29,2022-04-29,2022-05-31,2022-04-30,156,100,nonlinear_shrinkage_gmv,0.006179961549380471,0.029883280336357027,1.4941640168178512e-05,0.006165019909212293
2022-04-29,2022-04-29,2022-05-31,2022-04-30,156,100,minvar_lw_weekly,0.005020930540641394,0.01234616982827929,6.173084914139645e-06,0.0050147574557272544
2022-04-29,2022-04-29,2022-05-31,2022-04-30,156,100,erc_weekly,0.0038957523246746567,0.007336414921678073,3.668207460839036e-06,0.0038920841172138177
2022-04-29,2022-04-29,2022-05-31,2022-04-30,156,100,equal_weight,0.004980008675991132,0.0,0.0,0.004980008675991132
2022-04-29,2022-04-29,2022-05-31,2022-04-30,156,100,minvar_lw_monthly_reference,0.0028399314504053905,0.028326908012064854,1.4163454006032428e-05,0.002825767996399358
2022-05-31,2022-05-27,2022-06-30,2022-06-01,156,100,nonlinear_shrinkage_gmv,-0.007229259877377415,0.01090461981309969,5.452309906549845e-06,-0.007234712187283964
2022-05-31,2022-05-27,2022-06-30,2022-06-01,156,100,minvar_lw_weekly,-0.010892999748516076,0.011868244838454951,5.9341224192274755e-06,-0.010898933870935303
2022-05-31,2022-05-27,2022-06-30,2022-06-01,156,100,erc_weekly,-0.036404974942097816,0.0049641822618864484,2.4820911309432243e-06,-0.03640745703322876
2022-05-31,2022-05-27,2022-06-30,2022-06-01,156,100,equal_weight,-0.07200220673198146,0.0,0.0,-0.07200220673198146
2022-05-31,2022-05-27,2022-06-30,2022-06-01,156,100,minvar_lw_monthly_reference,-0.01937466647253787,0.1206511095121323,6.032555475606615e-05,-0.019434992027293936
2022-06-30,2022-06-24,2022-07-29,2022-07-01,156,101,nonlinear_shrinkage_gmv,0.005176871213520183,0.04378478725872576,2.189239362936288e-05,0.00515497881989082
2022-06-30,2022-06-24,2022-07-29,2022-07-01,156,101,minvar_lw_weekly,0.012141474634231642,0.02288516735238283,1.1442583676191414e-05,0.012130032050555451
2022-06-30,2022-06-24,2022-07-29,2022-07-01,156,101,erc_weekly,0.02757939892392123,0.013953060293190865,6.976530146595434e-06,0.027572422393774634
2022-06-30,2022-06-24,2022-07-29,2022-07-01,156,101,equal_weight,0.05450546999831132,0.009900990099009906,4.950495049504953e-06,0.05450051950326182
2022-06-30,2022-06-24,2022-07-29,2022-07-01,156,101,minvar_lw_monthly_reference,0.015489286141530646,0.051957085077068726,2.5978542538534366e-05,0.015463307598992112
2022-07-29,2022-07-29,2022-08-31,2022-07-30,156,102,nonlinear_shrinkage_gmv,-0.007345389342206637,0.07737350732793877,3.868675366396939e-05,-0.007384076095870606
2022-07-29,2022-07-29,2022-08-31,2022-07-30,156,102,minvar_lw_weekly,-0.013436196210825143,0.024288186543287155,1.2144093271643577e-05,-0.013448340304096787
2022-07-29,2022-07-29,2022-08-31,2022-07-30,156,102,erc_weekly,-0.024557880111536333,0.008701975213942045,4.350987606971023e-06,-0.024562231099143305
2022-07-29,2022-07-29,2022-08-31,2022-07-30,156,102,equal_weight,-0.03523587686299828,0.009803921568627468,4.901960784313734e-06,-0.0352407788237826
2022-07-29,2022-07-29,2022-08-31,2022-07-30,156,102,minvar_lw_monthly_reference,-0.013354671759631686,0.03490363273294448,1.745181636647224e-05,-0.013372123575998159
2022-08-31,2022-08-26,2022-09-30,2022-09-01,156,102,nonlinear_shrinkage_gmv,-0.01273633021111362,0.010102692092833725,5.051346046416862e-06,-0.012741381557160036
2022-08-31,2022-08-26,2022-09-30,2022-09-01,156,102,minvar_lw_weekly,-0.02119843653369482,0.012737779951388244,6.368889975694122e-06,-0.021204805423670512
2022-08-31,2022-08-26,2022-09-30,2022-09-01,156,102,erc_weekly,-0.044519554481440154,0.004919368458727907,2.4596842293639533e-06,-0.04452201416566952
2022-08-31,2022-08-26,2022-09-30,2022-09-01,156,102,equal_weight,-0.0716328956697739,0.0,0.0,-0.0716328956697739
2022-08-31,2022-08-26,2022-09-30,2022-09-01,156,102,minvar_lw_monthly_reference,-0.02183609295679361,0.07355227593183562,3.677613796591781e-05,-0.02187286909475953
2022-09-30,2022-09-30,2022-10-31,2022-10-01,156,104,nonlinear_shrinkage_gmv,4.163128492154435e-05,0.007804185370400524,3.902092685200262e-06,3.772919223634408e-05
2022-09-30,2022-09-30,2022-10-31,2022-10-01,156,104,minvar_lw_weekly,0.0010010038852772713,0.02514597931095066,1.2572989655475331e-05,0.000988430895621796
2022-09-30,2022-09-30,2022-10-31,2022-10-01,156,104,erc_weekly,0.016845402912709882,0.015043499666984716,7.521749833492358e-06,0.01683788116287639
2022-09-30,2022-09-30,2022-10-31,2022-10-01,156,104,equal_weight,0.054237110189783125,0.019230769230769197,9.615384615384597e-06,0.05422749480516774
2022-09-30,2022-09-30,2022-10-31,2022-10-01,156,104,minvar_lw_monthly_reference,0.0009439797520339659,0.07307622957436094,3.653811478718047e-05,0.0009074416372467854
2022-10-31,2022-10-28,2022-11-30,2022-11-01,156,104,nonlinear_shrinkage_gmv,0.007865526904010708,0.008370869017767549,4.185434508883775e-06,0.007861341469501824
2022-10-31,2022-10-28,2022-11-30,2022-11-01,156,104,minvar_lw_weekly,0.013049623739265503,0.006776868091677518,3.388434045838759e-06,0.013046235305219664
2022-10-31,2022-10-28,2022-11-30,2022-11-01,156,104,erc_weekly,0.036255769887182904,0.0036287807547209904,1.8143903773604954e-06,0.036253955496805546
2022-10-31,2022-10-28,2022-11-30,2022-11-01,156,104,equal_weight,0.05885067260345121,0.0,0.0,0.05885067260345121
2022-10-31,2022-10-28,2022-11-30,2022-11-01,156,104,minvar_lw_monthly_reference,0.013060709368194607,0.005960969367229282,2.9804846836146407e-06,0.013057728883510993
2022-11-30,2022-11-25,2022-12-30,2022-12-01,156,104,nonlinear_shrinkage_gmv,0.00035732150600042284,0.007231911421013801,3.6159557105069003e-06,0.00035370555028991596
2022-11-30,2022-11-25,2022-12-30,2022-12-01,156,104,minvar_lw_weekly,-0.0019507351815826407,0.012561724234010502,6.280862117005251e-06,-0.001957016043699646
2022-11-30,2022-11-25,2022-12-30,2022-12-01,156,104,erc_weekly,-0.01270928026375279,0.011176222060317181,5.58811103015859e-06,-0.012714868374782948
2022-11-30,2022-11-25,2022-12-30,2022-12-01,156,104,equal_weight,-0.029090308082917453,0.0,0.0,-0.029090308082917453
2022-11-30,2022-11-25,2022-12-30,2022-12-01,156,104,minvar_lw_monthly_reference,-0.0019388157143284072,0.03759953855678024,1.8799769278390122e-05,-0.001957615483606797
2022-12-30,2022-12-30,2023-01-31,2022-12-31,156,104,nonlinear_shrinkage_gmv,0.009170504092054152,0.033206703195306,1.6603351597653e-05,0.0091539007404565
2022-12-30,2022-12-30,2023-01-31,2022-12-31,156,104,minvar_lw_weekly,0.013152068733261002,0.011162610404937982,5.581305202468991e-06,0.013146487428058533
2022-12-30,2022-12-30,2023-01-31,2022-12-31,156,104,erc_weekly,0.03613525312205944,0.0058047583590300775,2.9023791795150387e-06,0.036132350742879925
2022-12-30,2022-12-30,2023-01-31,2022-12-31,156,104,equal_weight,0.06399830100086923,0.0,0.0,0.06399830100086923
2022-12-30,2022-12-30,2023-01-31,2022-12-31,156,104,minvar_lw_monthly_reference,0.01332187005040062,0.009687749943257325,4.843874971628663e-06,0.013317026175428992
2023-01-31,2023-01-27,2023-02-28,2023-02-01,156,104,nonlinear_shrinkage_gmv,-0.007965735514908574,0.020480158743910473,1.0240079371955237e-05,-0.007975975594280529
2023-01-31,2023-01-27,2023-02-28,2023-02-01,156,104,minvar_lw_weekly,-0.010790594862431014,0.009100754546330452,4.550377273165226e-06,-0.01079514523970418
2023-01-31,2023-01-27,2023-02-28,2023-02-01,156,104,erc_weekly,-0.022862853920878792,0.0075875992475262725,3.793799623763136e-06,-0.022866647720502554
2023-01-31,2023-01-27,2023-02-28,2023-02-01,156,104,equal_weight,-0.027347996550482256,0.0,0.0,-0.027347996550482256
2023-01-31,2023-01-27,2023-02-28,2023-02-01,156,104,minvar_lw_monthly_reference,-0.013036346838803484,0.02723831573930469,1.3619157869652346e-05,-0.013049965996673137
2023-02-28,2023-02-24,2023-03-31,2023-03-01,156,104,nonlinear_shrinkage_gmv,0.01620661688128449,0.07657629876938989,3.828814938469494e-05,0.016168328731899793
2023-02-28,2023-02-24,2023-03-31,2023-03-01,156,104,minvar_lw_weekly,0.019081667797367016,0.009721642137404417,4.860821068702208e-06,0.019076806976298315
2023-02-28,2023-02-24,2023-03-31,2023-03-01,156,104,erc_weekly,0.022546109138950443,0.02450325762986548,1.225162881493274e-05,0.02253385751013551
2023-02-28,2023-02-24,2023-03-31,2023-03-01,156,104,equal_weight,0.01955671530564323,0.0,0.0,0.01955671530564323
2023-02-28,2023-02-24,2023-03-31,2023-03-01,156,104,minvar_lw_monthly_reference,0.017210688521453698,0.022957533426055304,1.1478766713027652e-05,0.01719920975474067
2023-03-31,2023-03-31,2023-04-28,2023-04-01,156,104,nonlinear_shrinkage_gmv,0.0022729620015453063,0.0461338207631565,2.306691038157825e-05,0.002249895091163728
2023-03-31,2023-03-31,2023-04-28,2023-04-01,156,104,minvar_lw_weekly,0.002263942737807523,0.1534425703220863,7.672128516104315e-05,0.00218722145264648
2023-03-31,2023-03-31,2023-04-28,2023-04-01,156,104,erc_weekly,0.004985869177686002,0.08591021306849447,4.2955106534247235e-05,0.004942914071151754
2023-03-31,2023-03-31,2023-04-28,2023-04-01,156,104,equal_weight,0.007822450683154373,0.0,0.0,0.007822450683154373
2023-03-31,2023-03-31,2023-04-28,2023-04-01,156,104,minvar_lw_monthly_reference,-0.0008337141352899472,0.022388418778483188,1.1194209389241594e-05,-0.0008449083446791887
2023-04-28,2023-04-28,2023-05-31,2023-04-29,156,104,nonlinear_shrinkage_gmv,-0.003355088327452632,0.1074059444048849,5.3702972202442454e-05,-0.003408791299655074
2023-04-28,2023-04-28,2023-05-31,2023-04-29,156,104,minvar_lw_weekly,-0.0037692877953981975,0.11617472801347428,5.808736400673714e-05,-0.0038273751594049346
2023-04-28,2023-04-28,2023-05-31,2023-04-29,156,104,erc_weekly,-0.0146116568190366,0.03562081292050365,1.7810406460251823e-05,-0.014629467225496852
2023-04-28,2023-04-28,2023-05-31,2023-04-29,156,104,equal_weight,-0.021154836261925988,0.0,0.0,-0.021154836261925988
2023-04-28,2023-04-28,2023-05-31,2023-04-29,156,104,minvar_lw_monthly_reference,-0.005619539585699348,0.0040789247035760475,2.039462351788024e-06,-0.005621579048051136
2023-05-31,2023-05-26,2023-06-30,2023-06-01,156,104,nonlinear_shrinkage_gmv,-0.0003332612675123548,0.07799159414286629,3.899579707143314e-05,-0.00037225706458378794
2023-05-31,2023-05-26,2023-06-30,2023-06-01,156,104,minvar_lw_weekly,0.0003214657589686687,0.026080998214926633,1.3040499107463316e-05,0.00030842525986120534
2023-05-31,2023-05-26,2023-06-30,2023-06-01,156,104,erc_weekly,0.018245864844754302,0.012760594463468736,6.380297231734368e-06,0.018239484547522566
2023-05-31,2023-05-26,2023-06-30,2023-06-01,156,104,equal_weight,0.046692780927450356,0.0,0.0,0.046692780927450356
2023-05-31,2023-05-26,2023-06-30,2023-06-01,156,104,minvar_lw_monthly_reference,-0.0009205729393964316,0.011596151716709236,5.798075858354618e-06,-0.0009263710152547862
2023-06-30,2023-06-30,2023-07-31,2023-07-01,156,105,nonlinear_shrinkage_gmv,0.004699631757140794,0.06999849354681138,3.499924677340569e-05,0.004664632510367388
2023-06-30,2023-06-30,2023-07-31,2023-07-01,156,105,minvar_lw_weekly,0.005298466528125969,0.01418312946508153,7.091564732540764e-06,0.005291374963393428
2023-06-30,2023-06-30,2023-07-31,2023-07-01,156,105,erc_weekly,0.015712388123038074,0.019284127327598724,9.642063663799362e-06,0.015702746059374273
2023-06-30,2023-06-30,2023-07-31,2023-07-01,156,105,equal_weight,0.030806760467460354,0.009523809523809507,4.761904761904753e-06,0.03080199856269845
2023-06-30,2023-06-30,2023-07-31,2023-07-01,156,105,minvar_lw_monthly_reference,0.005825311926095677,0.010321252455374033,5.160626227687016e-06,0.005820151299867991
2023-07-31,2023-07-28,2023-08-31,2023-08-01,156,105,nonlinear_shrinkage_gmv,0.005059801595113024,0.006515079298101261,3.25753964905063e-06,0.005056544055463973
2023-07-31,2023-07-28,2023-08-31,2023-08-01,156,105,minvar_lw_weekly,0.004087437936658113,0.011457294824402456,5.728647412201228e-06,0.004081709289245912
2023-07-31,2023-07-28,2023-08-31,2023-08-01,156,105,erc_weekly,-0.01162813794169299,0.007196142925903598,3.598071462951799e-06,-0.011631736013155942
2023-07-31,2023-07-28,2023-08-31,2023-08-01,156,105,equal_weight,-0.022286131125811966,0.0,0.0,-0.022286131125811966
2023-07-31,2023-07-28,2023-08-31,2023-08-01,156,105,minvar_lw_monthly_reference,-0.0002536887792778274,0.0026636846204154117,1.3318423102077059e-06,-0.0002550206215880351
2023-08-31,2023-08-25,2023-09-29,2023-09-01,156,106,nonlinear_shrinkage_gmv,0.0004766232082762757,0.02858822741785661,1.4294113708928304e-05,0.00046232909456734737
2023-08-31,2023-08-25,2023-09-29,2023-09-01,156,106,minvar_lw_weekly,-0.000726036550209261,0.005810472876848618,2.905236438424309e-06,-0.0007289417866476852
2023-08-31,2023-08-25,2023-09-29,2023-09-01,156,106,erc_weekly,-0.023354366785559803,0.012848993839142809,6.424496919571404e-06,-0.023360791282479376
2023-08-31,2023-08-25,2023-09-29,2023-09-01,156,106,equal_weight,-0.03531735120672955,0.009433962264151007,4.716981132075504e-06,-0.03532206818786162
2023-08-31,2023-08-25,2023-09-29,2023-09-01,156,106,minvar_lw_monthly_reference,-0.004775794669220916,0.006969501204168865,3.4847506020844325e-06,-0.004779279419823001
2023-09-29,2023-09-29,2023-10-31,2023-09-30,156,106,nonlinear_shrinkage_gmv,0.002779405374162789,0.04384659856071349,2.1923299280356746e-05,0.002757482074882432
2023-09-29,2023-09-29,2023-10-31,2023-09-30,156,106,minvar_lw_weekly,0.0018610539925795193,0.009760094751815808,4.8800473759079036e-06,0.0018561739452036114
2023-09-29,2023-09-29,2023-10-31,2023-09-30,156,106,erc_weekly,-0.010054116608296255,0.006895925908834449,3.4479629544172246e-06,-0.010057564571250673
2023-09-29,2023-09-29,2023-10-31,2023-09-30,156,106,equal_weight,-0.01945678328198835,0.0,0.0,-0.01945678328198835
2023-09-29,2023-09-29,2023-10-31,2023-09-30,156,106,minvar_lw_monthly_reference,0.001302028347264261,0.013321074426884181,6.6605372134420904e-06,0.001295367810050819
2023-10-31,2023-10-27,2023-11-30,2023-11-01,156,107,nonlinear_shrinkage_gmv,0.011249711935131046,0.008556058263409527,4.278029131704764e-06,0.011245433905999342
2023-10-31,2023-10-27,2023-11-30,2023-11-01,156,107,minvar_lw_weekly,0.013392943125759995,0.009681544701102333,4.840772350551166e-06,0.013388102353409445
2023-10-31,2023-10-27,2023-11-30,2023-11-01,156,107,erc_weekly,0.0442331869756209,0.024593284460598525,1.2296642230299263e-05,0.0442208903333906
2023-10-31,2023-10-27,2023-11-30,2023-11-01,156,107,equal_weight,0.06746744985299588,0.009345794392523381,4.67289719626169e-06,0.06746277695579962
2023-10-31,2023-10-27,2023-11-30,2023-11-01,156,107,minvar_lw_monthly_reference,0.015697500566286063,0.010977807571897353,5.488903785948677e-06,0.015692011662500113
2023-11-30,2023-11-24,2023-12-29,2023-12-01,156,107,nonlinear_shrinkage_gmv,0.01086814192067279,0.045420120136795195,2.2710060068397597e-05,0.010845431860604392
2023-11-30,2023-11-24,2023-12-29,2023-12-01,156,107,minvar_lw_weekly,0.012175029921420388,0.018259038330110028,9.129519165055013e-06,0.012165900402255334
2023-11-30,2023-11-24,2023-12-29,2023-12-01,156,107,erc_weekly,0.029619170855196275,0.01724461049499537,8.622305247497687e-06,0.029610548549948778
2023-11-30,2023-11-24,2023-12-29,2023-12-01,156,107,equal_weight,0.04753992239448994,0.0,0.0,0.04753992239448994
2023-11-30,2023-11-24,2023-12-29,2023-12-01,156,107,minvar_lw_monthly_reference,0.01307676662684595,0.031048204022437284,1.5524102011218645e-05,0.013061242524834732
2023-12-29,2023-12-29,2024-01-31,2023-12-30,156,107,nonlinear_shrinkage_gmv,0.003831511716011421,0.02375162808225509,1.1875814041127545e-05,0.003819635901970293
2023-12-29,2023-12-29,2024-01-31,2023-12-30,156,107,minvar_lw_weekly,0.003966230214442344,0.025065741750862663,1.2532870875431332e-05,0.003953697343566913
2023-12-29,2023-12-29,2024-01-31,2023-12-30,156,107,erc_weekly,-0.0008187395332194964,0.014420247667326124,7.210123833663063e-06,-0.0008259496570531595
2023-12-29,2023-12-29,2024-01-31,2023-12-30,156,107,equal_weight,-0.0029569097326183156,0.0,0.0,-0.0029569097326183156
2023-12-29,2023-12-29,2024-01-31,2023-12-30,156,107,minvar_lw_monthly_reference,0.002196565283170686,0.018749140001294642,9.37457000064732e-06,0.0021871907131700385
2024-01-31,2024-01-26,2024-02-29,2024-02-01,156,107,nonlinear_shrinkage_gmv,-0.0008767503290812812,0.01468416376226432,7.342081881132159e-06,-0.0008840924109624134
2024-01-31,2024-01-26,2024-02-29,2024-02-01,156,107,minvar_lw_weekly,-0.0008026054351477651,0.014004728386179591,7.002364193089796e-06,-0.000809607799340855
2024-01-31,2024-01-26,2024-02-29,2024-02-01,156,107,erc_weekly,0.006390084356373904,0.008016728234982602,4.008364117491301e-06,0.006386075992256413
2024-01-31,2024-01-26,2024-02-29,2024-02-01,156,107,equal_weight,0.026208716642670694,0.0,0.0,0.026208716642670694
2024-01-31,2024-01-26,2024-02-29,2024-02-01,156,107,minvar_lw_monthly_reference,-0.004940862281462179,0.015011624300866454,7.505812150433227e-06,-0.004948368093612612
2024-02-29,2024-02-23,2024-03-28,2024-03-01,156,107,nonlinear_shrinkage_gmv,0.005338334617116891,0.006076917489699666,3.0384587448498325e-06,0.005335296158372041
2024-02-29,2024-02-23,2024-03-28,2024-03-01,156,107,minvar_lw_weekly,0.005891887046150688,0.006282120445475615,3.141060222737808e-06,0.0058887459859279494
2024-02-29,2024-02-23,2024-03-28,2024-03-01,156,107,erc_weekly,0.02108286967791332,0.006558914148003628,3.279457074001814e-06,0.021079590220839318
2024-02-29,2024-02-23,2024-03-28,2024-03-01,156,107,equal_weight,0.03270127998373863,0.0,0.0,0.03270127998373863
2024-02-29,2024-02-23,2024-03-28,2024-03-01,156,107,minvar_lw_monthly_reference,0.007004067490255677,0.011075859380357662,5.537929690178831e-06,0.006998529560565498
2024-03-28,2024-03-22,2024-04-30,2024-03-29,156,107,nonlinear_shrinkage_gmv,-0.0039045685428670397,0.02502315106257478,1.2511575531287388e-05,-0.0039170801183983275
2024-03-28,2024-03-22,2024-04-30,2024-03-29,156,107,minvar_lw_weekly,-0.004085708582001248,0.013491409518946732,6.745704759473366e-06,-0.004092454286760722
2024-03-28,2024-03-22,2024-04-30,2024-03-29,156,107,erc_weekly,-0.020858483650532243,0.006810086569086873,3.4050432845434368e-06,-0.020861888693816787
2024-03-28,2024-03-22,2024-04-30,2024-03-29,156,107,equal_weight,-0.032507693955940886,0.0,0.0,-0.032507693955940886
2024-03-28,2024-03-22,2024-04-30,2024-03-29,156,107,minvar_lw_monthly_reference,-0.004788402424916306,0.005833815125496519,2.9169075627482593e-06,-0.004791319332479054
2024-04-30,2024-04-26,2024-05-31,2024-05-01,156,107,nonlinear_shrinkage_gmv,0.007504618641727076,0.06454638941207806,3.227319470603903e-05,0.007472345447021037
2024-04-30,2024-04-26,2024-05-31,2024-05-01,156,107,minvar_lw_weekly,0.008073328371346035,0.008751996616788233,4.375998308394116e-06,0.008068952373037641
2024-04-30,2024-04-26,2024-05-31,2024-05-01,156,107,erc_weekly,0.023015907280798296,0.00436411701247954,2.18205850623977e-06,0.023013725222292055
2024-04-30,2024-04-26,2024-05-31,2024-05-01,156,107,equal_weight,0.03558404666039223,0.0,0.0,0.03558404666039223
2024-04-30,2024-04-26,2024-05-31,2024-05-01,156,107,minvar_lw_monthly_reference,0.011054103355517347,0.015542077090954343,7.771038545477171e-06,0.01104633231697187
2024-05-31,2024-05-31,2024-06-28,2024-06-01,156,107,nonlinear_shrinkage_gmv,0.0033646390251975593,0.010838042181544263,5.419021090772132e-06,0.0033592200041067874
2024-05-31,2024-05-31,2024-06-28,2024-06-01,156,107,minvar_lw_weekly,0.0037261561117663965,0.009507199123039668,4.753599561519834e-06,0.0037214025122048766
2024-05-31,2024-05-31,2024-06-28,2024-06-01,156,107,erc_weekly,-0.0011209049351008778,0.0076173614041042574,3.8086807020521287e-06,-0.00112471361580293
2024-05-31,2024-05-31,2024-06-28,2024-06-01,156,107,equal_weight,-0.0029447615741314643,0.0,0.0,-0.0029447615741314643
2024-05-31,2024-05-31,2024-06-28,2024-06-01,156,107,minvar_lw_monthly_reference,-4.7780496827798825e-05,0.016286912871103124,8.143456435551562e-06,-5.592395326335039e-05
2024-06-28,2024-06-28,2024-07-31,2024-06-29,156,108,nonlinear_shrinkage_gmv,0.010062402787825315,0.021471063776343814,1.0735531888171907e-05,0.010051667255937143
2024-06-28,2024-06-28,2024-07-31,2024-06-29,156,108,minvar_lw_weekly,0.010057457981320858,0.058507089830441464,2.925354491522073e-05,0.010028204436405638
2024-06-28,2024-06-28,2024-07-31,2024-06-29,156,108,erc_weekly,0.018642460049394318,0.012361549111056948,6.1807745555284735e-06,0.01863627927483879
2024-06-28,2024-06-28,2024-07-31,2024-06-29,156,108,equal_weight,0.029711328345010394,0.009259259259259252,4.629629629629626e-06,0.029706698715380765
2024-06-28,2024-06-28,2024-07-31,2024-06-29,156,108,minvar_lw_monthly_reference,0.00911158785182908,0.07186167055890194,3.593083527945097e-05,0.009075657016549629
2024-07-31,2024-07-26,2024-08-30,2024-08-01,156,108,nonlinear_shrinkage_gmv,0.0075195836762007185,0.028147961963717712,1.4073980981858856e-05,0.0075055096952188595
2024-07-31,2024-07-26,2024-08-30,2024-08-01,156,108,minvar_lw_weekly,0.007688828673337122,0.004915528483824082,2.457764241912041e-06,0.00768637090909521
2024-07-31,2024-07-26,2024-08-30,2024-08-01,156,108,erc_weekly,0.01080921743718592,0.003609597360141833,1.8047986800709165e-06,0.01080741263850585
2024-07-31,2024-07-26,2024-08-30,2024-08-01,156,108,equal_weight,0.010736033974877473,0.0,0.0,0.010736033974877473
2024-07-31,2024-07-26,2024-08-30,2024-08-01,156,108,minvar_lw_monthly_reference,0.007937039123065284,0.011239130040659049,5.619565020329524e-06,0.007931419558044954
2024-08-30,2024-08-30,2024-09-30,2024-08-31,156,108,nonlinear_shrinkage_gmv,0.008560191738918114,0.06692252542486939,3.346126271243469e-05,0.008526730476205679
2024-08-30,2024-08-30,2024-09-30,2024-08-31,156,108,minvar_lw_weekly,0.009591659240857225,0.014487864431758882,7.243932215879441e-06,0.009584415308641346
2024-08-30,2024-08-30,2024-09-30,2024-08-31,156,108,erc_weekly,0.01912965456953372,0.007552103172600373,3.7760515863001864e-06,0.01912587851794742
2024-08-30,2024-08-30,2024-09-30,2024-08-31,156,108,equal_weight,0.01882426314987573,0.0,0.0,0.01882426314987573
2024-08-30,2024-08-30,2024-09-30,2024-08-31,156,108,minvar_lw_monthly_reference,0.010953404330235311,0.005887390433837576,2.943695216918788e-06,0.010950460635018392
2024-09-30,2024-09-27,2024-10-31,2024-10-01,156,108,nonlinear_shrinkage_gmv,-0.004469562207228202,0.0037822354541223913,1.8911177270611958e-06,-0.0044714533249552635
2024-09-30,2024-09-27,2024-10-31,2024-10-01,156,108,minvar_lw_weekly,-0.00489317281071873,0.0064557558936452165,3.227877946822608e-06,-0.004896400688665553
2024-09-30,2024-09-27,2024-10-31,2024-10-01,156,108,erc_weekly,-0.015397777341950542,0.006611600458803209,3.305800229401605e-06,-0.015401083142179944
2024-09-30,2024-09-27,2024-10-31,2024-10-01,156,108,equal_weight,-0.01721579144508157,0.0,0.0,-0.01721579144508157
2024-09-30,2024-09-27,2024-10-31,2024-10-01,156,108,minvar_lw_monthly_reference,-0.00894965179432083,0.008854280558176823,4.427140279088412e-06,-0.008954078934599919
2024-10-31,2024-10-25,2024-11-29,2024-11-01,156,108,nonlinear_shrinkage_gmv,0.004780454316844523,0.012963545037482975,6.481772518741488e-06,0.004773972544325781
2024-10-31,2024-10-25,2024-11-29,2024-11-01,156,108,minvar_lw_weekly,0.005481981822714687,0.004405737320625434,2.2028686603127173e-06,0.005479778954054374
2024-10-31,2024-10-25,2024-11-29,2024-11-01,156,108,erc_weekly,0.016727679498825955,0.0042813998317689315,2.1406999158844658e-06,0.01672553879891007
2024-10-31,2024-10-25,2024-11-29,2024-11-01,156,108,equal_weight,0.03931855847974809,0.0,0.0,0.03931855847974809
2024-10-31,2024-10-25,2024-11-29,2024-11-01,156,108,minvar_lw_monthly_reference,0.003932291594199579,0.013285367265058742,6.642683632529371e-06,0.00392564891056705
2024-11-29,2024-11-29,2024-12-31,2024-11-30,156,108,nonlinear_shrinkage_gmv,0.004210726594292088,0.022292194569836075,1.1146097284918038e-05,0.00419958049700717
2024-11-29,2024-11-29,2024-12-31,2024-11-30,156,108,minvar_lw_weekly,0.0031661254811304693,0.006706883657724487,3.3534418288622436e-06,0.003162772039301607
2024-11-29,2024-11-29,2024-12-31,2024-11-30,156,108,erc_weekly,-0.018446743564102103,0.008531815918789123,4.265907959394561e-06,-0.0184510094720615
2024-11-29,2024-11-29,2024-12-31,2024-11-30,156,108,equal_weight,-0.03418095734865705,0.0,0.0,-0.03418095734865705
2024-11-29,2024-11-29,2024-12-31,2024-11-30,156,108,minvar_lw_monthly_reference,0.003813685390541147,0.005981170388155612,2.990585194077806e-06,0.0038106948053470693
2024-12-31,2024-12-27,2025-01-31,2025-01-01,156,108,nonlinear_shrinkage_gmv,0.005088545939005524,0.020590374935064243,1.0295187467532121e-05,0.005078250751537992
2024-12-31,2024-12-27,2025-01-31,2025-01-01,156,108,minvar_lw_weekly,0.006023381407464315,0.005318621332511132,2.659310666255566e-06,0.00602072209679806
2024-12-31,2024-12-27,2025-01-31,2025-01-01,156,108,erc_weekly,0.020253924506748212,0.006978581339073181,3.4892906695365904e-06,0.020250435216078676
2024-12-31,2024-12-27,2025-01-31,2025-01-01,156,108,equal_weight,0.029980569638378925,0.0,0.0,0.029980569638378925
2024-12-31,2024-12-27,2025-01-31,2025-01-01,156,108,minvar_lw_monthly_reference,0.006056423089802223,0.00752628305885794,3.76314152942897e-06,0.006052659948272794
2025-01-31,2025-01-31,2025-02-28,2025-02-01,156,108,nonlinear_shrinkage_gmv,0.004646378757153719,0.00802317450845961,4.011587254229805e-06,0.004642367169899489
2025-01-31,2025-01-31,2025-02-28,2025-02-01,156,108,minvar_lw_weekly,0.005604274430840786,0.008227372928747803,4.113686464373902e-06,0.005600160744376412
2025-01-31,2025-01-31,2025-02-28,2025-02-01,156,108,erc_weekly,0.0035166966886134793,0.00541393404560239,2.7069670228011954e-06,0.003513989721590678
2025-01-31,2025-01-31,2025-02-28,2025-02-01,156,108,equal_weight,-0.006520082864167641,0.0,0.0,-0.006520082864167641
2025-01-31,2025-01-31,2025-02-28,2025-02-01,156,108,minvar_lw_monthly_reference,0.006272705420313786,0.005867371725114847,2.9336858625574236e-06,0.0062697717344512285
2025-02-28,2025-02-28,2025-03-31,2025-03-01,156,108,nonlinear_shrinkage_gmv,0.003276089648097312,0.10060078292169337,5.0300391460846685e-05,0.0032257892566364653
2025-02-28,2025-02-28,2025-03-31,2025-03-01,156,108,minvar_lw_weekly,0.00377257632373005,0.021634792714726167,1.0817396357363083e-05,0.003761758927372687
2025-02-28,2025-02-28,2025-03-31,2025-03-01,156,108,erc_weekly,-0.005558130437021769,0.008091770377630009,4.045885188815005e-06,-0.005562176322210584
2025-02-28,2025-02-28,2025-03-31,2025-03-01,156,108,equal_weight,-0.01894668772260054,0.0,0.0,-0.01894668772260054
2025-02-28,2025-02-28,2025-03-31,2025-03-01,156,108,minvar_lw_monthly_reference,0.0029622785400289474,0.034257998114887736,1.7128999057443866e-05,0.0029451495409715035
2025-03-31,2025-03-28,2025-04-30,2025-04-01,156,108,nonlinear_shrinkage_gmv,0.0062210601040272265,0.012688005014032867,6.344002507016433e-06,0.00621471610152021
2025-03-31,2025-03-28,2025-04-30,2025-04-01,156,108,minvar_lw_weekly,0.006028484879267885,0.015735483698534704,7.86774184926735e-06,0.006020617137418617
2025-03-31,2025-03-28,2025-04-30,2025-04-01,156,108,erc_weekly,0.0003537815150948918,0.008083648154736108,4.0418240773680544e-06,0.00034973969101752375
2025-03-31,2025-03-28,2025-04-30,2025-04-01,156,108,equal_weight,-0.001607449443410119,0.0,0.0,-0.001607449443410119
2025-03-31,2025-03-28,2025-04-30,2025-04-01,156,108,minvar_lw_monthly_reference,0.005764902440927983,0.09433832075448959,4.716916037724479e-05,0.005717733280550738
2025-04-30,2025-04-25,2025-05-30,2025-05-01,156,108,nonlinear_shrinkage_gmv,0.0001289929235087201,0.192809038277115,9.640451913855751e-05,3.258840437016259e-05
2025-04-30,2025-04-25,2025-05-30,2025-05-01,156,108,minvar_lw_weekly,0.00034682711054170434,0.028121496883632104,1.4060748441816052e-05,0.0003327663620998883
2025-04-30,2025-04-25,2025-05-30,2025-05-01,156,108,erc_weekly,0.015141630782607461,0.02637694974108541,1.3188474870542704e-05,0.015128442307736918
2025-04-30,2025-04-25,2025-05-30,2025-05-01,156,108,equal_weight,0.03824969898005258,0.0,0.0,0.03824969898005258
2025-04-30,2025-04-25,2025-05-30,2025-05-01,156,108,minvar_lw_monthly_reference,0.00014368403582285146,0.030509150877446455,1.5254575438723229e-05,0.00012842946038412823
2025-05-30,2025-05-30,2025-06-30,2025-05-31,156,109,nonlinear_shrinkage_gmv,0.0056531432024276365,0.0262418556515562,1.3120927825778101e-05,0.005640022274601858
2025-05-30,2025-05-30,2025-06-30,2025-05-31,156,109,minvar_lw_weekly,0.005553392578902823,0.0191560080882281,9.57800404411405e-06,0.0055438145748587095
2025-05-30,2025-05-30,2025-06-30,2025-05-31,156,109,erc_weekly,0.018867114970107707,0.011348592614123895,5.674296307061947e-06,0.018861440673800644
2025-05-30,2025-05-30,2025-06-30,2025-05-31,156,109,equal_weight,0.03200740586860833,0.00917431192660545,4.587155963302725e-06,0.03200281871264502
2025-05-30,2025-05-30,2025-06-30,2025-05-31,156,109,minvar_lw_monthly_reference,0.00609826709977686,0.019886727734823223,9.943363867411612e-06,0.006088323735909448
2025-06-30,2025-06-27,2025-07-31,2025-07-01,156,109,nonlinear_shrinkage_gmv,0.0008025549077076159,0.09459730286264151,4.729865143132075e-05,0.0007552562562762952
2025-06-30,2025-06-27,2025-07-31,2025-07-01,156,109,minvar_lw_weekly,0.0011174328623084183,0.027145315881404966,1.357265794070248e-05,0.0011038602043677158
2025-06-30,2025-06-27,2025-07-31,2025-07-01,156,109,erc_weekly,0.0016396664806564783,0.013641980790274164,6.820990395137082e-06,0.0016328454902613412
2025-06-30,2025-06-27,2025-07-31,2025-07-01,156,109,equal_weight,0.008424301251372314,0.0,0.0,0.008424301251372314
2025-06-30,2025-06-27,2025-07-31,2025-07-01,156,109,minvar_lw_monthly_reference,0.0013017935276776087,0.004600700965404778,2.3003504827023887e-06,0.0012994931771949064
2025-07-31,2025-07-25,2025-08-29,2025-08-01,156,109,nonlinear_shrinkage_gmv,0.00835906187705468,0.028920393136244577,1.4460196568122289e-05,0.008344601680486558
2025-07-31,2025-07-25,2025-08-29,2025-08-01,156,109,minvar_lw_weekly,0.009518322785750523,0.02558764493169124,1.279382246584562e-05,0.009505528963284677
2025-07-31,2025-07-25,2025-08-29,2025-08-01,156,109,erc_weekly,0.019961562613972864,0.010187077009684208,5.0935385048421036e-06,0.01995646907546802
2025-07-31,2025-07-25,2025-08-29,2025-08-01,156,109,equal_weight,0.03045653057136542,0.0,0.0,0.03045653057136542
2025-07-31,2025-07-25,2025-08-29,2025-08-01,156,109,minvar_lw_monthly_reference,0.01006408825060837,0.008344305531257102,4.172152765628551e-06,0.010059916097842741
2025-08-29,2025-08-29,2025-09-30,2025-08-30,156,109,nonlinear_shrinkage_gmv,0.0022119031525194466,0.017966677840332984,8.983338920166492e-06,0.00220291981359928
2025-08-29,2025-08-29,2025-09-30,2025-08-30,156,109,minvar_lw_weekly,0.002167335502637092,0.030315457573007965,1.5157728786503982e-05,0.002152177773850588
2025-08-29,2025-08-29,2025-09-30,2025-08-30,156,109,erc_weekly,0.014548282549986889,0.010262385769195668,5.1311928845978334e-06,0.014543151357102291
2025-08-29,2025-08-29,2025-09-30,2025-08-30,156,109,equal_weight,0.02237859343215724,0.0,0.0,0.02237859343215724
2025-08-29,2025-08-29,2025-09-30,2025-08-30,156,109,minvar_lw_monthly_reference,0.001800505380367236,0.013080343673019091,6.540171836509545e-06,0.0017939652085307263
2025-09-30,2025-09-26,2025-10-31,2025-10-01,156,111,nonlinear_shrinkage_gmv,0.0037424939978581827,0.07762544743888214,3.8812723719441066e-05,0.0037036812741387416
2025-09-30,2025-09-26,2025-10-31,2025-10-01,156,111,minvar_lw_weekly,0.0041348430352734136,0.03265851215231816,1.632925607615908e-05,0.004118513779197254
2025-09-30,2025-09-26,2025-10-31,2025-10-01,156,111,erc_weekly,0.0059410081442484945,0.025003899191969617,1.2501949595984806e-05,0.0059285061946525094
2025-09-30,2025-09-26,2025-10-31,2025-10-01,156,111,equal_weight,0.008090969891124313,0.018018018018018066,9.009009009009033e-06,0.008081960882115304
2025-09-30,2025-09-26,2025-10-31,2025-10-01,156,111,minvar_lw_monthly_reference,0.004940514385024365,0.0035409609825690835,1.7704804912845418e-06,0.00493874390453308
2025-10-31,2025-10-31,2025-11-28,2025-11-01,156,112,nonlinear_shrinkage_gmv,0.005624582020658627,0.025902102891836584,1.295105144591829e-05,0.005611630969212709
2025-10-31,2025-10-31,2025-11-28,2025-11-01,156,112,minvar_lw_weekly,0.005520375426723411,0.013594030026348918,6.79701501317446e-06,0.005513578411710237
2025-10-31,2025-10-31,2025-11-28,2025-11-01,156,112,erc_weekly,0.008278054135230094,0.01115528814207067,5.577644071035336e-06,0.008272476491159059
2025-10-31,2025-10-31,2025-11-28,2025-11-01,156,112,equal_weight,0.008646911977453509,0.008928571428571452,4.4642857142857265e-06,0.008642447691739222
2025-10-31,2025-10-31,2025-11-28,2025-11-01,156,112,minvar_lw_monthly_reference,0.005452289541395507,0.00884097442077333,4.420487210386666e-06,0.005447869054185121
2025-11-28,2025-11-28,2025-12-31,2025-11-29,156,113,nonlinear_shrinkage_gmv,0.0033198890741210586,0.0641257757899073,3.206288789495365e-05,0.003287826186226105
2025-11-28,2025-11-28,2025-12-31,2025-11-29,156,113,minvar_lw_weekly,0.002402038808739548,0.0246380074290396,1.23190037145198e-05,0.002389719805025028
2025-11-28,2025-11-28,2025-12-31,2025-11-29,156,113,erc_weekly,0.003271161943535745,0.023761425473862983,1.188071273693149e-05,0.0032592812307988134
2025-11-28,2025-11-28,2025-12-31,2025-11-29,156,113,equal_weight,0.007461637430021841,0.008849557522123873,4.424778761061937e-06,0.007457212651260779
2025-11-28,2025-11-28,2025-12-31,2025-11-29,156,113,minvar_lw_monthly_reference,0.0021048076125866695,0.03136531911914471,1.5682659559572353e-05,0.0020891249530270973
2025-12-31,2025-12-26,2026-01-30,2026-01-01,156,113,nonlinear_shrinkage_gmv,0.0012685728441480166,0.019605309415891073,9.802654707945537e-06,0.001258770189440071
2025-12-31,2025-12-26,2026-01-30,2026-01-01,156,113,minvar_lw_weekly,0.0034862486332853846,0.016121844909023575,8.060922454511787e-06,0.0034781877108308727
2025-12-31,2025-12-26,2026-01-30,2026-01-01,156,113,erc_weekly,0.01869993170280814,0.007100278761985813,3.5501393809929062e-06,0.018696381563427147
2025-12-31,2025-12-26,2026-01-30,2026-01-01,156,113,equal_weight,0.03073016985560033,0.0,0.0,0.03073016985560033
2025-12-31,2025-12-26,2026-01-30,2026-01-01,156,113,minvar_lw_monthly_reference,0.004911617186841997,0.012578776445814928,6.289388222907465e-06,0.004905327798619089
2026-01-30,2026-01-30,2026-02-27,2026-01-31,156,113,nonlinear_shrinkage_gmv,-0.00014164775506894742,0.06435191587776587,3.217595793888294e-05,-0.00017382371300783035
2026-01-30,2026-01-30,2026-02-27,2026-01-31,156,113,minvar_lw_weekly,0.0032318861026770307,0.017927918313356588,8.963959156678295e-06,0.0032229221435203523
2026-01-30,2026-01-30,2026-02-27,2026-01-31,156,113,erc_weekly,0.01747841152739286,0.009799016233303875,4.899508116651938e-06,0.01747351201927621
2026-01-30,2026-01-30,2026-02-27,2026-01-31,156,113,equal_weight,0.02143395492505181,0.0,0.0,0.02143395492505181
2026-01-30,2026-01-30,2026-02-27,2026-01-31,156,113,minvar_lw_monthly_reference,0.007055438156875032,0.005429977885716378,2.714988942858189e-06,0.007052723167932174
2026-02-27,2026-02-27,2026-03-31,2026-02-28,156,113,nonlinear_shrinkage_gmv,0.004491296591745715,0.05372760094828417,2.6863800474142086e-05,0.0044644327912715725
2026-02-27,2026-02-27,2026-03-31,2026-02-28,156,113,minvar_lw_weekly,0.003755305122201801,0.024498130869407362,1.224906543470368e-05,0.0037430560567670973
2026-02-27,2026-02-27,2026-03-31,2026-02-28,156,113,erc_weekly,-0.015895727927338524,0.005334174440964373,2.6670872204821867e-06,-0.015898395014559006
2026-02-27,2026-02-27,2026-03-31,2026-02-28,156,113,equal_weight,-0.03739629056677202,0.0,0.0,-0.03739629056677202
2026-02-27,2026-02-27,2026-03-31,2026-02-28,156,113,minvar_lw_monthly_reference,0.006074524314200447,0.010327769944286835,5.163884972143418e-06,0.006069360429228304
2026-03-31,2026-03-27,2026-04-30,2026-04-01,156,113,nonlinear_shrinkage_gmv,0.004767628295358777,0.09102994446390027,4.551497223195014e-05,0.0047221133231268265
2026-03-31,2026-03-27,2026-04-30,2026-04-01,156,113,minvar_lw_weekly,0.006678891519747771,0.014363002762585748,7.181501381292874e-06,0.0066717100183664784
2026-03-31,2026-03-27,2026-04-30,2026-04-01,156,113,erc_weekly,0.029134157452450713,0.029518322054729998,1.4759161027364998e-05,0.02911939829142335
2026-03-31,2026-03-27,2026-04-30,2026-04-01,156,113,equal_weight,0.05781675611737462,0.0,0.0,0.05781675611737462
2026-03-31,2026-03-27,2026-04-30,2026-04-01,156,113,minvar_lw_monthly_reference,0.0067544343211233945,0.015456553649713243,7.728276824856621e-06,0.006746706044298538
2026-04-30,2026-04-24,2026-05-29,2026-05-01,156,113,nonlinear_shrinkage_gmv,0.0001302140639625498,0.08169502109668293,4.084751054834146e-05,8.936655341420834e-05
2026-04-30,2026-04-24,2026-05-29,2026-05-01,156,113,minvar_lw_weekly,-0.00021277176704051075,0.015127113934522388,7.563556967261194e-06,-0.00022033532400777194
2026-04-30,2026-04-24,2026-05-29,2026-05-01,156,113,erc_weekly,0.005464644497754334,0.008677318792459485,4.338659396229743e-06,0.005460305838358104
2026-04-30,2026-04-24,2026-05-29,2026-05-01,156,113,equal_weight,0.020429793722220792,0.0,0.0,0.020429793722220792
2026-04-30,2026-04-24,2026-05-29,2026-05-01,156,113,minvar_lw_monthly_reference,-0.0008970166179027006,0.022991280750270574,1.1495640375135287e-05,-0.000908512258277836
2026-05-29,2026-05-29,2026-06-30,2026-05-30,156,113,nonlinear_shrinkage_gmv,-0.0006095567945843621,0.06442335049627768,3.221167524813884e-05,-0.000641768469832501
2026-05-29,2026-05-29,2026-06-30,2026-05-30,156,113,minvar_lw_weekly,-0.0019031430321958976,0.014890324183589555,7.445162091794777e-06,-0.0019105881942876924
2026-05-29,2026-05-29,2026-06-30,2026-05-30,156,113,erc_weekly,-0.0078359049670521,0.007506400763105613,3.753200381552807e-06,-0.007839658167433651
2026-05-29,2026-05-29,2026-06-30,2026-05-30,156,113,equal_weight,-0.003887007935194023,0.0,0.0,-0.003887007935194023
2026-05-29,2026-05-29,2026-06-30,2026-05-30,156,113,minvar_lw_monthly_reference,-0.0037224639930706167,0.0034688343751782015,1.7344171875891007e-06,-0.0037241984102582056
2026-06-30,2026-06-26,2026-07-31,2026-07-01,156,113,nonlinear_shrinkage_gmv,0.004306122929615892,0.03807661331378853,1.9038306656894268e-05,0.004287084622958998
2026-06-30,2026-06-26,2026-07-31,2026-07-01,156,113,minvar_lw_weekly,0.003872651587981362,0.019137897011850993,9.568948505925497e-06,0.0038630826394754365
2026-06-30,2026-06-26,2026-07-31,2026-07-01,156,113,erc_weekly,0.005279315722912546,0.01243795009602583,6.218975048012915e-06,0.005273096747864534
2026-06-30,2026-06-26,2026-07-31,2026-07-01,156,113,equal_weight,0.0018572015767502085,0.0,0.0,0.0018572015767502085
2026-06-30,2026-06-26,2026-07-31,2026-07-01,156,113,minvar_lw_monthly_reference,0.005657866083370768,0.0062879213640059895,3.143960682002995e-06,0.005654722122688765
2026-07-31,2026-07-31,2026-08-31,2026-08-01,156,114,nonlinear_shrinkage_gmv,0.007326933551981207,0.017931829635002828,8.965914817501413e-06,0.007317967637163705
2026-07-31,2026-07-31,2026-08-31,2026-08-01,156,114,minvar_lw_weekly,0.010427460551481308,0.022310930067064527,1.1155465033532264e-05,0.010416305086447775
2026-07-31,2026-07-31,2026-08-31,2026-08-01,156,114,erc_weekly,0.025835379288520047,0.01659324230074515,8.296621150372574e-06,0.025827082667369675
2026-07-31,2026-07-31,2026-08-31,2026-08-01,156,114,equal_weight,0.030713369566419686,0.008771929824561424,4.385964912280712e-06,0.030708983601507405
2026-07-31,2026-07-31,2026-08-31,2026-08-01,156,114,minvar_lw_monthly_reference,0.013639197169694688,0.005702356852938906,2.851178426469453e-06,0.013636345991268218
2021-03-31,2021-03-26,2021-04-30,2021-04-01,260,98,nonlinear_shrinkage_gmv,0.001539960801080389,0.5,0.00025,0.001289960801080389
2021-03-31,2021-03-26,2021-04-30,2021-04-01,260,98,minvar_lw_weekly,0.007389284896425551,0.5,0.00025,0.007139284896425551
2021-03-31,2021-03-26,2021-04-30,2021-04-01,260,98,erc_weekly,0.02171920795669051,0.5000000000000001,0.00025000000000000006,0.02146920795669051
2021-03-31,2021-03-26,2021-04-30,2021-04-01,260,98,equal_weight,0.03394182520838469,0.49999999999999994,0.00024999999999999995,0.03369182520838469
2021-03-31,2021-03-26,2021-04-30,2021-04-01,260,98,minvar_lw_monthly_reference,0.014857218524653923,0.5,0.00025,0.014607218524653923
2021-04-30,2021-04-30,2021-05-28,2021-05-01,260,98,nonlinear_shrinkage_gmv,0.0012054902514700172,0.0024843420139845115,1.242171006992256e-06,0.001204248080463025
2021-04-30,2021-04-30,2021-05-28,2021-05-01,260,98,minvar_lw_weekly,0.003119154399617312,0.0038127817329633436,1.9063908664816716e-06,0.0031172480087508303
2021-04-30,2021-04-30,2021-05-28,2021-05-01,260,98,erc_weekly,0.006219990222671433,0.002626893239266311,1.3134466196331557e-06,0.0062186767760518
2021-04-30,2021-04-30,2021-05-28,2021-05-01,260,98,equal_weight,0.011211013142709725,0.0,0.0,0.011211013142709725
2021-04-30,2021-04-30,2021-05-28,2021-05-01,260,98,minvar_lw_monthly_reference,0.0034622377314128382,0.02186358056502811,1.0931790282514057e-05,0.0034513059411303243
2021-05-28,2021-05-28,2021-06-30,2021-05-29,260,98,nonlinear_shrinkage_gmv,-0.0011463596160899419,0.002240607853160685,1.1203039265803424e-06,-0.0011474799200165222
2021-05-28,2021-05-28,2021-06-30,2021-05-29,260,98,minvar_lw_weekly,0.0009321419569282762,0.00919784611256207,4.5989230562810344e-06,0.0009275430338719952
2021-05-28,2021-05-28,2021-06-30,2021-05-29,260,98,erc_weekly,0.004550547439463911,0.0034657207901184033,1.7328603950592016e-06,0.004548814579068852
2021-05-28,2021-05-28,2021-06-30,2021-05-29,260,98,equal_weight,0.0047204468343724874,0.0,0.0,0.0047204468343724874
2021-05-28,2021-05-28,2021-06-30,2021-05-29,260,98,minvar_lw_monthly_reference,0.005020857008872108,0.0015434426245760319,7.71721312288016e-07,0.00502008528755982
2021-06-30,2021-06-25,2021-07-30,2021-07-01,260,98,nonlinear_shrinkage_gmv,0.001190370280322801,0.0033259298463939363,1.6629649231969683e-06,0.001188707315399604
2021-06-30,2021-06-25,2021-07-30,2021-07-01,260,98,minvar_lw_weekly,0.0049428382719811335,0.0065761607836622065,3.2880803918311033e-06,0.004939550191589303
2021-06-30,2021-06-25,2021-07-30,2021-07-01,260,98,erc_weekly,0.007694515523130092,0.005635899592794396,2.817949796397198e-06,0.007691697573333695
2021-06-30,2021-06-25,2021-07-30,2021-07-01,260,98,equal_weight,0.005845795909764594,0.0,0.0,0.005845795909764594
2021-06-30,2021-06-25,2021-07-30,2021-07-01,260,98,minvar_lw_monthly_reference,0.006393050145577221,0.011851221633790883,5.925610816895442e-06,0.0063871245347603255
2021-07-30,2021-07-30,2021-08-31,2021-07-31,260,98,nonlinear_shrinkage_gmv,5.262832701092134e-05,0.0007470934125397645,3.7354670626988224e-07,5.225478030465146e-05
2021-07-30,2021-07-30,2021-08-31,2021-07-31,260,98,minvar_lw_weekly,0.00010850122843013544,0.0034565285336467977,1.728264266823399e-06,0.00010677296416331204
2021-07-30,2021-07-30,2021-08-31,2021-07-31,260,98,erc_weekly,0.00462043718420793,0.0019383026515129298,9.69151325756465e-07,0.004619468032882173
2021-07-30,2021-07-30,2021-08-31,2021-07-31,260,98,equal_weight,0.013971390217108914,0.0,0.0,0.013971390217108914
2021-07-30,2021-07-30,2021-08-31,2021-07-31,260,98,minvar_lw_monthly_reference,-7.999902891527414e-05,0.0052407389307224765,2.6203694653612384e-06,-8.261939838063538e-05
2021-08-31,2021-08-27,2021-09-30,2021-09-01,260,99,nonlinear_shrinkage_gmv,0.0002069483609323825,0.002322449833804873,1.1612249169024365e-06,0.00020578713601548005
2021-08-31,2021-08-27,2021-09-30,2021-09-01,260,99,minvar_lw_weekly,-0.001757831267834586,0.004640185132451471,2.3200925662257355e-06,-0.0017601513604008118
2021-08-31,2021-08-27,2021-09-30,2021-09-01,260,99,erc_weekly,-0.013658039855910218,0.006746965290239788,3.3734826451198933e-06,-0.013661413338555337
2021-08-31,2021-08-27,2021-09-30,2021-09-01,260,99,equal_weight,-0.02721279625517379,0.010101010101010019,5.050505050505009e-06,-0.027217846760224294
2021-08-31,2021-08-27,2021-09-30,2021-09-01,260,99,minvar_lw_monthly_reference,-0.003425971940068227,0.0062546416714666766,3.1273208357333382e-06,-0.0034290992609039605
2021-09-30,2021-09-24,2021-10-29,2021-10-01,260,99,nonlinear_shrinkage_gmv,-0.002777271969982269,0.00027326709068524,1.3663354534262e-07,-0.0027774086035276114
2021-09-30,2021-09-24,2021-10-29,2021-10-01,260,99,minvar_lw_weekly,-0.001683787026471443,0.003093770142206127,1.5468850711030637e-06,-0.001685333911542546
2021-09-30,2021-09-24,2021-10-29,2021-10-01,260,99,erc_weekly,0.013216090912643334,0.002384645820697333,1.1923229103486664e-06,0.013214898589732986
2021-09-30,2021-09-24,2021-10-29,2021-10-01,260,99,equal_weight,0.038234588060308834,0.0,0.0,0.038234588060308834
2021-09-30,2021-09-24,2021-10-29,2021-10-01,260,99,minvar_lw_monthly_reference,0.0010211782378078589,0.006983883122371407,3.4919415611857034e-06,0.001017686296246673
2021-10-29,2021-10-29,2021-11-30,2021-10-30,260,99,nonlinear_shrinkage_gmv,-0.0019855784899956747,0.0021250138337193373,1.0625069168596687e-06,-0.0019866409969125343
2021-10-29,2021-10-29,2021-11-30,2021-10-30,260,99,minvar_lw_weekly,-0.0011884986716892009,0.0026286229794158355,1.3143114897079177e-06,-0.0011898129831789087
2021-10-29,2021-10-29,2021-11-30,2021-10-30,260,99,erc_weekly,-0.007707632976352925,0.0015565542840323466,7.782771420161733e-07,-0.00770841125349494
2021-10-29,2021-10-29,2021-11-30,2021-10-30,260,99,equal_weight,-0.025753801436160944,0.0,0.0,-0.025753801436160944
2021-10-29,2021-10-29,2021-11-30,2021-10-30,260,99,minvar_lw_monthly_reference,-0.0011148288323047403,0.0033248488666039297,1.6624244333019649e-06,-0.0011164912567380423
2021-11-30,2021-11-26,2021-12-31,2021-12-01,260,100,nonlinear_shrinkage_gmv,-0.0005192785129358895,0.0024925828275876374,1.2462914137938186e-06,-0.0005205248043496833
2021-11-30,2021-11-26,2021-12-31,2021-12-01,260,100,minvar_lw_weekly,0.0019496727248332357,0.009249098191453854,4.6245490957269265e-06,0.0019450481757375087
2021-11-30,2021-11-26,2021-12-31,2021-12-01,260,100,erc_weekly,0.01102661855944628,0.009436140765174465,4.718070382587232e-06,0.011021900489063692
2021-11-30,2021-11-26,2021-12-31,2021-12-01,260,100,equal_weight,0.03077105147037019,0.010000000000000033,5.000000000000017e-06,0.03076605147037019
2021-11-30,2021-11-26,2021-12-31,2021-12-01,260,100,minvar_lw_monthly_reference,0.0042425545489428755,0.03681316831476231,1.8406584157381155e-05,0.004224147964785495
2021-12-31,2021-12-31,2022-01-31,2022-01-01,260,100,nonlinear_shrinkage_gmv,-0.006465887496783126,0.000681292811996238,3.40646405998119e-07,-0.006466228143189124
2021-12-31,2021-12-31,2022-01-31,2022-01-01,260,100,minvar_lw_weekly,-0.00933235391937869,0.0046328928877681546,2.316446443884077e-06,-0.009334670365822573
2021-12-31,2021-12-31,2022-01-31,2022-01-01,260,100,erc_weekly,-0.01958442003409402,0.003590896749858191,1.7954483749290955e-06,-0.01958621548246895
2021-12-31,2021-12-31,2022-01-31,2022-01-01,260,100,equal_weight,-0.035782196210293674,0.0,0.0,-0.035782196210293674
2021-12-31,2021-12-31,2022-01-31,2022-01-01,260,100,minvar_lw_monthly_reference,-0.013003781976305612,0.0015158377012950107,7.579188506475053e-07,-0.013004539895156259
2022-01-31,2022-01-28,2022-02-28,2022-02-01,260,100,nonlinear_shrinkage_gmv,-0.0029950040830426425,0.012368145921395212,6.184072960697606e-06,-0.00300118815600334
2022-01-31,2022-01-28,2022-02-28,2022-02-01,260,100,minvar_lw_weekly,0.0006634379351818116,0.01115857465231505,5.579287326157525e-06,0.000657858647855654
2022-01-31,2022-01-28,2022-02-28,2022-02-01,260,100,erc_weekly,-2.6522479237383895e-05,0.00582813485364093,2.9140674268204653e-06,-2.943654666420436e-05
2022-01-31,2022-01-28,2022-02-28,2022-02-01,260,100,equal_weight,-0.0040275024532192005,0.0,0.0,-0.0040275024532192005
2022-01-31,2022-01-28,2022-02-28,2022-02-01,260,100,minvar_lw_monthly_reference,0.004733382702534846,0.026576203417223884,1.3288101708611941e-05,0.004720094600826234
2022-02-28,2022-02-25,2022-03-31,2022-03-01,260,100,nonlinear_shrinkage_gmv,-0.011672388455700707,0.027208592367159962,1.360429618357998e-05,-0.011685992751884287
2022-02-28,2022-02-25,2022-03-31,2022-03-01,260,100,minvar_lw_weekly,-0.014667603679313817,0.004899449024508645,2.4497245122543225e-06,-0.01467005340382607
2022-02-28,2022-02-25,2022-03-31,2022-03-01,260,100,erc_weekly,-0.007681205793528673,0.0017941944677078553,8.970972338539277e-07,-0.007682102890762528
2022-02-28,2022-02-25,2022-03-31,2022-03-01,260,100,equal_weight,0.011738437078287561,0.0,0.0,0.011738437078287561
2022-02-28,2022-02-25,2022-03-31,2022-03-01,260,100,minvar_lw_monthly_reference,-0.013976350637419097,0.00399117706598488,1.99558853299244e-06,-0.01397834622595209
2022-03-31,2022-03-25,2022-04-29,2022-04-01,260,100,nonlinear_shrinkage_gmv,-0.004523684250966022,0.03573040725540764,1.786520362770382e-05,-0.004541549454593726
2022-03-31,2022-03-25,2022-04-29,2022-04-01,260,100,minvar_lw_weekly,-0.008055204680752952,0.028133306622539787,1.4066653311269894e-05,-0.008069271334064222
2022-03-31,2022-03-25,2022-04-29,2022-04-01,260,100,erc_weekly,-0.029283903406752444,0.011141614579341375,5.570807289670687e-06,-0.029289474214042113
2022-03-31,2022-03-25,2022-04-29,2022-04-01,260,100,equal_weight,-0.05469350304218373,0.0,0.0,-0.05469350304218373
2022-03-31,2022-03-25,2022-04-29,2022-04-01,260,100,minvar_lw_monthly_reference,-0.01276958244491179,0.03125240474842457,1.5626202374212283e-05,-0.012785208647286002
2022-04-29,2022-04-29,2022-05-31,2022-04-30,260,100,nonlinear_shrinkage_gmv,0.006023819618755414,0.01587220700101927,7.936103500509636e-06,0.006015883515254904
2022-04-29,2022-04-29,2022-05-31,2022-04-30,260,100,minvar_lw_weekly,0.005026790262828765,0.007713844124318759,3.8569220621593795e-06,0.005022933340766606
2022-04-29,2022-04-29,2022-05-31,2022-04-30,260,100,erc_weekly,0.004051318571550845,0.005325215424632472,2.662607712316236e-06,0.004048655963838529
2022-04-29,2022-04-29,2022-05-31,2022-04-30,260,100,equal_weight,0.004980008675991132,0.0,0.0,0.004980008675991132
2022-04-29,2022-04-29,2022-05-31,2022-04-30,260,100,minvar_lw_monthly_reference,0.0028399314504053905,0.028326908012064854,1.4163454006032428e-05,0.002825767996399358
2022-05-31,2022-05-27,2022-06-30,2022-06-01,260,100,nonlinear_shrinkage_gmv,-0.00702611294984354,0.029606984541247775,1.4803492270623889e-05,-0.007040916442114164
2022-05-31,2022-05-27,2022-06-30,2022-06-01,260,100,minvar_lw_weekly,-0.010174787863579253,0.015347143986269952,7.673571993134975e-06,-0.010182461435572387
2022-05-31,2022-05-27,2022-06-30,2022-06-01,260,100,erc_weekly,-0.034904800179696015,0.005933654352627254,2.966827176313627e-06,-0.03490776700687233
2022-05-31,2022-05-27,2022-06-30,2022-06-01,260,100,equal_weight,-0.07200220673198146,0.0,0.0,-0.07200220673198146
2022-05-31,2022-05-27,2022-06-30,2022-06-01,260,100,minvar_lw_monthly_reference,-0.01937466647253787,0.1206511095121323,6.032555475606615e-05,-0.019434992027293936
2022-06-30,2022-06-24,2022-07-29,2022-07-01,260,101,nonlinear_shrinkage_gmv,0.005080468296302156,0.01501940908303858,7.509704541519291e-06,0.005072958591760637
2022-06-30,2022-06-24,2022-07-29,2022-07-01,260,101,minvar_lw_weekly,0.011470617520983172,0.017593409496087762,8.79670474804388e-06,0.01146182081623513
2022-06-30,2022-06-24,2022-07-29,2022-07-01,260,101,erc_weekly,0.02666793577564754,0.014940951945046587,7.470475972523294e-06,0.026660465299675015
2022-06-30,2022-06-24,2022-07-29,2022-07-01,260,101,equal_weight,0.05450546999831132,0.009900990099009906,4.950495049504953e-06,0.05450051950326182
2022-06-30,2022-06-24,2022-07-29,2022-07-01,260,101,minvar_lw_monthly_reference,0.015489286141530646,0.051957085077068726,2.5978542538534366e-05,0.015463307598992112
2022-07-29,2022-07-29,2022-08-31,2022-07-30,260,102,nonlinear_shrinkage_gmv,-0.007255139865009327,0.05486954115030637,2.7434770575153188e-05,-0.00728257463558448
2022-07-29,2022-07-29,2022-08-31,2022-07-30,260,102,minvar_lw_weekly,-0.012359078542679086,0.02127629213642019,1.0638146068210094e-05,-0.012369716688747296
2022-07-29,2022-07-29,2022-08-31,2022-07-30,260,102,erc_weekly,-0.024004353306771246,0.007030573364157107,3.5152866820785536e-06,-0.024007868593453326
2022-07-29,2022-07-29,2022-08-31,2022-07-30,260,102,equal_weight,-0.03523587686299828,0.009803921568627468,4.901960784313734e-06,-0.0352407788237826
2022-07-29,2022-07-29,2022-08-31,2022-07-30,260,102,minvar_lw_monthly_reference,-0.013354671759631686,0.03490363273294448,1.745181636647224e-05,-0.013372123575998159
2022-08-31,2022-08-26,2022-09-30,2022-09-01,260,102,nonlinear_shrinkage_gmv,-0.01282338697603907,0.04034123455007472,2.0170617275037357e-05,-0.012843557593314106
2022-08-31,2022-08-26,2022-09-30,2022-09-01,260,102,minvar_lw_weekly,-0.020192175937823194,0.012416832577629315,6.208416288814657e-06,-0.020198384354112007
2022-08-31,2022-08-26,2022-09-30,2022-09-01,260,102,erc_weekly,-0.04310406774926934,0.004391465872454328,2.195732936227164e-06,-0.043106263482205566
2022-08-31,2022-08-26,2022-09-30,2022-09-01,260,102,equal_weight,-0.0716328956697739,0.0,0.0,-0.0716328956697739
2022-08-31,2022-08-26,2022-09-30,2022-09-01,260,102,minvar_lw_monthly_reference,-0.02183609295679361,0.07355227593183562,3.677613796591781e-05,-0.02187286909475953
2022-09-30,2022-09-30,2022-10-31,2022-10-01,260,104,nonlinear_shrinkage_gmv,0.000252210344426093,0.02160162213644561,1.0800811068222803e-05,0.0002414095333578702
2022-09-30,2022-09-30,2022-10-31,2022-10-01,260,104,minvar_lw_weekly,0.0016101048775079203,0.022499170363351036,1.1249585181675517e-05,0.0015988552923262447
2022-09-30,2022-09-30,2022-10-31,2022-10-01,260,104,erc_weekly,0.015952827475248548,0.013982894054345465,6.991447027172733e-06,0.015945836028221375
2022-09-30,2022-09-30,2022-10-31,2022-10-01,260,104,equal_weight,0.054237110189783125,0.019230769230769197,9.615384615384597e-06,0.05422749480516774
2022-09-30,2022-09-30,2022-10-31,2022-10-01,260,104,minvar_lw_monthly_reference,0.0009439797520339659,0.07307622957436094,3.653811478718047e-05,0.0009074416372467854
2022-10-31,2022-10-28,2022-11-30,2022-11-01,260,104,nonlinear_shrinkage_gmv,0.007981562083219755,0.00976659141888832,4.883295709444159e-06,0.007976678787510311
2022-10-31,2022-10-28,2022-11-30,2022-11-01,260,104,minvar_lw_weekly,0.011968111483588444,0.006258514464345129,3.1292572321725645e-06,0.011964982226356271
2022-10-31,2022-10-28,2022-11-30,2022-11-01,260,104,erc_weekly,0.03535206874358039,0.0030241293312999714,1.5120646656499857e-06,0.03535055667891474
2022-10-31,2022-10-28,2022-11-30,2022-11-01,260,104,equal_weight,0.05885067260345121,0.0,0.0,0.05885067260345121
2022-10-31,2022-10-28,2022-11-30,2022-11-01,260,104,minvar_lw_monthly_reference,0.013060709368194607,0.005960969367229282,2.9804846836146407e-06,0.013057728883510993
2022-11-30,2022-11-25,2022-12-30,2022-12-01,260,104,nonlinear_shrinkage_gmv,0.00011643948209162408,0.005698056806145468,2.8490284030727343e-06,0.00011359045368855134
2022-11-30,2022-11-25,2022-12-30,2022-12-01,260,104,minvar_lw_weekly,-0.0019311248821641375,0.01179728009021705,5.8986400451085245e-06,-0.001937023522209246
2022-11-30,2022-11-25,2022-12-30,2022-12-01,260,104,erc_weekly,-0.012010685761301064,0.010084849697764797,5.042424848882399e-06,-0.012015728186149946
2022-11-30,2022-11-25,2022-12-30,2022-12-01,260,104,equal_weight,-0.029090308082917453,0.0,0.0,-0.029090308082917453
2022-11-30,2022-11-25,2022-12-30,2022-12-01,260,104,minvar_lw_monthly_reference,-0.0019388157143284072,0.03759953855678024,1.8799769278390122e-05,-0.001957615483606797
2022-12-30,2022-12-30,2023-01-31,2022-12-31,260,104,nonlinear_shrinkage_gmv,0.009320942721737849,0.013164432798771872,6.582216399385936e-06,0.009314360505338463
2022-12-30,2022-12-30,2023-01-31,2022-12-31,260,104,minvar_lw_weekly,0.012652566954746699,0.012014496831000625,6.007248415500313e-06,0.012646559706331198
2022-12-30,2022-12-30,2023-01-31,2022-12-31,260,104,erc_weekly,0.035086525566254856,0.005265460316516995,2.6327301582584977e-06,0.0350838928360966
2022-12-30,2022-12-30,2023-01-31,2022-12-31,260,104,equal_weight,0.06399830100086923,0.0,0.0,0.06399830100086923
2022-12-30,2022-12-30,2023-01-31,2022-12-31,260,104,minvar_lw_monthly_reference,0.01332187005040062,0.009687749943257325,4.843874971628663e-06,0.013317026175428992
2023-01-31,2023-01-27,2023-02-28,2023-02-01,260,104,nonlinear_shrinkage_gmv,-0.007840454550668256,0.013501597688636903,6.7507988443184525e-06,-0.007847205349512575
2023-01-31,2023-01-27,2023-02-28,2023-02-01,260,104,minvar_lw_weekly,-0.009907757474919128,0.007086347754957922,3.5431738774789614e-06,-0.009911300648796606
2023-01-31,2023-01-27,2023-02-28,2023-02-01,260,104,erc_weekly,-0.02247532134876119,0.0035455110248876908,1.7727555124438454e-06,-0.022477094104273634
2023-01-31,2023-01-27,2023-02-28,2023-02-01,260,104,equal_weight,-0.027347996550482256,0.0,0.0,-0.027347996550482256
2023-01-31,2023-01-27,2023-02-28,2023-02-01,260,104,minvar_lw_monthly_reference,-0.013036346838803484,0.02723831573930469,1.3619157869652346e-05,-0.013049965996673137
2023-02-28,2023-02-24,2023-03-31,2023-03-01,260,104,nonlinear_shrinkage_gmv,0.016330452325200105,0.014379445813671414,7.189722906835708e-06,0.01632326260229327
2023-02-28,2023-02-24,2023-03-31,2023-03-01,260,104,minvar_lw_weekly,0.018636467051488827,0.00391283139276464,1.95641569638232e-06,0.018634510635792446
2023-02-28,2023-02-24,2023-03-31,2023-03-01,260,104,erc_weekly,0.02276478055352813,0.008946703013244559,4.473351506622279e-06,0.022760307202021508
2023-02-28,2023-02-24,2023-03-31,2023-03-01,260,104,equal_weight,0.01955671530564323,0.0,0.0,0.01955671530564323
2023-02-28,2023-02-24,2023-03-31,2023-03-01,260,104,minvar_lw_monthly_reference,0.017210688521453698,0.022957533426055304,1.1478766713027652e-05,0.01719920975474067
2023-03-31,2023-03-31,2023-04-28,2023-04-01,260,104,nonlinear_shrinkage_gmv,0.0029511872089380796,0.06509900234637711,3.254950117318856e-05,0.002918637707764891
2023-03-31,2023-03-31,2023-04-28,2023-04-01,260,104,minvar_lw_weekly,0.0033173611339926343,0.013661403513334145,6.830701756667072e-06,0.0033105304322359674
2023-03-31,2023-03-31,2023-04-28,2023-04-01,260,104,erc_weekly,0.00439720619750837,0.003449973100825765,1.7249865504128825e-06,0.0043954812109579565
2023-03-31,2023-03-31,2023-04-28,2023-04-01,260,104,equal_weight,0.007822450683154373,0.0,0.0,0.007822450683154373
2023-03-31,2023-03-31,2023-04-28,2023-04-01,260,104,minvar_lw_monthly_reference,-0.0008337141352899472,0.022388418778483188,1.1194209389241594e-05,-0.0008449083446791887
2023-04-28,2023-04-28,2023-05-31,2023-04-29,260,104,nonlinear_shrinkage_gmv,-0.003163070414374914,0.06385524669081144,3.192762334540572e-05,-0.00319499803772032
2023-04-28,2023-04-28,2023-05-31,2023-04-29,260,104,minvar_lw_weekly,-0.004889147730560493,0.00548705088371127,2.7435254418556353e-06,-0.0048918912560023484
2023-04-28,2023-04-28,2023-05-31,2023-04-29,260,104,erc_weekly,-0.014582384831301393,0.0019080011417145582,9.540005708572791e-07,-0.01458333883187225
2023-04-28,2023-04-28,2023-05-31,2023-04-29,260,104,equal_weight,-0.021154836261925988,0.0,0.0,-0.021154836261925988
2023-04-28,2023-04-28,2023-05-31,2023-04-29,260,104,minvar_lw_monthly_reference,-0.005619539585699348,0.0040789247035760475,2.039462351788024e-06,-0.005621579048051136
2023-05-31,2023-05-26,2023-06-30,2023-06-01,260,104,nonlinear_shrinkage_gmv,-0.0012107839408484148,0.03623153662448422,1.811576831224211e-05,-0.001228899709160657
2023-05-31,2023-05-26,2023-06-30,2023-06-01,260,104,minvar_lw_weekly,0.0003047015963649506,0.006706453903784581,3.3532269518922907e-06,0.0003013483694130583
2023-05-31,2023-05-26,2023-06-30,2023-06-01,260,104,erc_weekly,0.016171399757348437,0.0024155783225811994,1.2077891612905997e-06,0.016170191968187145
2023-05-31,2023-05-26,2023-06-30,2023-06-01,260,104,equal_weight,0.046692780927450356,0.0,0.0,0.046692780927450356
2023-05-31,2023-05-26,2023-06-30,2023-06-01,260,104,minvar_lw_monthly_reference,-0.0009205729393964316,0.011596151716709236,5.798075858354618e-06,-0.0009263710152547862
2023-06-30,2023-06-30,2023-07-31,2023-07-01,260,105,nonlinear_shrinkage_gmv,0.004330479741314053,0.02887591666291749,1.4437958331458744e-05,0.004316041782982594
2023-06-30,2023-06-30,2023-07-31,2023-07-01,260,105,minvar_lw_weekly,0.004466154874567188,0.007867507403109812,3.933753701554906e-06,0.004462221120865633
2023-06-30,2023-06-30,2023-07-31,2023-07-01,260,105,erc_weekly,0.013902886325243845,0.0047348949061170485,2.3674474530585245e-06,0.013900518877790787
2023-06-30,2023-06-30,2023-07-31,2023-07-01,260,105,equal_weight,0.030806760467460354,0.009523809523809507,4.761904761904753e-06,0.03080199856269845
2023-06-30,2023-06-30,2023-07-31,2023-07-01,260,105,minvar_lw_monthly_reference,0.005825311926095677,0.010321252455374033,5.160626227687016e-06,0.005820151299867991
2023-07-31,2023-07-28,2023-08-31,2023-08-01,260,105,nonlinear_shrinkage_gmv,0.0041230004161537225,0.0034026429531978293,1.7013214765989147e-06,0.004121299094677124
2023-07-31,2023-07-28,2023-08-31,2023-08-01,260,105,minvar_lw_weekly,0.0028502870574099353,0.008783928243429433,4.3919641217147165e-06,0.0028458950932882207
2023-07-31,2023-07-28,2023-08-31,2023-08-01,260,105,erc_weekly,-0.01084184331773531,0.004679578957366378,2.339789478683189e-06,-0.010844183107213993
2023-07-31,2023-07-28,2023-08-31,2023-08-01,260,105,equal_weight,-0.022286131125811966,0.0,0.0,-0.022286131125811966
2023-07-31,2023-07-28,2023-08-31,2023-08-01,260,105,minvar_lw_monthly_reference,-0.0002536887792778274,0.0026636846204154117,1.3318423102077059e-06,-0.0002550206215880351
2023-08-31,2023-08-25,2023-09-29,2023-09-01,260,106,nonlinear_shrinkage_gmv,-0.00010158730948924672,0.0013506427819593078,6.75321390979654e-07,-0.00010226263088022637
2023-08-31,2023-08-25,2023-09-29,2023-09-01,260,106,minvar_lw_weekly,-0.002735132898866924,0.003544969433157937,1.7724847165789682e-06,-0.002736905383583503
2023-08-31,2023-08-25,2023-09-29,2023-09-01,260,106,erc_weekly,-0.022483474601299985,0.010118771920010958,5.059385960005479e-06,-0.02248853398725999
2023-08-31,2023-08-25,2023-09-29,2023-09-01,260,106,equal_weight,-0.03531735120672955,0.009433962264151007,4.716981132075504e-06,-0.03532206818786162
2023-08-31,2023-08-25,2023-09-29,2023-09-01,260,106,minvar_lw_monthly_reference,-0.004775794669220916,0.006969501204168865,3.4847506020844325e-06,-0.004779279419823001
2023-09-29,2023-09-29,2023-10-31,2023-09-30,260,106,nonlinear_shrinkage_gmv,0.0030939031363379356,0.04702072941959504,2.3510364709797522e-05,0.003070392771628138
2023-09-29,2023-09-29,2023-10-31,2023-09-30,260,106,minvar_lw_weekly,0.0015407876339726123,0.0027627563279658067,1.3813781639829035e-06,0.0015394062558086294
2023-09-29,2023-09-29,2023-10-31,2023-09-30,260,106,erc_weekly,-0.009022514619972888,0.0017173192286391175,8.586596143195587e-07,-0.009023373279587207
2023-09-29,2023-09-29,2023-10-31,2023-09-30,260,106,equal_weight,-0.01945678328198835,0.0,0.0,-0.01945678328198835
2023-09-29,2023-09-29,2023-10-31,2023-09-30,260,106,minvar_lw_monthly_reference,0.001302028347264261,0.013321074426884181,6.6605372134420904e-06,0.001295367810050819
2023-10-31,2023-10-27,2023-11-30,2023-11-01,260,107,nonlinear_shrinkage_gmv,0.011260300214348838,0.008402605621904447,4.201302810952223e-06,0.011256098911537886
2023-10-31,2023-10-27,2023-11-30,2023-11-01,260,107,minvar_lw_weekly,0.014725760688425859,0.004812404918922623,2.4062024594613116e-06,0.014723354485966398
2023-10-31,2023-10-27,2023-11-30,2023-11-01,260,107,erc_weekly,0.041362413000421455,0.019090949830639147,9.545474915319574e-06,0.04135286752550613
2023-10-31,2023-10-27,2023-11-30,2023-11-01,260,107,equal_weight,0.06746744985299588,0.009345794392523381,4.67289719626169e-06,0.06746277695579962
2023-10-31,2023-10-27,2023-11-30,2023-11-01,260,107,minvar_lw_monthly_reference,0.015697500566286063,0.010977807571897353,5.488903785948677e-06,0.015692011662500113
2023-11-30,2023-11-24,2023-12-29,2023-12-01,260,107,nonlinear_shrinkage_gmv,0.009661239667631714,0.05099735971103413,2.5498679855517066e-05,0.009635740987776196
2023-11-30,2023-11-24,2023-12-29,2023-12-01,260,107,minvar_lw_weekly,0.011354250067750617,0.014855181656762553,7.427590828381277e-06,0.011346822476922236
2023-11-30,2023-11-24,2023-12-29,2023-12-01,260,107,erc_weekly,0.028801426321356672,0.007057809483965201,3.5289047419826005e-06,0.02879789741661469
2023-11-30,2023-11-24,2023-12-29,2023-12-01,260,107,equal_weight,0.04753992239448994,0.0,0.0,0.04753992239448994
2023-11-30,2023-11-24,2023-12-29,2023-12-01,260,107,minvar_lw_monthly_reference,0.01307676662684595,0.031048204022437284,1.5524102011218645e-05,0.013061242524834732
2023-12-29,2023-12-29,2024-01-31,2023-12-30,260,107,nonlinear_shrinkage_gmv,0.005192390055773004,0.0120709171047787,6.03545855238935e-06,0.005186354597220615
2023-12-29,2023-12-29,2024-01-31,2023-12-30,260,107,minvar_lw_weekly,0.005169959184164916,0.005568572800196726,2.784286400098363e-06,0.005167174897764817
2023-12-29,2023-12-29,2024-01-31,2023-12-30,260,107,erc_weekly,-0.0008974958330522638,0.01237232235396648,6.18616117698324e-06,-0.000903681994229247
2023-12-29,2023-12-29,2024-01-31,2023-12-30,260,107,equal_weight,-0.0029569097326183156,0.0,0.0,-0.0029569097326183156
2023-12-29,2023-12-29,2024-01-31,2023-12-30,260,107,minvar_lw_monthly_reference,0.002196565283170686,0.018749140001294642,9.37457000064732e-06,0.0021871907131700385
2024-01-31,2024-01-26,2024-02-29,2024-02-01,260,107,nonlinear_shrinkage_gmv,-0.002227101981922181,0.04745527322334388,2.372763661167194e-05,-0.0022508296185338532
2024-01-31,2024-01-26,2024-02-29,2024-02-01,260,107,minvar_lw_weekly,-0.0033345811484361333,0.006195989396628989,3.0979946983144947e-06,-0.003337679143134448
2024-01-31,2024-01-26,2024-02-29,2024-02-01,260,107,erc_weekly,0.003912953988770154,0.0038540094009718263,1.927004700485913e-06,0.0039110269840696675
2024-01-31,2024-01-26,2024-02-29,2024-02-01,260,107,equal_weight,0.026208716642670694,0.0,0.0,0.026208716642670694
2024-01-31,2024-01-26,2024-02-29,2024-02-01,260,107,minvar_lw_monthly_reference,-0.004940862281462179,0.015011624300866454,7.505812150433227e-06,-0.004948368093612612
2024-02-29,2024-02-23,2024-03-28,2024-03-01,260,107,nonlinear_shrinkage_gmv,0.0053068662927991984,0.00443727972438829,2.2186398621941452e-06,0.005304647652937004
2024-02-29,2024-02-23,2024-03-28,2024-03-01,260,107,minvar_lw_weekly,0.006355525988055021,0.0013594893714054211,6.797446857027106e-07,0.0063548462433693186
2024-02-29,2024-02-23,2024-03-28,2024-03-01,260,107,erc_weekly,0.01867873693717144,0.00100645844406258,5.0322922203129e-07,0.018678233707949406
2024-02-29,2024-02-23,2024-03-28,2024-03-01,260,107,equal_weight,0.03270127998373863,0.0,0.0,0.03270127998373863
2024-02-29,2024-02-23,2024-03-28,2024-03-01,260,107,minvar_lw_monthly_reference,0.007004067490255677,0.011075859380357662,5.537929690178831e-06,0.006998529560565498
2024-03-28,2024-03-22,2024-04-30,2024-03-29,260,107,nonlinear_shrinkage_gmv,-0.004428848091556865,0.019499323808562112,9.749661904281057e-06,-0.004438597753461147
2024-03-28,2024-03-22,2024-04-30,2024-03-29,260,107,minvar_lw_weekly,-0.005664320361648623,0.008070613746935032,4.035306873467516e-06,-0.005668355668522091
2024-03-28,2024-03-22,2024-04-30,2024-03-29,260,107,erc_weekly,-0.01983517517592455,0.004445169636260694,2.2225848181303472e-06,-0.01983739776074268
2024-03-28,2024-03-22,2024-04-30,2024-03-29,260,107,equal_weight,-0.032507693955940886,0.0,0.0,-0.032507693955940886
2024-03-28,2024-03-22,2024-04-30,2024-03-29,260,107,minvar_lw_monthly_reference,-0.004788402424916306,0.005833815125496519,2.9169075627482593e-06,-0.004791319332479054
2024-04-30,2024-04-26,2024-05-31,2024-05-01,260,107,nonlinear_shrinkage_gmv,0.007707199741626917,0.04387758531342511,2.1938792656712554e-05,0.007685260948970204
2024-04-30,2024-04-26,2024-05-31,2024-05-01,260,107,minvar_lw_weekly,0.009255545900345004,0.006256169239860686,3.128084619930343e-06,0.009252417815725073
2024-04-30,2024-04-26,2024-05-31,2024-05-01,260,107,erc_weekly,0.022060230714472252,0.002612493931128452,1.306246965564226e-06,0.022058924467506687
2024-04-30,2024-04-26,2024-05-31,2024-05-01,260,107,equal_weight,0.03558404666039223,0.0,0.0,0.03558404666039223
2024-04-30,2024-04-26,2024-05-31,2024-05-01,260,107,minvar_lw_monthly_reference,0.011054103355517347,0.015542077090954343,7.771038545477171e-06,0.01104633231697187
2024-05-31,2024-05-31,2024-06-28,2024-06-01,260,107,nonlinear_shrinkage_gmv,0.0047139810275408445,0.014011665921769,7.005832960884499e-06,0.00470697519457996
2024-05-31,2024-05-31,2024-06-28,2024-06-01,260,107,minvar_lw_weekly,0.004480224407197199,0.0042179023837343385,2.108951191867169e-06,0.004478115456005332
2024-05-31,2024-05-31,2024-06-28,2024-06-01,260,107,erc_weekly,-0.00017667606169817713,0.002501421967609007,1.2507109838045035e-06,-0.00017792677268198162
2024-05-31,2024-05-31,2024-06-28,2024-06-01,260,107,equal_weight,-0.0029447615741314643,0.0,0.0,-0.0029447615741314643
2024-05-31,2024-05-31,2024-06-28,2024-06-01,260,107,minvar_lw_monthly_reference,-4.7780496827798825e-05,0.016286912871103124,8.143456435551562e-06,-5.592395326335039e-05
2024-06-28,2024-06-28,2024-07-31,2024-06-29,260,108,nonlinear_shrinkage_gmv,0.009806916720666366,0.018555165392891246,9.277582696445622e-06,0.00979763913796992
2024-06-28,2024-06-28,2024-07-31,2024-06-29,260,108,minvar_lw_weekly,0.009942137842185792,0.0435084884848019,2.175424424240095e-05,0.00992038359794339
2024-06-28,2024-06-28,2024-07-31,2024-06-29,260,108,erc_weekly,0.018900217340361188,0.008776128463974794,4.388064231987397e-06,0.0188958292761292
2024-06-28,2024-06-28,2024-07-31,2024-06-29,260,108,equal_weight,0.029711328345010394,0.009259259259259252,4.629629629629626e-06,0.029706698715380765
2024-06-28,2024-06-28,2024-07-31,2024-06-29,260,108,minvar_lw_monthly_reference,0.00911158785182908,0.07186167055890194,3.593083527945097e-05,0.009075657016549629
2024-07-31,2024-07-26,2024-08-30,2024-08-01,260,108,nonlinear_shrinkage_gmv,0.007962327292005503,0.047080017959980486,2.3540008979990242e-05,0.007938787283025512
2024-07-31,2024-07-26,2024-08-30,2024-08-01,260,108,minvar_lw_weekly,0.007858675252566389,0.0019203287162489757,9.601643581244878e-07,0.007857715088208265
2024-07-31,2024-07-26,2024-08-30,2024-08-01,260,108,erc_weekly,0.011184067095810955,0.0033106936742518297,1.655346837125915e-06,0.011182411748973829
2024-07-31,2024-07-26,2024-08-30,2024-08-01,260,108,equal_weight,0.010736033974877473,0.0,0.0,0.010736033974877473
2024-07-31,2024-07-26,2024-08-30,2024-08-01,260,108,minvar_lw_monthly_reference,0.007937039123065284,0.011239130040659049,5.619565020329524e-06,0.007931419558044954
2024-08-30,2024-08-30,2024-09-30,2024-08-31,260,108,nonlinear_shrinkage_gmv,0.008080312674462433,0.06233228788804928,3.116614394402464e-05,0.008049146530518409
2024-08-30,2024-08-30,2024-09-30,2024-08-31,260,108,minvar_lw_weekly,0.009652818404048264,0.008265496720504513,4.132748360252256e-06,0.009648685655688011
2024-08-30,2024-08-30,2024-09-30,2024-08-31,260,108,erc_weekly,0.017029849241748315,0.0019352217704632548,9.676108852316274e-07,0.017028881630863083
2024-08-30,2024-08-30,2024-09-30,2024-08-31,260,108,equal_weight,0.01882426314987573,0.0,0.0,0.01882426314987573
2024-08-30,2024-08-30,2024-09-30,2024-08-31,260,108,minvar_lw_monthly_reference,0.010953404330235311,0.005887390433837576,2.943695216918788e-06,0.010950460635018392
2024-09-30,2024-09-27,2024-10-31,2024-10-01,260,108,nonlinear_shrinkage_gmv,-0.005911576522718563,0.0026032558070859086,1.3016279035429543e-06,-0.005912878150622106
2024-09-30,2024-09-27,2024-10-31,2024-10-01,260,108,minvar_lw_weekly,-0.008295625518735434,0.003446698041994926,1.7233490209974629e-06,-0.008297348867756432
2024-09-30,2024-09-27,2024-10-31,2024-10-01,260,108,erc_weekly,-0.016004607112454255,0.003235773116643281,1.6178865583216406e-06,-0.016006224999012577
2024-09-30,2024-09-27,2024-10-31,2024-10-01,260,108,equal_weight,-0.01721579144508157,0.0,0.0,-0.01721579144508157
2024-09-30,2024-09-27,2024-10-31,2024-10-01,260,108,minvar_lw_monthly_reference,-0.00894965179432083,0.008854280558176823,4.427140279088412e-06,-0.008954078934599919
2024-10-31,2024-10-25,2024-11-29,2024-11-01,260,108,nonlinear_shrinkage_gmv,0.002907752528669275,0.02922425798139501,1.4612128990697504e-05,0.0028931403996785773
2024-10-31,2024-10-25,2024-11-29,2024-11-01,260,108,minvar_lw_weekly,0.003803533142432117,0.0040126041568668116,2.006302078433406e-06,0.0038015268403536833
2024-10-31,2024-10-25,2024-11-29,2024-11-01,260,108,erc_weekly,0.01556950732489034,0.0018865635740983855,9.432817870491929e-07,0.015568564043103292
2024-10-31,2024-10-25,2024-11-29,2024-11-01,260,108,equal_weight,0.03931855847974809,0.0,0.0,0.03931855847974809
2024-10-31,2024-10-25,2024-11-29,2024-11-01,260,108,minvar_lw_monthly_reference,0.003932291594199579,0.013285367265058742,6.642683632529371e-06,0.00392564891056705
2024-11-29,2024-11-29,2024-12-31,2024-11-30,260,108,nonlinear_shrinkage_gmv,0.003893126688967464,0.007616380054034207,3.8081900270171034e-06,0.003889318498940447
2024-11-29,2024-11-29,2024-12-31,2024-11-30,260,108,minvar_lw_weekly,0.0024103967071728728,0.004767183943180381,2.3835919715901907e-06,0.0024080131152012826
2024-11-29,2024-11-29,2024-12-31,2024-11-30,260,108,erc_weekly,-0.016393081048538975,0.0032610172427494383,1.630508621374719e-06,-0.01639471155716035
2024-11-29,2024-11-29,2024-12-31,2024-11-30,260,108,equal_weight,-0.03418095734865705,0.0,0.0,-0.03418095734865705
2024-11-29,2024-11-29,2024-12-31,2024-11-30,260,108,minvar_lw_monthly_reference,0.003813685390541147,0.005981170388155612,2.990585194077806e-06,0.0038106948053470693
2024-12-31,2024-12-27,2025-01-31,2025-01-01,260,108,nonlinear_shrinkage_gmv,0.0041654927815627674,0.0029308408596260276,1.4654204298130136e-06,0.004164027361132954
2024-12-31,2024-12-27,2025-01-31,2025-01-01,260,108,minvar_lw_weekly,0.0048463326621202545,0.006820560943075281,3.4102804715376404e-06,0.0048429223816487165
2024-12-31,2024-12-27,2025-01-31,2025-01-01,260,108,erc_weekly,0.01741501207240309,0.0025639415071214535,1.2819707535607266e-06,0.01741373010164953
2024-12-31,2024-12-27,2025-01-31,2025-01-01,260,108,equal_weight,0.029980569638378925,0.0,0.0,0.029980569638378925
2024-12-31,2024-12-27,2025-01-31,2025-01-01,260,108,minvar_lw_monthly_reference,0.006056423089802223,0.00752628305885794,3.76314152942897e-06,0.006052659948272794
2025-01-31,2025-01-31,2025-02-28,2025-02-01,260,108,nonlinear_shrinkage_gmv,0.005969794466046592,0.01875929737648459,9.379648688242295e-06,0.00596041481735835
2025-01-31,2025-01-31,2025-02-28,2025-02-01,260,108,minvar_lw_weekly,0.007719065139039926,0.006172744378752968,3.086372189376484e-06,0.007715978766850549
2025-01-31,2025-01-31,2025-02-28,2025-02-01,260,108,erc_weekly,0.005684206636353504,0.0029797587978842087,1.4898793989421043e-06,0.005682716756954562
2025-01-31,2025-01-31,2025-02-28,2025-02-01,260,108,equal_weight,-0.006520082864167641,0.0,0.0,-0.006520082864167641
2025-01-31,2025-01-31,2025-02-28,2025-02-01,260,108,minvar_lw_monthly_reference,0.006272705420313786,0.005867371725114847,2.9336858625574236e-06,0.0062697717344512285
2025-02-28,2025-02-28,2025-03-31,2025-03-01,260,108,nonlinear_shrinkage_gmv,0.004337096610012597,0.04074633255660638,2.037316627830319e-05,0.004316723443734294
2025-02-28,2025-02-28,2025-03-31,2025-03-01,260,108,minvar_lw_weekly,0.004807501095197613,0.008712656376465747,4.356328188232873e-06,0.00480314476700938
2025-02-28,2025-02-28,2025-03-31,2025-03-01,260,108,erc_weekly,-0.004655393515251294,0.01282231289853884,6.4111564492694204e-06,-0.0046618046717005635
2025-02-28,2025-02-28,2025-03-31,2025-03-01,260,108,equal_weight,-0.01894668772260054,0.0,0.0,-0.01894668772260054
2025-02-28,2025-02-28,2025-03-31,2025-03-01,260,108,minvar_lw_monthly_reference,0.0029622785400289474,0.034257998114887736,1.7128999057443866e-05,0.0029451495409715035
2025-03-31,2025-03-28,2025-04-30,2025-04-01,260,108,nonlinear_shrinkage_gmv,0.007042551407621146,0.06790492066274212,3.395246033137106e-05,0.007008598947289775
2025-03-31,2025-03-28,2025-04-30,2025-04-01,260,108,minvar_lw_weekly,0.006896905441508832,0.1590107040579511,7.950535202897556e-05,0.006817400089479856
2025-03-31,2025-03-28,2025-04-30,2025-04-01,260,108,erc_weekly,0.00225666925320665,0.07439176168524228,3.7195880842621145e-05,0.0022194733723640285
2025-03-31,2025-03-28,2025-04-30,2025-04-01,260,108,equal_weight,-0.001607449443410119,0.0,0.0,-0.001607449443410119
2025-03-31,2025-03-28,2025-04-30,2025-04-01,260,108,minvar_lw_monthly_reference,0.005764902440927983,0.09433832075448959,4.716916037724479e-05,0.005717733280550738
2025-04-30,2025-04-25,2025-05-30,2025-05-01,260,108,nonlinear_shrinkage_gmv,-0.00014298734606678788,0.1767994164449498,8.839970822247489e-05,-0.00023138705428926275
2025-04-30,2025-04-25,2025-05-30,2025-05-01,260,108,minvar_lw_weekly,0.0003750898912287925,0.06720239598664587,3.360119799332294e-05,0.00034148869323546955
2025-04-30,2025-04-25,2025-05-30,2025-05-01,260,108,erc_weekly,0.01282359739105023,0.026466549380358848,1.3233274690179425e-05,0.01281036411636005
2025-04-30,2025-04-25,2025-05-30,2025-05-01,260,108,equal_weight,0.03824969898005258,0.0,0.0,0.03824969898005258
2025-04-30,2025-04-25,2025-05-30,2025-05-01,260,108,minvar_lw_monthly_reference,0.00014368403582285146,0.030509150877446455,1.5254575438723229e-05,0.00012842946038412823
2025-05-30,2025-05-30,2025-06-30,2025-05-31,260,109,nonlinear_shrinkage_gmv,0.00603439910799291,0.01678392665000781,8.391963325003903e-06,0.006026007144667906
2025-05-30,2025-05-30,2025-06-30,2025-05-31,260,109,minvar_lw_weekly,0.006287830169658575,0.028737895059004166,1.4368947529502082e-05,0.006273461222129073
2025-05-30,2025-05-30,2025-06-30,2025-05-31,260,109,erc_weekly,0.018463921555420017,0.01259198551185425,6.2959927559271254e-06,0.01845762556266409
2025-05-30,2025-05-30,2025-06-30,2025-05-31,260,109,equal_weight,0.03200740586860833,0.00917431192660545,4.587155963302725e-06,0.03200281871264502
2025-05-30,2025-05-30,2025-06-30,2025-05-31,260,109,minvar_lw_monthly_reference,0.00609826709977686,0.019886727734823223,9.943363867411612e-06,0.006088323735909448
2025-06-30,2025-06-27,2025-07-31,2025-07-01,260,109,nonlinear_shrinkage_gmv,0.0005655805443866566,0.01764888485588449,8.824442427942244e-06,0.0005567561019587144
2025-06-30,2025-06-27,2025-07-31,2025-07-01,260,109,minvar_lw_weekly,0.00122953977407111,0.006343473243173487,3.1717366215867433e-06,0.0012263680374495231
2025-06-30,2025-06-27,2025-07-31,2025-07-01,260,109,erc_weekly,0.0008499970907257964,0.008176999742174316,4.088499871087158e-06,0.0008459085908547092
2025-06-30,2025-06-27,2025-07-31,2025-07-01,260,109,equal_weight,0.008424301251372314,0.0,0.0,0.008424301251372314
2025-06-30,2025-06-27,2025-07-31,2025-07-01,260,109,minvar_lw_monthly_reference,0.0013017935276776087,0.004600700965404778,2.3003504827023887e-06,0.0012994931771949064
2025-07-31,2025-07-25,2025-08-29,2025-08-01,260,109,nonlinear_shrinkage_gmv,0.008951366262414275,0.007538875667604354,3.7694378338021772e-06,0.008947596824580472
2025-07-31,2025-07-25,2025-08-29,2025-08-01,260,109,minvar_lw_weekly,0.009870656608201075,0.005032627564719635,2.5163137823598177e-06,0.009868140294418714
2025-07-31,2025-07-25,2025-08-29,2025-08-01,260,109,erc_weekly,0.019708497576748186,0.0019055011162014775,9.527505581007387e-07,0.019707544826190086
2025-07-31,2025-07-25,2025-08-29,2025-08-01,260,109,equal_weight,0.03045653057136542,0.0,0.0,0.03045653057136542
2025-07-31,2025-07-25,2025-08-29,2025-08-01,260,109,minvar_lw_monthly_reference,0.01006408825060837,0.008344305531257102,4.172152765628551e-06,0.010059916097842741
2025-08-29,2025-08-29,2025-09-30,2025-08-30,260,109,nonlinear_shrinkage_gmv,0.002772817768670732,0.017993330434414534,8.996665217207267e-06,0.002763821103453525
2025-08-29,2025-08-29,2025-09-30,2025-08-30,260,109,minvar_lw_weekly,0.002308775264922171,0.003513797527009068,1.756898763504534e-06,0.0023070183661586664
2025-08-29,2025-08-29,2025-09-30,2025-08-30,260,109,erc_weekly,0.014719906879028785,0.00296182910771545,1.4809145538577249e-06,0.014718425964474927
2025-08-29,2025-08-29,2025-09-30,2025-08-30,260,109,equal_weight,0.02237859343215724,0.0,0.0,0.02237859343215724
2025-08-29,2025-08-29,2025-09-30,2025-08-30,260,109,minvar_lw_monthly_reference,0.001800505380367236,0.013080343673019091,6.540171836509545e-06,0.0017939652085307263
2025-09-30,2025-09-26,2025-10-31,2025-10-01,260,111,nonlinear_shrinkage_gmv,0.00423743808312234,0.02139882957577552,1.069941478788776e-05,0.004226738668334453
2025-09-30,2025-09-26,2025-10-31,2025-10-01,260,111,minvar_lw_weekly,0.003920203817386304,0.004693600432783969,2.3468002163919845e-06,0.0039178570171699125
2025-09-30,2025-09-26,2025-10-31,2025-10-01,260,111,erc_weekly,0.006938679477254109,0.0233367195552315,1.166835977761575e-05,0.006927011117476493
2025-09-30,2025-09-26,2025-10-31,2025-10-01,260,111,equal_weight,0.008090969891124313,0.018018018018018066,9.009009009009033e-06,0.008081960882115304
2025-09-30,2025-09-26,2025-10-31,2025-10-01,260,111,minvar_lw_monthly_reference,0.004940514385024365,0.0035409609825690835,1.7704804912845418e-06,0.00493874390453308
2025-10-31,2025-10-31,2025-11-28,2025-11-01,260,112,nonlinear_shrinkage_gmv,0.005499308027992128,0.013344056368965367,6.672028184482684e-06,0.005492635999807646
2025-10-31,2025-10-31,2025-11-28,2025-11-01,260,112,minvar_lw_weekly,0.005543538080584348,0.008256489489318541,4.1282447446592705e-06,0.005539409835839689
2025-10-31,2025-10-31,2025-11-28,2025-11-01,260,112,erc_weekly,0.009148377621960014,0.0136929020995426,6.8464510497713e-06,0.009141531170910242
2025-10-31,2025-10-31,2025-11-28,2025-11-01,260,112,equal_weight,0.008646911977453509,0.008928571428571452,4.4642857142857265e-06,0.008642447691739222
2025-10-31,2025-10-31,2025-11-28,2025-11-01,260,112,minvar_lw_monthly_reference,0.005452289541395507,0.00884097442077333,4.420487210386666e-06,0.005447869054185121
2025-11-28,2025-11-28,2025-12-31,2025-11-29,260,113,nonlinear_shrinkage_gmv,0.003284573462958888,0.012932525534233985,6.466262767116993e-06,0.003278107200191771
2025-11-28,2025-11-28,2025-12-31,2025-11-29,260,113,minvar_lw_weekly,0.002894157072857325,0.005658122566387882,2.829061283193941e-06,0.002891328011574131
2025-11-28,2025-11-28,2025-12-31,2025-11-29,260,113,erc_weekly,0.0030900365380266246,0.005904649812485866,2.952324906242933e-06,0.0030870842131203815
2025-11-28,2025-11-28,2025-12-31,2025-11-29,260,113,equal_weight,0.007461637430021841,0.008849557522123873,4.424778761061937e-06,0.007457212651260779
2025-11-28,2025-11-28,2025-12-31,2025-11-29,260,113,minvar_lw_monthly_reference,0.0021048076125866695,0.03136531911914471,1.5682659559572353e-05,0.0020891249530270973
2025-12-31,2025-12-26,2026-01-30,2026-01-01,260,113,nonlinear_shrinkage_gmv,0.0013448542456690228,0.027023913644985915,1.3511956822492958e-05,0.00133134228884653
2025-12-31,2025-12-26,2026-01-30,2026-01-01,260,113,minvar_lw_weekly,0.00155008229610148,0.007701640656623952,3.850820328311976e-06,0.0015462314757731682
2025-12-31,2025-12-26,2026-01-30,2026-01-01,260,113,erc_weekly,0.018348347156737575,0.0018594835029888488,9.297417514944244e-07,0.01834741741498608
2025-12-31,2025-12-26,2026-01-30,2026-01-01,260,113,equal_weight,0.03073016985560033,0.0,0.0,0.03073016985560033
2025-12-31,2025-12-26,2026-01-30,2026-01-01,260,113,minvar_lw_monthly_reference,0.004911617186841997,0.012578776445814928,6.289388222907465e-06,0.004905327798619089
2026-01-30,2026-01-30,2026-02-27,2026-01-31,260,113,nonlinear_shrinkage_gmv,0.00361608745074636,0.011519621624774452,5.7598108123872255e-06,0.0036103276399339725
2026-01-30,2026-01-30,2026-02-27,2026-01-31,260,113,minvar_lw_weekly,0.003337944561829299,0.0024345615426449993,1.2172807713224997e-06,0.0033367272810579766
2026-01-30,2026-01-30,2026-02-27,2026-01-31,260,113,erc_weekly,0.019154175927403497,0.0066531096905873026,3.3265548452936515e-06,0.019150849372558204
2026-01-30,2026-01-30,2026-02-27,2026-01-31,260,113,equal_weight,0.02143395492505181,0.0,0.0,0.02143395492505181
2026-01-30,2026-01-30,2026-02-27,2026-01-31,260,113,minvar_lw_monthly_reference,0.007055438156875032,0.005429977885716378,2.714988942858189e-06,0.007052723167932174
2026-02-27,2026-02-27,2026-03-31,2026-02-28,260,113,nonlinear_shrinkage_gmv,-0.000685782573094119,0.007126580662718616,3.5632903313593076e-06,-0.0006893458634254783
2026-02-27,2026-02-27,2026-03-31,2026-02-28,260,113,minvar_lw_weekly,-0.0006045636946783333,0.0027706666893801794,1.3853333446900897e-06,-0.0006059490280230234
2026-02-27,2026-02-27,2026-03-31,2026-02-28,260,113,erc_weekly,-0.01950022513365349,0.0031048086910570177,1.552404345528509e-06,-0.019501777537999018
2026-02-27,2026-02-27,2026-03-31,2026-02-28,260,113,equal_weight,-0.03739629056677202,0.0,0.0,-0.03739629056677202
2026-02-27,2026-02-27,2026-03-31,2026-02-28,260,113,minvar_lw_monthly_reference,0.006074524314200447,0.010327769944286835,5.163884972143418e-06,0.006069360429228304
2026-03-31,2026-03-27,2026-04-30,2026-04-01,260,113,nonlinear_shrinkage_gmv,0.0038503577721753215,0.016649759458344522,8.32487972917226e-06,0.003842032892446149
2026-03-31,2026-03-27,2026-04-30,2026-04-01,260,113,minvar_lw_weekly,0.004708852042375579,0.008715573162180995,4.357786581090497e-06,0.004704494255794489
2026-03-31,2026-03-27,2026-04-30,2026-04-01,260,113,erc_weekly,0.028024990286155068,0.00718618748384827,3.5930937419241346e-06,0.028021397192413144
2026-03-31,2026-03-27,2026-04-30,2026-04-01,260,113,equal_weight,0.05781675611737462,0.0,0.0,0.05781675611737462
2026-03-31,2026-03-27,2026-04-30,2026-04-01,260,113,minvar_lw_monthly_reference,0.0067544343211233945,0.015456553649713243,7.728276824856621e-06,0.006746706044298538
2026-04-30,2026-04-24,2026-05-29,2026-05-01,260,113,nonlinear_shrinkage_gmv,0.0008940509843980559,0.041573055617824775,2.0786527808912387e-05,0.0008732644565891435
2026-04-30,2026-04-24,2026-05-29,2026-05-01,260,113,minvar_lw_weekly,0.0011249054810317394,0.0067702892344171,3.38514461720855e-06,0.001121520336414531
2026-04-30,2026-04-24,2026-05-29,2026-05-01,260,113,erc_weekly,0.007824325142119826,0.005175687539767979,2.5878437698839893e-06,0.007821737298349942
2026-04-30,2026-04-24,2026-05-29,2026-05-01,260,113,equal_weight,0.020429793722220792,0.0,0.0,0.020429793722220792
2026-04-30,2026-04-24,2026-05-29,2026-05-01,260,113,minvar_lw_monthly_reference,-0.0008970166179027006,0.022991280750270574,1.1495640375135287e-05,-0.000908512258277836
2026-05-29,2026-05-29,2026-06-30,2026-05-30,260,113,nonlinear_shrinkage_gmv,-9.775979530284528e-05,0.020286892108946485,1.0143446054473244e-05,-0.00010790324135731852
2026-05-29,2026-05-29,2026-06-30,2026-05-30,260,113,minvar_lw_weekly,-0.00040905189443366706,0.006171298083215036,3.0856490416075184e-06,-0.0004121375434752746
2026-05-29,2026-05-29,2026-06-30,2026-05-30,260,113,erc_weekly,-0.005648913677924978,0.006078472014814814,3.039236007407407e-06,-0.005651952913932385
2026-05-29,2026-05-29,2026-06-30,2026-05-30,260,113,equal_weight,-0.003887007935194023,0.0,0.0,-0.003887007935194023
2026-05-29,2026-05-29,2026-06-30,2026-05-30,260,113,minvar_lw_monthly_reference,-0.0037224639930706167,0.0034688343751782015,1.7344171875891007e-06,-0.0037241984102582056
2026-06-30,2026-06-26,2026-07-31,2026-07-01,260,113,nonlinear_shrinkage_gmv,0.0035598293992189505,0.02919950660926455,1.4599753304632274e-05,0.003545229645914318
2026-06-30,2026-06-26,2026-07-31,2026-07-01,260,113,minvar_lw_weekly,0.0028735984177865365,0.006085489626683904,3.0427448133419522e-06,0.0028705556729731944
2026-06-30,2026-06-26,2026-07-31,2026-07-01,260,113,erc_weekly,0.002611708021231747,0.006244275217654967,3.122137608827483e-06,0.0026085858836229197
2026-06-30,2026-06-26,2026-07-31,2026-07-01,260,113,equal_weight,0.0018572015767502085,0.0,0.0,0.0018572015767502085
2026-06-30,2026-06-26,2026-07-31,2026-07-01,260,113,minvar_lw_monthly_reference,0.005657866083370768,0.0062879213640059895,3.143960682002995e-06,0.005654722122688765
2026-07-31,2026-07-31,2026-08-31,2026-08-01,260,114,nonlinear_shrinkage_gmv,0.007003244146321548,0.022982110553499743,1.1491055276749871e-05,0.006991753091044798
2026-07-31,2026-07-31,2026-08-31,2026-08-01,260,114,minvar_lw_weekly,0.007687919032824863,0.004758663300585271,2.3793316502926356e-06,0.007685539701174571
2026-07-31,2026-07-31,2026-08-31,2026-08-01,260,114,erc_weekly,0.02481061311434031,0.00831367357738206,4.15683678869103e-06,0.024806456277551618
2026-07-31,2026-07-31,2026-08-31,2026-08-01,260,114,equal_weight,0.030713369566419686,0.008771929824561424,4.385964912280712e-06,0.030708983601507405
2026-07-31,2026-07-31,2026-08-31,2026-08-01,260,114,minvar_lw_monthly_reference,0.013639197169694688,0.005702356852938906,2.851178426469453e-06,0.013636345991268218
