trial_id,state,avg_next_month_active_vs_book2,hit_rate_active_positive,n_months
SM_option_a_vt_L126_SL21_g0p25_expectedbmvlite_adversers,gate_binding,-0.005763939607864202,0.4166666666666667,12
SM_option_a_vt_L126_SL21_g0p25_expectedbmvlite_adversers,gate_open,-4.9322175331055657e-05,0.0,53
SM_option_a_vt_L126_SL21_g0p25_expectedbmvlite_cvar5,gate_binding,-0.00370129313498235,0.4444444444444444,27
SM_option_a_vt_L126_SL21_g0p25_expectedbmvlite_cvar5,gate_open,-9.868421052631588e-06,0.0,38
SM_option_a_vt_L126_SL21_g0p25_expectedbmvlite_pctltnegksigma,gate_binding,-0.005168360957454003,0.41935483870967744,31
SM_option_a_vt_L126_SL21_g0p25_expectedbmvlite_pctltnegksigma,gate_open,-1.9095767012020604e-05,0.0,34
SM_option_a_vt_L126_SL21_g0p25_realizedamaya_adversers,gate_binding,-0.00773231501201565,0.42857142857142855,28
SM_option_a_vt_L126_SL21_g0p25_realizedamaya_adversers,gate_open,-0.00013281090333894054,0.0,37
SM_option_a_vt_L126_SL21_g0p25_realizedamaya_cvar5,gate_binding,-0.00370129313498235,0.4444444444444444,27
SM_option_a_vt_L126_SL21_g0p25_realizedamaya_cvar5,gate_open,-9.868421052631588e-06,0.0,38
SM_option_a_vt_L126_SL21_g0p25_realizedamaya_pctltnegksigma,gate_binding,-0.005168360957454003,0.41935483870967744,31
SM_option_a_vt_L126_SL21_g0p25_realizedamaya_pctltnegksigma,gate_open,-1.9095767012020604e-05,0.0,34
SM_option_a_vt_L126_SL21_g0p5_expectedbmvlite_adversers,gate_binding,-0.003839593022128865,0.4166666666666667,12
SM_option_a_vt_L126_SL21_g0p5_expectedbmvlite_adversers,gate_open,-3.276502025508775e-05,0.0,53
SM_option_a_vt_L126_SL21_g0p5_expectedbmvlite_cvar5,gate_binding,-0.0024675287566549,0.4444444444444444,27
SM_option_a_vt_L126_SL21_g0p5_expectedbmvlite_cvar5,gate_open,-6.578947368421058e-06,0.0,38
SM_option_a_vt_L126_SL21_g0p5_expectedbmvlite_pctltnegksigma,gate_binding,-0.0034455739716360016,0.41935483870967744,31
SM_option_a_vt_L126_SL21_g0p5_expectedbmvlite_pctltnegksigma,gate_open,-1.2730511341347035e-05,0.0,34
SM_option_a_vt_L126_SL21_g0p5_realizedamaya_adversers,gate_binding,-0.0051511153350027065,0.42857142857142855,28
SM_option_a_vt_L126_SL21_g0p5_realizedamaya_adversers,gate_open,-8.546486831630522e-05,0.02702702702702703,37
SM_option_a_vt_L126_SL21_g0p5_realizedamaya_cvar5,gate_binding,-0.0024675287566549,0.4444444444444444,27
SM_option_a_vt_L126_SL21_g0p5_realizedamaya_cvar5,gate_open,-6.578947368421058e-06,0.0,38
SM_option_a_vt_L126_SL21_g0p5_realizedamaya_pctltnegksigma,gate_binding,-0.0034455739716360016,0.41935483870967744,31
SM_option_a_vt_L126_SL21_g0p5_realizedamaya_pctltnegksigma,gate_open,-1.2730511341347035e-05,0.0,34
SM_option_a_vt_L126_SL63_g0p25_expectedbmvlite_adversers,gate_binding,-0.005763939607864202,0.4166666666666667,12
SM_option_a_vt_L126_SL63_g0p25_expectedbmvlite_adversers,gate_open,-4.9322175331055657e-05,0.0,53
SM_option_a_vt_L126_SL63_g0p25_expectedbmvlite_cvar5,gate_binding,-0.00370129313498235,0.4444444444444444,27
SM_option_a_vt_L126_SL63_g0p25_expectedbmvlite_cvar5,gate_open,-9.868421052631588e-06,0.0,38
SM_option_a_vt_L126_SL63_g0p25_expectedbmvlite_pctltnegksigma,gate_binding,-0.006080179057071577,0.42105263157894735,38
SM_option_a_vt_L126_SL63_g0p25_expectedbmvlite_pctltnegksigma,gate_open,-2.4885635575230615e-05,0.0,27
SM_option_a_vt_L126_SL63_g0p25_realizedamaya_adversers,gate_binding,-0.00773231501201565,0.42857142857142855,28
SM_option_a_vt_L126_SL63_g0p25_realizedamaya_adversers,gate_open,-0.00013281090333894054,0.0,37
SM_option_a_vt_L126_SL63_g0p25_realizedamaya_cvar5,gate_binding,-0.00370129313498235,0.4444444444444444,27
SM_option_a_vt_L126_SL63_g0p25_realizedamaya_cvar5,gate_open,-9.868421052631588e-06,0.0,38
SM_option_a_vt_L126_SL63_g0p25_realizedamaya_pctltnegksigma,gate_binding,-0.006080179057071577,0.42105263157894735,38
SM_option_a_vt_L126_SL63_g0p25_realizedamaya_pctltnegksigma,gate_open,-2.4885635575230615e-05,0.0,27
SM_option_a_vt_L126_SL63_g0p5_expectedbmvlite_adversers,gate_binding,-0.003839593022128865,0.4166666666666667,12
SM_option_a_vt_L126_SL63_g0p5_expectedbmvlite_adversers,gate_open,-3.276502025508775e-05,0.0,53
SM_option_a_vt_L126_SL63_g0p5_expectedbmvlite_cvar5,gate_binding,-0.0024675287566549,0.4444444444444444,27
SM_option_a_vt_L126_SL63_g0p5_expectedbmvlite_cvar5,gate_open,-6.578947368421058e-06,0.0,38
SM_option_a_vt_L126_SL63_g0p5_expectedbmvlite_pctltnegksigma,gate_binding,-0.004053418540415574,0.42105263157894735,38
SM_option_a_vt_L126_SL63_g0p5_expectedbmvlite_pctltnegksigma,gate_open,-1.659042371682041e-05,0.0,27
SM_option_a_vt_L126_SL63_g0p5_realizedamaya_adversers,gate_binding,-0.0051511153350027065,0.42857142857142855,28
SM_option_a_vt_L126_SL63_g0p5_realizedamaya_adversers,gate_open,-8.546486831630522e-05,0.02702702702702703,37
SM_option_a_vt_L126_SL63_g0p5_realizedamaya_cvar5,gate_binding,-0.0024675287566549,0.4444444444444444,27
SM_option_a_vt_L126_SL63_g0p5_realizedamaya_cvar5,gate_open,-6.578947368421058e-06,0.0,38
SM_option_a_vt_L126_SL63_g0p5_realizedamaya_pctltnegksigma,gate_binding,-0.004053418540415574,0.42105263157894735,38
SM_option_a_vt_L126_SL63_g0p5_realizedamaya_pctltnegksigma,gate_open,-1.659042371682041e-05,0.0,27
SM_option_a_vt_L21_SL21_g0p25_expectedbmvlite_adversers,gate_binding,-0.006464943834351755,0.38461538461538464,13
SM_option_a_vt_L21_SL21_g0p25_expectedbmvlite_adversers,gate_open,-5.265649406938467e-05,0.0,57
SM_option_a_vt_L21_SL21_g0p25_expectedbmvlite_cvar5,gate_binding,-0.004475172987782812,0.4444444444444444,27
SM_option_a_vt_L21_SL21_g0p25_expectedbmvlite_cvar5,gate_open,-8.720930232558147e-06,0.0,43
SM_option_a_vt_L21_SL21_g0p25_expectedbmvlite_pctltnegksigma,gate_binding,-0.0056276475058345,0.41935483870967744,31
SM_option_a_vt_L21_SL21_g0p25_expectedbmvlite_pctltnegksigma,gate_open,-1.923076923076925e-05,0.0,39
SM_option_a_vt_L21_SL21_g0p25_realizedamaya_adversers,gate_binding,-0.009054191284892219,0.4,30
SM_option_a_vt_L21_SL21_g0p25_realizedamaya_adversers,gate_open,-0.0001187036837269756,0.025,40
SM_option_a_vt_L21_SL21_g0p25_realizedamaya_cvar5,gate_binding,-0.004475172987782812,0.4444444444444444,27
SM_option_a_vt_L21_SL21_g0p25_realizedamaya_cvar5,gate_open,-8.720930232558147e-06,0.0,43
SM_option_a_vt_L21_SL21_g0p25_realizedamaya_pctltnegksigma,gate_binding,-0.0056276475058345,0.41935483870967744,31
SM_option_a_vt_L21_SL21_g0p25_realizedamaya_pctltnegksigma,gate_open,-1.923076923076925e-05,0.0,39
SM_option_a_vt_L21_SL21_g0p5_expectedbmvlite_adversers,gate_binding,-0.004301628919853718,0.38461538461538464,13
SM_option_a_vt_L21_SL21_g0p5_expectedbmvlite_adversers,gate_open,-3.429046284867823e-05,0.0,57
SM_option_a_vt_L21_SL21_g0p5_expectedbmvlite_cvar5,gate_binding,-0.002983448658521875,0.4444444444444444,27
SM_option_a_vt_L21_SL21_g0p5_expectedbmvlite_cvar5,gate_open,-5.813953488372099e-06,0.0,43
SM_option_a_vt_L21_SL21_g0p5_expectedbmvlite_pctltnegksigma,gate_binding,-0.003751765003889666,0.41935483870967744,31
SM_option_a_vt_L21_SL21_g0p5_expectedbmvlite_pctltnegksigma,gate_open,-1.2820512820512832e-05,0.0,39
SM_option_a_vt_L21_SL21_g0p5_realizedamaya_adversers,gate_binding,-0.0060324817998796115,0.4,30
SM_option_a_vt_L21_SL21_g0p5_realizedamaya_adversers,gate_open,-7.38068081780222e-05,0.025,40
SM_option_a_vt_L21_SL21_g0p5_realizedamaya_cvar5,gate_binding,-0.002983448658521875,0.4444444444444444,27
SM_option_a_vt_L21_SL21_g0p5_realizedamaya_cvar5,gate_open,-5.813953488372099e-06,0.0,43
SM_option_a_vt_L21_SL21_g0p5_realizedamaya_pctltnegksigma,gate_binding,-0.003751765003889666,0.41935483870967744,31
SM_option_a_vt_L21_SL21_g0p5_realizedamaya_pctltnegksigma,gate_open,-1.2820512820512832e-05,0.0,39
SM_option_a_vt_L21_SL63_g0p25_expectedbmvlite_adversers,gate_binding,-0.006464943834351755,0.38461538461538464,13
SM_option_a_vt_L21_SL63_g0p25_expectedbmvlite_adversers,gate_open,-5.265649406938467e-05,0.0,57
SM_option_a_vt_L21_SL63_g0p25_expectedbmvlite_cvar5,gate_binding,-0.004475172987782812,0.4444444444444444,27
SM_option_a_vt_L21_SL63_g0p25_expectedbmvlite_cvar5,gate_open,-8.720930232558147e-06,0.0,43
SM_option_a_vt_L21_SL63_g0p25_expectedbmvlite_pctltnegksigma,gate_binding,-0.006936569347209173,0.42105263157894735,38
SM_option_a_vt_L21_SL63_g0p25_expectedbmvlite_pctltnegksigma,gate_open,-2.343750000000001e-05,0.0,32
SM_option_a_vt_L21_SL63_g0p25_realizedamaya_adversers,gate_binding,-0.009054191284892219,0.4,30
SM_option_a_vt_L21_SL63_g0p25_realizedamaya_adversers,gate_open,-0.0001187036837269756,0.025,40
SM_option_a_vt_L21_SL63_g0p25_realizedamaya_cvar5,gate_binding,-0.004475172987782812,0.4444444444444444,27
SM_option_a_vt_L21_SL63_g0p25_realizedamaya_cvar5,gate_open,-8.720930232558147e-06,0.0,43
SM_option_a_vt_L21_SL63_g0p25_realizedamaya_pctltnegksigma,gate_binding,-0.006936569347209173,0.42105263157894735,38
SM_option_a_vt_L21_SL63_g0p25_realizedamaya_pctltnegksigma,gate_open,-2.343750000000001e-05,0.0,32
SM_option_a_vt_L21_SL63_g0p5_expectedbmvlite_adversers,gate_binding,-0.004301628919853718,0.38461538461538464,13
SM_option_a_vt_L21_SL63_g0p5_expectedbmvlite_adversers,gate_open,-3.429046284867823e-05,0.0,57
SM_option_a_vt_L21_SL63_g0p5_expectedbmvlite_cvar5,gate_binding,-0.002983448658521875,0.4444444444444444,27
SM_option_a_vt_L21_SL63_g0p5_expectedbmvlite_cvar5,gate_open,-5.813953488372099e-06,0.0,43
SM_option_a_vt_L21_SL63_g0p5_expectedbmvlite_pctltnegksigma,gate_binding,-0.0046243795648061164,0.42105263157894735,38
SM_option_a_vt_L21_SL63_g0p5_expectedbmvlite_pctltnegksigma,gate_open,-1.5625000000000007e-05,0.0,32
SM_option_a_vt_L21_SL63_g0p5_realizedamaya_adversers,gate_binding,-0.0060324817998796115,0.4,30
SM_option_a_vt_L21_SL63_g0p5_realizedamaya_adversers,gate_open,-7.38068081780222e-05,0.025,40
SM_option_a_vt_L21_SL63_g0p5_realizedamaya_cvar5,gate_binding,-0.002983448658521875,0.4444444444444444,27
SM_option_a_vt_L21_SL63_g0p5_realizedamaya_cvar5,gate_open,-5.813953488372099e-06,0.0,43
SM_option_a_vt_L21_SL63_g0p5_realizedamaya_pctltnegksigma,gate_binding,-0.0046243795648061164,0.42105263157894735,38
SM_option_a_vt_L21_SL63_g0p5_realizedamaya_pctltnegksigma,gate_open,-1.5625000000000007e-05,0.0,32
SM_option_a_vt_L63_SL21_g0p25_expectedbmvlite_adversers,gate_binding,-0.0063179030391577636,0.38461538461538464,13
SM_option_a_vt_L63_SL21_g0p25_expectedbmvlite_adversers,gate_open,-5.027138000248601e-05,0.0,55
SM_option_a_vt_L63_SL21_g0p25_expectedbmvlite_cvar5,gate_binding,-0.004431455610270289,0.4444444444444444,27
SM_option_a_vt_L63_SL21_g0p25_expectedbmvlite_cvar5,gate_open,-9.146341463414642e-06,0.0,41
SM_option_a_vt_L63_SL21_g0p25_expectedbmvlite_pctltnegksigma,gate_binding,-0.005344095612141173,0.41935483870967744,31
SM_option_a_vt_L63_SL21_g0p25_expectedbmvlite_pctltnegksigma,gate_open,-1.583055432399145e-05,0.0,37
SM_option_a_vt_L63_SL21_g0p25_realizedamaya_adversers,gate_binding,-0.008977357976502058,0.4,30
SM_option_a_vt_L63_SL21_g0p25_realizedamaya_adversers,gate_open,-0.00013295693256660084,0.02631578947368421,38
SM_option_a_vt_L63_SL21_g0p25_realizedamaya_cvar5,gate_binding,-0.004431455610270289,0.4444444444444444,27
SM_option_a_vt_L63_SL21_g0p25_realizedamaya_cvar5,gate_open,-9.146341463414642e-06,0.0,41
SM_option_a_vt_L63_SL21_g0p25_realizedamaya_pctltnegksigma,gate_binding,-0.005344095612141173,0.41935483870967744,31
SM_option_a_vt_L63_SL21_g0p25_realizedamaya_pctltnegksigma,gate_open,-1.583055432399145e-05,0.0,37
SM_option_a_vt_L63_SL21_g0p5_expectedbmvlite_adversers,gate_binding,-0.004208908271444807,0.38461538461538464,13
SM_option_a_vt_L63_SL21_g0p5_expectedbmvlite_adversers,gate_open,-3.261206867051818e-05,0.0,55
SM_option_a_vt_L63_SL21_g0p5_expectedbmvlite_cvar5,gate_binding,-0.0029543037401801924,0.4444444444444444,27
SM_option_a_vt_L63_SL21_g0p5_expectedbmvlite_cvar5,gate_open,-6.0975609756097615e-06,0.0,41
SM_option_a_vt_L63_SL21_g0p5_expectedbmvlite_pctltnegksigma,gate_binding,-0.0035627304080941154,0.41935483870967744,31
SM_option_a_vt_L63_SL21_g0p5_expectedbmvlite_pctltnegksigma,gate_open,-1.0553702882660997e-05,0.0,37
SM_option_a_vt_L63_SL21_g0p5_realizedamaya_adversers,gate_binding,-0.005981626637078469,0.4,30
SM_option_a_vt_L63_SL21_g0p5_realizedamaya_adversers,gate_open,-8.367882516552312e-05,0.02631578947368421,38
SM_option_a_vt_L63_SL21_g0p5_realizedamaya_cvar5,gate_binding,-0.0029543037401801924,0.4444444444444444,27
SM_option_a_vt_L63_SL21_g0p5_realizedamaya_cvar5,gate_open,-6.0975609756097615e-06,0.0,41
SM_option_a_vt_L63_SL21_g0p5_realizedamaya_pctltnegksigma,gate_binding,-0.0035627304080941154,0.41935483870967744,31
SM_option_a_vt_L63_SL21_g0p5_realizedamaya_pctltnegksigma,gate_open,-1.0553702882660997e-05,0.0,37
SM_option_a_vt_L63_SL63_g0p25_expectedbmvlite_adversers,gate_binding,-0.0063179030391577636,0.38461538461538464,13
SM_option_a_vt_L63_SL63_g0p25_expectedbmvlite_adversers,gate_open,-5.027138000248601e-05,0.0,55
SM_option_a_vt_L63_SL63_g0p25_expectedbmvlite_cvar5,gate_binding,-0.004431455610270289,0.4444444444444444,27
SM_option_a_vt_L63_SL63_g0p25_expectedbmvlite_cvar5,gate_open,-9.146341463414642e-06,0.0,41
SM_option_a_vt_L63_SL63_g0p25_expectedbmvlite_pctltnegksigma,gate_binding,-0.006899092196666708,0.42105263157894735,38
SM_option_a_vt_L63_SL63_g0p25_expectedbmvlite_pctltnegksigma,gate_open,-2.500000000000001e-05,0.0,30
SM_option_a_vt_L63_SL63_g0p25_realizedamaya_adversers,gate_binding,-0.008977357976502058,0.4,30
SM_option_a_vt_L63_SL63_g0p25_realizedamaya_adversers,gate_open,-0.00013295693256660084,0.02631578947368421,38
SM_option_a_vt_L63_SL63_g0p25_realizedamaya_cvar5,gate_binding,-0.004431455610270289,0.4444444444444444,27
SM_option_a_vt_L63_SL63_g0p25_realizedamaya_cvar5,gate_open,-9.146341463414642e-06,0.0,41
SM_option_a_vt_L63_SL63_g0p25_realizedamaya_pctltnegksigma,gate_binding,-0.006899092196666708,0.42105263157894735,38
SM_option_a_vt_L63_SL63_g0p25_realizedamaya_pctltnegksigma,gate_open,-2.500000000000001e-05,0.0,30
SM_option_a_vt_L63_SL63_g0p5_expectedbmvlite_adversers,gate_binding,-0.004208908271444807,0.38461538461538464,13
SM_option_a_vt_L63_SL63_g0p5_expectedbmvlite_adversers,gate_open,-3.261206867051818e-05,0.0,55
SM_option_a_vt_L63_SL63_g0p5_expectedbmvlite_cvar5,gate_binding,-0.0029543037401801924,0.4444444444444444,27
SM_option_a_vt_L63_SL63_g0p5_expectedbmvlite_cvar5,gate_open,-6.0975609756097615e-06,0.0,41
SM_option_a_vt_L63_SL63_g0p5_expectedbmvlite_pctltnegksigma,gate_binding,-0.004599105230867576,0.42105263157894735,38
SM_option_a_vt_L63_SL63_g0p5_expectedbmvlite_pctltnegksigma,gate_open,-1.6666666666666674e-05,0.0,30
SM_option_a_vt_L63_SL63_g0p5_realizedamaya_adversers,gate_binding,-0.005981626637078469,0.4,30
SM_option_a_vt_L63_SL63_g0p5_realizedamaya_adversers,gate_open,-8.367882516552312e-05,0.02631578947368421,38
SM_option_a_vt_L63_SL63_g0p5_realizedamaya_cvar5,gate_binding,-0.0029543037401801924,0.4444444444444444,27
SM_option_a_vt_L63_SL63_g0p5_realizedamaya_cvar5,gate_open,-6.0975609756097615e-06,0.0,41
SM_option_a_vt_L63_SL63_g0p5_realizedamaya_pctltnegksigma,gate_binding,-0.004599105230867576,0.42105263157894735,38
SM_option_a_vt_L63_SL63_g0p5_realizedamaya_pctltnegksigma,gate_open,-1.6666666666666674e-05,0.0,30
