date,trial_id,construction_tag,mix_lambda,avg_abs_corr,sync_score,stress_months_used,w_vs_uncond_erc_norm,fallback_flag,pi_hat_0,n_obs_pool_0,pi_hat_1,n_obs_pool_1
2003-05-30,rr_erc_pathA_stress_sw12_lam25_cat,stress_corr_overlay,0.0,0.8681662670071033,0.8888888888888888,12,0.0,1,,0,,0
2003-06-30,rr_erc_pathA_stress_sw12_lam25_cat,stress_corr_overlay,0.0,0.8650963771635277,0.8918918918918919,12,0.0,1,,0,,0
2003-07-31,rr_erc_pathA_stress_sw12_lam25_cat,stress_corr_overlay,0.0,0.8906313434890913,0.9126984126984128,12,0.0,1,,0,,0
2003-08-29,rr_erc_pathA_stress_sw12_lam25_cat,stress_corr_overlay,0.0,0.8907246808239354,0.9150579150579151,12,0.0,1,,0,,0
2003-09-30,rr_erc_pathA_stress_sw12_lam25_cat,stress_corr_overlay,0.0,0.8867788113555448,0.9135338345864662,12,0.0,1,,0,,0
2003-10-31,rr_erc_pathA_stress_sw12_lam25_cat,stress_corr_overlay,0.0,0.8857572241297701,0.9157509157509158,12,0.0,1,,0,,0
2003-11-28,rr_erc_pathA_stress_sw12_lam25_cat,stress_corr_overlay,0.0,0.8857840540224542,0.9178571428571429,12,0.0,1,,0,,0
2003-12-31,rr_erc_pathA_stress_sw12_lam25_cat,stress_corr_overlay,0.0,0.8785381641980665,0.9198606271777003,12,0.0,1,,0,,0
2004-01-30,rr_erc_pathA_stress_sw12_lam25_cat,stress_corr_overlay,0.0,0.8787130093519409,0.9217687074829932,12,0.0,1,,0,,0
2004-02-27,rr_erc_pathA_stress_sw12_lam25_cat,stress_corr_overlay,0.0,0.878539727748298,0.9235880398671097,12,0.0,1,,0,,0
2004-03-31,rr_erc_pathA_stress_sw12_lam25_cat,stress_corr_overlay,0.0,0.8769653862358989,0.9188311688311689,12,0.0,1,,0,,0
2004-04-30,rr_erc_pathA_stress_sw12_lam25_cat,stress_corr_overlay,0.0,0.8771122456563286,0.9206349206349207,12,0.0,1,,0,,0
2004-05-28,rr_erc_pathA_stress_sw12_lam25_cat,stress_corr_overlay,0.0,0.8769898262099673,0.922360248447205,12,0.0,1,,0,,0
2004-06-30,rr_erc_pathA_stress_sw12_lam25_cat,stress_corr_overlay,0.0,0.8786278438523706,0.9240121580547113,12,0.0,1,,0,,0
2004-07-30,rr_erc_pathA_stress_sw12_lam25_cat,stress_corr_overlay,0.0,0.8793103460241609,0.9255952380952381,12,0.0,1,,0,,0
2004-08-31,rr_erc_pathA_stress_sw12_lam25_cat,stress_corr_overlay,0.0,0.8817932249950847,0.9138321995464853,12,0.0,1,,0,,0
2004-09-30,rr_erc_pathA_stress_sw12_lam25_cat,stress_corr_overlay,0.0,0.8815130754478914,0.9155555555555556,12,0.0,1,,0,,0
2004-10-29,rr_erc_pathA_stress_sw12_lam25_cat,stress_corr_overlay,0.0,0.8810292656426943,0.9172113289760349,12,0.0,1,,0,,0
2004-11-30,rr_erc_pathA_stress_sw12_lam25_cat,stress_corr_overlay,0.0,0.883251614835857,0.9188034188034189,12,0.0,1,,0,,0
2004-12-31,rr_erc_pathA_stress_sw12_lam25_cat,stress_corr_overlay,0.0,0.882514570093943,0.9203354297693921,12,0.0,1,,0,,0
2005-01-31,rr_erc_pathA_stress_sw12_lam25_cat,stress_corr_overlay,0.0,0.8830187116919864,0.9218106995884774,12,0.0,1,,0,,0
2005-02-28,rr_erc_pathA_stress_sw12_lam25_cat,stress_corr_overlay,0.0,0.8830000617309938,0.9232323232323233,12,0.0,1,,0,,0
2005-03-31,rr_erc_pathA_stress_sw12_lam25_cat,stress_corr_overlay,0.0,0.8832567659765147,0.9246031746031746,12,0.0,1,,0,,0
2005-04-29,rr_erc_pathA_stress_sw12_lam25_cat,stress_corr_overlay,0.0,0.8831842836643967,0.9259259259259259,12,0.0,1,,0,,0
2005-05-31,rr_erc_pathA_stress_sw12_lam25_cat,stress_corr_overlay,0.0,0.8828075959413086,0.9272030651340997,12,0.0,1,,0,,0
2005-06-30,rr_erc_pathA_stress_sw12_lam25_cat,stress_corr_overlay,0.0,0.8825402199729555,0.928436911487759,12,0.0,1,,0,,0
2005-07-29,rr_erc_pathA_stress_sw12_lam25_cat,stress_corr_overlay,0.0,0.7835950067721178,0.9249999999999999,12,0.0,1,,0,,0
2005-08-31,rr_erc_pathA_stress_sw12_lam25_cat,stress_corr_overlay,0.0,0.7813846611668778,0.9216216216216214,12,0.0,1,,0,,0
2005-09-30,rr_erc_pathA_stress_sw12_lam25_cat,stress_corr_overlay,0.0,0.7776194585215972,0.9184210526315787,12,0.0,1,,0,,0
2005-10-31,rr_erc_pathA_stress_sw12_lam25_cat,stress_corr_overlay,0.0,0.7734635010675073,0.9205128205128202,12,0.0,1,,0,,0
2005-11-30,rr_erc_pathA_stress_sw12_lam25_cat,stress_corr_overlay,0.0,0.7729150593826587,0.9225,12,0.0,1,,0,,0
2005-12-30,rr_erc_pathA_stress_sw12_lam25_cat,stress_corr_overlay,0.0,0.7698060797863274,0.9146341463414634,12,0.0,1,,0,,0
2006-01-31,rr_erc_pathA_stress_sw12_lam25_cat,stress_corr_overlay,0.0,0.7711520684772069,0.9142857142857143,12,0.0,1,,0,,0
2006-02-28,rr_erc_pathA_stress_sw12_lam25_cat,stress_corr_overlay,0.0,0.7706293387741372,0.9046511627906977,12,0.0,1,,0,,0
2006-03-31,rr_erc_pathA_stress_sw12_lam25_cat,stress_corr_overlay,0.0,0.7715045529826356,0.9045454545454544,12,0.0,1,,0,,0
2006-04-28,rr_erc_pathA_stress_sw12_lam25_cat,stress_corr_overlay,0.0,0.7690369338054804,0.9022222222222221,12,0.0,1,,0,,0
2006-05-31,rr_erc_pathA_stress_sw12_lam25_cat,stress_corr_overlay,0.0,0.7694799769789183,0.9043478260869564,12,0.0,1,,0,,0
2006-06-30,rr_erc_pathA_stress_sw12_lam25_cat,stress_corr_overlay,0.0,0.7695842254593441,0.8936170212765956,12,0.0,1,,0,,0
2006-07-31,rr_erc_pathA_stress_sw12_lam25_cat,stress_corr_overlay,0.0,0.7671381184025152,0.8875000000000001,12,0.0,1,,0,,0
2006-08-31,rr_erc_pathA_stress_sw12_lam25_cat,stress_corr_overlay,0.0,0.7659546078745718,0.889795918367347,12,0.0,1,,0,,0
2006-09-29,rr_erc_pathA_stress_sw12_lam25_cat,stress_corr_overlay,0.0,0.7648753660859555,0.892,12,0.0,1,,0,,0
2006-10-31,rr_erc_pathA_stress_sw12_lam25_cat,stress_corr_overlay,0.0,0.7648658893880252,0.8941176470588236,12,0.0,1,,0,,0
2006-11-30,rr_erc_pathA_stress_sw12_lam25_cat,stress_corr_overlay,0.0,0.7637340672965087,0.8961538461538462,12,0.0,1,,0,,0
2006-12-29,rr_erc_pathA_stress_sw12_lam25_cat,stress_corr_overlay,0.0,0.7607746496700665,0.8905660377358491,12,0.0,1,,0,,0
2007-01-31,rr_erc_pathA_stress_sw12_lam25_cat,stress_corr_overlay,0.0,0.7596088735835125,0.8907407407407407,12,0.0,1,,0,,0
2007-02-28,rr_erc_pathA_stress_sw12_lam25_cat,stress_corr_overlay,0.0,0.7602500606868655,0.8836363636363637,12,0.0,1,,0,,0
2007-03-30,rr_erc_pathA_stress_sw12_lam25_cat,stress_corr_overlay,0.0,0.7600412556792381,0.8839285714285715,12,0.0,1,,0,,0
2007-04-30,rr_erc_pathA_stress_sw12_lam25_cat,stress_corr_overlay,0.0,0.7585439341433344,0.8859649122807018,12,0.0,1,,0,,0
2007-05-31,rr_erc_pathA_stress_sw12_lam25_cat,stress_corr_overlay,0.0,0.760755124258755,0.8862068965517242,12,0.0,1,,0,,0
2007-06-29,rr_erc_pathA_stress_sw12_lam25_cat,stress_corr_overlay,0.0,0.7596112822479526,0.8881355932203391,12,0.0,1,,0,,0
2007-07-31,rr_erc_pathA_stress_sw12_lam25_cat,stress_corr_overlay,0.0,0.7658815792520475,0.8883333333333334,12,0.0,1,,0,,0
2007-08-31,rr_erc_pathA_stress_sw12_lam25_cat,stress_corr_overlay,0.0,0.7648398001013434,0.8885245901639345,12,0.0,1,,0,,0
2007-09-28,rr_erc_pathA_stress_sw12_lam25_cat,stress_corr_overlay,0.0,0.7634706086398387,0.8903225806451613,12,0.0,1,,0,,0
2007-10-31,rr_erc_pathA_stress_sw12_lam25_cat,stress_corr_overlay,0.0,0.7621720430170515,0.8920634920634921,12,0.0,1,,0,,0
2007-11-30,rr_erc_pathA_stress_sw12_lam25_cat,stress_corr_overlay,0.0,0.7742116353760881,0.8921875,12,0.0,1,,0,,0
2007-12-31,rr_erc_pathA_stress_sw12_lam25_cat,stress_corr_overlay,0.0,0.7731705755603097,0.8938461538461538,12,0.0,1,,0,,0
2008-01-31,rr_erc_pathA_stress_sw12_lam25_cat,stress_corr_overlay,0.0,0.6581399824952026,0.8612440191387561,12,0.0,1,,0,,0
2008-02-29,rr_erc_pathA_stress_sw12_lam25_cat,stress_corr_overlay,0.0,0.6538467113532511,0.8601398601398603,12,0.0,1,,0,,0
2008-03-31,rr_erc_pathA_stress_sw12_lam25_cat,stress_corr_overlay,0.0,0.6565096031805869,0.8545454545454547,12,0.0,1,,0,,0
2008-04-30,rr_erc_pathA_stress_sw12_lam25_cat,stress_corr_overlay,0.0,0.6562909139722586,0.8536585365853661,12,0.0,1,,0,,0
2008-05-30,rr_erc_pathA_stress_sw12_lam25_cat,stress_corr_overlay,0.0,0.6535059800108022,0.852813852813853,12,0.0,1,,0,,0
2008-06-30,rr_erc_pathA_stress_sw12_lam25_cat,stress_corr_overlay,0.0,0.6586089215654863,0.8520084566596197,12,0.0,1,,0,,0
2008-07-31,rr_erc_pathA_stress_sw12_lam25_cat,stress_corr_overlay,0.0,0.6506723281945421,0.8450413223140498,12,0.0,1,,0,,0
2008-08-29,rr_erc_pathA_stress_sw12_lam25_cat,stress_corr_overlay,0.0,0.6475347675022546,0.8444444444444448,12,0.0,1,,0,,0
2008-09-30,rr_erc_pathA_stress_sw12_lam25_cat,stress_corr_overlay,0.0,0.6518907189954027,0.8438735177865616,12,0.0,1,,0,,0
2008-10-31,rr_erc_pathA_stress_sw12_lam25_cat,stress_corr_overlay,0.0,0.6879161689723053,0.8471953578336561,12,0.0,1,,0,,0
2008-11-28,rr_erc_pathA_stress_sw12_lam25_cat,stress_corr_overlay,0.0,0.6951744705633541,0.8465909090909092,12,0.0,1,,0,,0
2008-12-31,rr_erc_pathA_stress_sw12_lam25_cat,stress_corr_overlay,0.0,0.6825314364978348,0.849721706864564,12,0.0,1,,0,,0
2009-01-30,rr_erc_pathA_stress_sw12_lam25_cat,stress_corr_overlay,0.0,0.6504410138732702,0.850909090909091,12,0.0,1,,0,,0
2009-02-27,rr_erc_pathA_stress_sw12_lam25_cat,stress_corr_overlay,0.0,0.6473753074792858,0.8520499108734403,12,0.0,1,,0,,0
2009-03-31,rr_erc_pathA_stress_sw12_lam25_cat,stress_corr_overlay,0.0,0.6407961340923365,0.8531468531468531,12,0.0,1,,0,,0
2009-04-30,rr_erc_pathA_stress_sw12_lam25_cat,stress_corr_overlay,0.0,0.6752534304453353,0.8593481989708405,12,0.0,1,,0,,0
2009-05-29,rr_erc_pathA_stress_sw12_lam25_cat,stress_corr_overlay,0.0,0.6798444442123615,0.8602693602693603,12,0.0,1,,0,,0
2009-06-30,rr_erc_pathA_stress_sw12_lam25_cat,stress_corr_overlay,0.0,0.6778263664290718,0.8595041322314049,12,0.0,1,,0,,0
2009-07-31,rr_erc_pathA_stress_sw12_lam25_cat,stress_corr_overlay,0.0,0.6881161879074476,0.8587662337662338,12,0.0,1,,0,,0
2009-08-31,rr_erc_pathA_stress_sw12_lam25_cat,stress_corr_overlay,0.0,0.686769415778178,0.861244019138756,12,0.0,1,,0,,0
2009-09-30,rr_erc_pathA_stress_sw12_lam25_cat,stress_corr_overlay,0.0,0.6865916713068273,0.8636363636363636,12,0.0,1,,0,,0
2009-10-30,rr_erc_pathA_stress_sw12_lam25_cat,stress_corr_overlay,0.0,0.683423874343025,0.864406779661017,12,0.0,1,,0,,0
2009-11-30,rr_erc_pathA_stress_sw12_lam25_cat,stress_corr_overlay,0.0,0.6832047523906867,0.8666666666666667,12,0.0,1,,0,,0
2009-12-31,rr_erc_pathA_stress_sw12_lam25_cat,stress_corr_overlay,0.0,0.6822333131342956,0.8658718330849479,12,0.0,1,,0,,0
2010-01-29,rr_erc_pathA_stress_sw12_lam25_cat,stress_corr_overlay,0.0,0.6902846398813994,0.8621700879765395,12,0.0,1,,0,,0
2010-02-26,rr_erc_pathA_stress_sw12_lam25_cat,stress_corr_overlay,0.0,0.6909004290682023,0.8643578643578642,12,0.0,1,,0,,0
2010-03-31,rr_erc_pathA_stress_sw12_lam25_cat,stress_corr_overlay,0.0,0.6938463434894568,0.8664772727272727,12,0.0,1,,0,,0
2010-04-30,rr_erc_pathA_stress_sw12_lam25_cat,stress_corr_overlay,0.0,0.6192007814749053,0.8423076923076922,12,0.0,1,,0,,0
2010-05-28,rr_erc_pathA_stress_sw12_lam25_cat,stress_corr_overlay,0.0,0.6218284231791235,0.8421717171717171,12,0.0,1,,0,,0
2010-06-30,rr_erc_pathA_stress_sw12_lam25_cat,stress_corr_overlay,0.0,0.6208245379132721,0.8407960199004975,12,0.0,1,,0,,0
2010-07-30,rr_erc_pathA_stress_sw12_lam25_cat,stress_corr_overlay,0.0,0.6204565936709332,0.8406862745098039,12,0.0,1,,0,,0
2010-08-31,rr_erc_pathA_stress_sw12_lam25_cat,stress_corr_overlay,0.0,0.6205650972262995,0.8393719806763285,12,0.0,1,,0,,0
2010-09-30,rr_erc_pathA_stress_sw12_lam25_cat,stress_corr_overlay,0.0,0.6237188100126535,0.8404761904761904,12,0.0,1,,0,,0
2010-10-29,rr_erc_pathA_stress_sw12_lam25_cat,stress_corr_overlay,0.0,0.6002456999842334,0.8274428274428275,12,0.0,1,,0,,0
2010-11-30,rr_erc_pathA_stress_sw12_lam25_cat,stress_corr_overlay,0.0,0.5958491358787256,0.8218623481781377,12,0.0,1,,0,,0
2010-12-31,rr_erc_pathA_stress_sw12_lam25_cat,stress_corr_overlay,0.0,0.5901763020470984,0.8205128205128205,12,0.0,1,,0,,0
2011-01-31,rr_erc_pathA_stress_sw12_lam25_cat,stress_corr_overlay,0.0,0.5887460219383241,0.8153846153846154,12,0.0,1,,0,,0
2011-02-28,rr_erc_pathA_stress_sw12_lam25_cat,stress_corr_overlay,0.0,0.5909559929173235,0.8198874296435271,12,0.0,1,,0,,0
2011-03-31,rr_erc_pathA_stress_sw12_lam25_cat,stress_corr_overlay,0.0,0.5892878441591061,0.8168498168498168,12,0.0,1,,0,,0
2011-04-29,rr_erc_pathA_stress_sw12_lam25_cat,stress_corr_overlay,0.0,0.5902914574013586,0.8211091234347048,12,0.0,1,,0,,0
2011-05-31,rr_erc_pathA_stress_sw12_lam25_cat,stress_corr_overlay,0.0,0.5889515897080609,0.8199300699300699,12,0.0,1,,0,,0
2011-06-30,rr_erc_pathA_stress_sw12_lam25_cat,stress_corr_overlay,0.0,0.6512748926170432,0.8444444444444444,12,0.0,1,,0,,0
2011-07-29,rr_erc_pathA_stress_sw12_lam25_cat,stress_corr_overlay,0.0,0.6487986399947614,0.8411371237458194,12,0.0,1,,0,,0
2011-08-31,rr_erc_pathA_stress_sw12_lam25_cat,stress_corr_overlay,0.0,0.647667833962281,0.839607201309329,12,0.0,1,,0,,0
2011-09-30,rr_erc_pathA_stress_sw12_lam25_cat,stress_corr_overlay,0.0,0.6564659434326171,0.8397435897435898,12,0.0,1,,0,,0
2011-10-31,rr_erc_pathA_stress_sw12_lam25_cat,stress_corr_overlay,0.0,0.6618737272166875,0.8414442700156985,12,0.0,1,,0,,0
2011-11-30,rr_erc_pathA_stress_sw12_lam25_cat,stress_corr_overlay,0.0,0.6617981840970898,0.8369230769230768,12,0.0,1,,0,,0
2011-12-30,rr_erc_pathA_stress_sw12_lam25_cat,stress_corr_overlay,0.0,0.6598801084143674,0.8265460030165911,12,0.0,1,,0,,0
2012-01-31,rr_erc_pathA_stress_sw12_lam25_cat,stress_corr_overlay,0.0,0.6619966722562034,0.8298816568047336,12,0.0,1,,0,,0
2012-02-29,rr_erc_pathA_stress_sw12_lam25_cat,stress_corr_overlay,0.0,0.6562511741548486,0.8287373004354135,12,0.0,1,,0,,0
2012-03-30,rr_erc_pathA_stress_sw12_lam25_cat,stress_corr_overlay,0.0,0.6548708611514907,0.8276353276353274,12,0.0,1,,0,,0
2012-04-30,rr_erc_pathA_stress_sw12_lam25_cat,stress_corr_overlay,0.0,0.6547266661033111,0.8265734265734263,12,0.0,1,,0,,0
2012-05-31,rr_erc_pathA_stress_sw12_lam25_cat,stress_corr_overlay,0.0,0.6576992057244557,0.8269230769230769,12,0.0,1,,0,,0
2012-06-29,rr_erc_pathA_stress_sw12_lam25_cat,stress_corr_overlay,0.0,0.6568403223484507,0.8286099865047233,12,0.0,1,,0,,0
2012-07-31,rr_erc_pathA_stress_sw12_lam25_cat,stress_corr_overlay,0.0,0.6562505633794294,0.8236074270557029,12,0.0,1,,0,,0
2012-08-31,rr_erc_pathA_stress_sw12_lam25_cat,stress_corr_overlay,0.0,0.6564429110140103,0.8252933507170794,12,0.0,1,,0,,0
2012-09-28,rr_erc_pathA_stress_sw12_lam25_cat,stress_corr_overlay,0.0,0.656478942444758,0.8269230769230768,12,0.0,1,,0,,0
2012-10-31,rr_erc_pathA_stress_sw12_lam25_cat,stress_corr_overlay,0.0,0.6561017048634505,0.8272383354350566,12,0.0,1,,0,,0
2012-11-30,rr_erc_pathA_stress_sw12_lam25_cat,stress_corr_overlay,0.0,0.6798950569336694,0.8035714285714284,12,0.0,1,,0,,0
2012-12-31,rr_erc_pathA_stress_sw12_lam25_cat,stress_corr_overlay,0.0,0.6630780300260072,0.7801801801801803,12,0.0,1,,0,,0
2013-01-31,rr_erc_pathA_stress_sw12_lam25_cat,stress_corr_overlay,0.0,0.6684681739078097,0.7789473684210527,12,0.0,1,,0,,0
2013-02-28,rr_erc_pathA_stress_sw12_lam25_cat,stress_corr_overlay,0.0,0.6675528434406609,0.7811965811965813,12,0.0,1,,0,,0
2013-03-28,rr_erc_pathA_stress_sw12_lam25_cat,stress_corr_overlay,0.0,0.6662036138954069,0.7833333333333333,12,0.0,1,,0,,0
2013-04-30,rr_erc_pathA_stress_sw12_lam25_cat,stress_corr_overlay,0.0,0.6611784298198191,0.7837398373983739,12,0.0,1,,0,,0
2013-05-31,rr_erc_pathA_stress_sw12_lam25_cat,stress_corr_overlay,0.0,0.6478129058624753,0.7777777777777777,12,0.0,1,,0,,0
2013-06-28,rr_erc_pathA_stress_sw12_lam25_cat,stress_corr_overlay,0.0,0.6382013535003783,0.786046511627907,12,0.0,1,,0,,0
2013-07-31,rr_erc_pathA_stress_sw12_lam25_cat,stress_corr_overlay,0.0,0.6379657059826706,0.7893939393939392,12,0.0,1,,0,,0
2013-08-30,rr_erc_pathA_stress_sw12_lam25_cat,stress_corr_overlay,0.0,0.5888892133349173,0.7708333333333334,12,0.0,1,,0,,0
2013-09-30,rr_erc_pathA_stress_sw12_lam25_cat,stress_corr_overlay,0.0,0.5819931295910549,0.7771739130434783,12,0.0,1,,0,,0
2013-10-31,rr_erc_pathA_stress_sw12_lam25_cat,stress_corr_overlay,0.0,0.5803832779626927,0.7805851063829787,12,0.0,1,,0,,0
2013-11-29,rr_erc_pathA_stress_sw12_lam25_cat,stress_corr_overlay,0.0,0.5795690586782277,0.7786458333333334,12,0.0,1,,0,,0
2013-12-31,rr_erc_pathA_stress_sw12_lam25_cat,stress_corr_overlay,0.0,0.5765695180658118,0.7729591836734694,12,0.0,1,,0,,0
2014-01-31,rr_erc_pathA_stress_sw12_lam25_cat,stress_corr_overlay,0.0,0.5784442009988453,0.76875,12,0.0,1,,0,,0
2014-02-28,rr_erc_pathA_stress_sw12_lam25_cat,stress_corr_overlay,0.0,0.5782556483380326,0.7732843137254902,12,0.0,1,,0,,0
2014-03-31,rr_erc_pathA_stress_sw12_lam25_cat,stress_corr_overlay,0.0,0.5773053552467569,0.765625,12,0.0,1,,0,,0
2014-04-30,rr_erc_pathA_stress_sw12_lam25_cat,stress_corr_overlay,0.0,0.5762940867302694,0.7570754716981132,12,0.0,1,,0,,0
2014-05-30,rr_erc_pathA_stress_sw12_lam25_cat,stress_corr_overlay,0.0,0.575397064272068,0.7604166666666666,12,0.0,1,,0,,0
2014-06-30,rr_erc_pathA_stress_sw12_lam25_cat,stress_corr_overlay,0.0,0.5749575310560485,0.7636363636363637,12,0.0,1,,0,,0
2014-07-31,rr_erc_pathA_stress_sw12_lam25_cat,stress_corr_overlay,0.0,0.5728236288025149,0.7678571428571429,12,0.0,1,,0,,0
2014-08-29,rr_erc_pathA_stress_sw12_lam25_cat,stress_corr_overlay,0.0,0.5694932359824972,0.7708333333333334,12,0.0,1,,0,,0
2014-09-30,rr_erc_pathA_stress_sw12_lam25_cat,stress_corr_overlay,0.0,0.5653075330739571,0.7758620689655172,12,0.0,1,,0,,0
2014-10-31,rr_erc_pathA_stress_sw12_lam25_cat,stress_corr_overlay,0.0,0.5561000482213735,0.7773933102652825,12,0.0,1,,0,,0
2014-11-28,rr_erc_pathA_stress_sw12_lam25_cat,stress_corr_overlay,0.0,0.5549716775672566,0.7794117647058822,12,0.0,1,,0,,0
2014-12-31,rr_erc_pathA_stress_sw12_lam25_cat,stress_corr_overlay,0.0,0.5506473042044956,0.7735849056603772,12,0.0,1,,0,,0
2015-01-30,rr_erc_pathA_stress_sw12_lam25_cat,stress_corr_overlay,0.0,0.5495813039939953,0.770152505446623,12,0.0,1,,0,,0
2015-02-27,rr_erc_pathA_stress_sw12_lam25_cat,stress_corr_overlay,0.0,0.5503065600274957,0.766844919786096,12,0.0,1,,0,,0
2015-03-31,rr_erc_pathA_stress_sw12_lam25_cat,stress_corr_overlay,0.0,0.5493552821982614,0.7594537815126051,12,0.0,1,,0,,0
2015-04-30,rr_erc_pathA_stress_sw12_lam25_cat,stress_corr_overlay,0.0,0.5490507794207748,0.7573099415204679,12,0.0,1,,0,,0
2015-05-29,rr_erc_pathA_stress_sw12_lam25_cat,stress_corr_overlay,0.0,0.5486127261920385,0.7538314176245212,12,0.0,1,,0,,0
2015-06-30,rr_erc_pathA_stress_sw12_lam25_cat,stress_corr_overlay,0.0,0.5449894899786666,0.7542372881355933,12,0.0,1,,0,,0
2015-07-31,rr_erc_pathA_stress_sw12_lam25_cat,stress_corr_overlay,0.0,0.54308488751261,0.7472222222222223,12,0.0,1,,0,,0
2015-08-31,rr_erc_pathA_stress_sw12_lam25_cat,stress_corr_overlay,0.0,0.543067796704973,0.7513661202185794,12,0.0,1,,0,,0
2015-09-30,rr_erc_pathA_stress_sw12_lam25_cat,stress_corr_overlay,0.0,0.5426572417644485,0.7508960573476704,12,0.0,1,,0,,0
2015-10-30,rr_erc_pathA_stress_sw12_lam25_cat,stress_corr_overlay,0.0,0.5450132679927621,0.7530864197530865,12,0.0,1,,0,,0
2015-11-30,rr_erc_pathA_stress_sw12_lam25_cat,stress_corr_overlay,0.0,0.5438947742336562,0.7491319444444444,12,0.0,1,,0,,0
2015-12-31,rr_erc_pathA_stress_sw12_lam25_cat,stress_corr_overlay,0.0,0.5430402435874973,0.7521367521367521,12,0.0,1,,0,,0
2016-01-29,rr_erc_pathA_stress_sw12_lam25_cat,stress_corr_overlay,0.0,0.5452269330545257,0.7516835016835016,12,0.0,1,,0,,0
2016-02-29,rr_erc_pathA_stress_sw12_lam25_cat,stress_corr_overlay,0.0,0.5442201335539413,0.7529021558872305,12,0.0,1,,0,,0
2016-03-31,rr_erc_pathA_stress_sw12_lam25_cat,stress_corr_overlay,0.0,0.5481242087555865,0.7565359477124183,12,0.0,1,,0,,0
2016-04-29,rr_erc_pathA_stress_sw12_lam25_cat,stress_corr_overlay,0.0,0.5470510790680253,0.7592592592592592,12,0.0,1,,0,,0
2016-05-31,rr_erc_pathA_stress_sw12_lam25_cat,stress_corr_overlay,0.0,0.5460128476699482,0.7587301587301587,12,0.0,1,,0,,0
2016-06-30,rr_erc_pathA_stress_sw12_lam25_cat,stress_corr_overlay,0.0,0.5439183663323811,0.7613458528951486,12,0.0,1,,0,,0
2016-07-29,rr_erc_pathA_stress_sw12_lam25_cat,stress_corr_overlay,0.0,0.5073968709318812,0.7820867959372115,12,0.0,1,,0,,0
2016-08-31,rr_erc_pathA_stress_sw12_lam25_cat,stress_corr_overlay,0.0,0.5068322942703583,0.779491833030853,12,0.0,1,,0,,0
2016-09-30,rr_erc_pathA_stress_sw12_lam25_cat,stress_corr_overlay,0.0,0.5051795490264379,0.7778768956289027,12,0.0,1,,0,,0
2016-10-31,rr_erc_pathA_stress_sw12_lam25_cat,stress_corr_overlay,0.0,0.504693475090562,0.781578947368421,12,0.0,1,,0,,0
2016-11-30,rr_erc_pathA_stress_sw12_lam25_cat,stress_corr_overlay,0.0,0.493454492011675,0.7773943054357204,12,0.0,1,,0,,0
2016-12-30,rr_erc_pathA_stress_sw12_lam25_cat,stress_corr_overlay,0.0,0.4934834027878863,0.7801358234295416,12,0.0,1,,0,,0
2017-01-31,rr_erc_pathA_stress_sw12_lam25_cat,stress_corr_overlay,0.0,0.4927937415641588,0.7827903091060985,12,0.0,1,,0,,0
2017-02-28,rr_erc_pathA_stress_sw12_lam25_cat,stress_corr_overlay,0.0,0.49166700255081774,0.7796052631578948,12,0.0,1,,0,,0
2017-03-31,rr_erc_pathA_stress_sw12_lam25_cat,stress_corr_overlay,0.0,0.4906008358262422,0.7757085020242915,12,0.0,1,,0,,0
2017-04-28,rr_erc_pathA_stress_sw12_lam25_cat,stress_corr_overlay,0.0,0.49007881797525993,0.777511961722488,12,0.0,1,,0,,0
2017-05-31,rr_erc_pathA_stress_sw12_lam25_cat,stress_corr_overlay,0.0,0.4884217815716728,0.774548311076198,12,0.0,1,,0,,0
2017-06-30,rr_erc_pathA_stress_sw12_lam25_cat,stress_corr_overlay,0.0,0.48768869422453637,0.7739938080495357,12,0.0,1,,0,,0
2017-07-31,rr_erc_pathA_stress_sw12_lam25_cat,stress_corr_overlay,0.0,0.48756189461448235,0.7772692601067888,12,0.0,1,,0,,0
2017-08-31,rr_erc_pathA_stress_sw12_lam25_cat,stress_corr_overlay,0.0,0.4875360221194288,0.7729323308270677,12,0.0,1,,0,,0
2017-09-29,rr_erc_pathA_stress_sw12_lam25_cat,stress_corr_overlay,0.0,0.4871654132003715,0.770941438102298,12,0.0,1,,0,,0
2017-10-31,rr_erc_pathA_stress_sw12_lam25_cat,stress_corr_overlay,0.0,0.48637720763724585,0.7726608187134504,12,0.0,1,,0,,0
2017-11-30,rr_erc_pathA_stress_sw12_lam25_cat,stress_corr_overlay,0.0,0.4859824241773804,0.7736121124729634,12,0.0,1,,0,,0
2017-12-29,rr_erc_pathA_stress_sw12_lam25_cat,stress_corr_overlay,0.0,0.4854657216410493,0.7745376955903273,12,0.0,1,,0,,0
2018-01-31,rr_erc_pathA_stress_sw12_lam25_cat,stress_corr_overlay,0.0,0.48427012764540023,0.7740350877192984,12,0.0,1,,0,,0
2018-02-28,rr_erc_pathA_stress_sw12_lam25_cat,stress_corr_overlay,0.0,0.4843031114937376,0.7770083102493076,12,0.0,1,,0,,0
2018-03-29,rr_erc_pathA_stress_sw12_lam25_cat,stress_corr_overlay,0.0,0.48312530816508586,0.7764866712235134,12,0.0,1,,0,,0
2018-04-30,rr_erc_pathA_stress_sw12_lam25_cat,stress_corr_overlay,0.0,0.48225071035281214,0.7739541160593794,12,0.0,1,,0,,0
2018-05-31,rr_erc_pathA_stress_sw12_lam25_cat,stress_corr_overlay,0.0,0.47753928127368783,0.7754830113257829,12,0.0,1,,0,,0
2018-06-29,rr_erc_pathA_stress_sw12_lam25_cat,stress_corr_overlay,0.0,0.47728574722845835,0.7690789473684211,12,0.0,1,,0,,0
2018-07-31,rr_erc_pathA_stress_sw12_lam25_cat,stress_corr_overlay,0.0,0.4771622687540935,0.769330734243015,12,0.0,1,,0,,0
2018-08-31,rr_erc_pathA_stress_sw12_lam25_cat,stress_corr_overlay,0.0,0.4723016087101678,0.7702182284980745,12,0.0,1,,0,,0
2018-09-28,rr_erc_pathA_stress_sw12_lam25_cat,stress_corr_overlay,0.0,0.4700419748375807,0.7685478757133799,12,0.0,1,,0,,0
2018-10-31,rr_erc_pathA_stress_sw12_lam25_cat,stress_corr_overlay,0.0,0.47130012154519235,0.7706766917293234,12,0.0,1,,0,,0
2018-11-30,rr_erc_pathA_stress_sw12_lam25_cat,stress_corr_overlay,0.0,0.47057142658507806,0.7721362229102168,12,0.0,1,,0,,0
2018-12-31,rr_erc_pathA_stress_sw12_lam25_cat,stress_corr_overlay,0.0,0.4686363228373056,0.7705018359853122,12,0.0,1,,0,,0
2019-01-31,rr_erc_pathA_stress_sw12_lam25_cat,stress_corr_overlay,0.0,0.47883240400488575,0.7731397459165155,12,0.0,1,,0,,0
2019-02-28,rr_erc_pathA_stress_sw12_lam25_cat,stress_corr_overlay,0.0,0.4786323284941986,0.7721291866028708,12,0.0,1,,0,,0
2019-03-29,rr_erc_pathA_stress_sw12_lam25_cat,stress_corr_overlay,0.0,0.4797722014353281,0.7711413364872857,12,0.0,1,,0,,0
2019-04-30,rr_erc_pathA_stress_sw12_lam25_cat,stress_corr_overlay,0.0,0.48025189757323217,0.7719298245614035,12,0.0,1,,0,,0
2019-05-31,rr_erc_pathA_stress_sw12_lam25_cat,stress_corr_overlay,0.0,0.48325351918533865,0.7715442452284558,12,0.0,1,,0,,0
2019-06-28,rr_erc_pathA_stress_sw12_lam25_cat,stress_corr_overlay,0.0,0.48736996872738536,0.7740274599542335,12,0.0,1,,0,,0
2019-07-31,rr_erc_pathA_stress_sw12_lam25_cat,stress_corr_overlay,0.0,0.48716504008304873,0.7753254102999434,12,0.0,1,,0,,0
2019-08-30,rr_erc_pathA_stress_sw12_lam25_cat,stress_corr_overlay,0.0,0.4871948964099251,0.7743561030235163,12,0.0,1,,0,,0
2019-09-30,rr_erc_pathA_stress_sw12_lam25_cat,stress_corr_overlay,0.0,0.4861952510792888,0.7739612188365652,12,0.0,1,,0,,0
2019-10-31,rr_erc_pathA_stress_sw12_lam25_cat,stress_corr_overlay,0.0,0.48592119391602884,0.7757675438596491,12,0.0,1,,0,,0
2019-11-29,rr_erc_pathA_stress_sw12_lam25_cat,stress_corr_overlay,0.0,0.4867182247142007,0.7759088442756374,12,0.0,1,,0,,0
2019-12-31,rr_erc_pathA_stress_sw12_lam25_cat,stress_corr_overlay,0.0,0.48723179236311226,0.7765843179377013,12,0.0,1,,0,,0
2020-01-31,rr_erc_pathA_stress_sw12_lam25_cat,stress_corr_overlay,0.0,0.4871623733808155,0.7745879851143008,12,0.0,1,,0,,0
2020-02-28,rr_erc_pathA_stress_sw12_lam25_cat,stress_corr_overlay,0.0,0.49420716738490533,0.7742105263157895,12,0.0,1,,0,,0
2020-03-31,rr_erc_pathA_stress_sw12_lam25_cat,stress_corr_overlay,0.0,0.5367643903086062,0.7759249609171444,12,0.0,1,,0,,0
2020-04-30,rr_erc_pathA_stress_sw12_lam25_cat,stress_corr_overlay,0.0,0.5403852886522876,0.7776057791537667,12,0.0,1,,0,,0
2020-05-29,rr_erc_pathA_stress_sw12_lam25_cat,stress_corr_overlay,0.0,0.5429001958868168,0.779253960143076,12,0.0,1,,0,,0
2020-06-30,rr_erc_pathA_stress_sw12_lam25_cat,stress_corr_overlay,0.0,0.541917283000336,0.7803643724696356,12,0.0,1,,0,,0
2020-07-31,rr_erc_pathA_stress_sw12_lam25_cat,stress_corr_overlay,0.0,0.5435453117035489,0.7824561403508772,12,0.0,1,,0,,0
2020-08-31,rr_erc_pathA_stress_sw12_lam25_cat,stress_corr_overlay,0.0,0.5434291844351306,0.7825223435948361,12,0.0,1,,0,,0
2020-09-30,rr_erc_pathA_stress_sw12_lam25_cat,stress_corr_overlay,0.0,0.545631072551408,0.7840629611411707,12,0.0,1,,0,,0
2020-10-30,rr_erc_pathA_stress_sw12_lam25_cat,stress_corr_overlay,0.0,0.5443799388196124,0.7826510721247564,12,0.0,1,,0,,0
2020-11-30,rr_erc_pathA_stress_sw12_lam25_cat,stress_corr_overlay,0.0,0.5518198662853361,0.7846450989859971,12,0.0,1,,0,,0
2020-12-31,rr_erc_pathA_stress_sw12_lam25_cat,stress_corr_overlay,0.0,0.5530403714648403,0.7861244019138756,12,0.0,1,,0,,0
2021-01-29,rr_erc_pathA_stress_sw12_lam25_cat,stress_corr_overlay,0.0,0.5517152734721449,0.7837837837837838,12,0.0,1,,0,,0
2021-02-26,rr_erc_pathA_stress_sw12_lam25_cat,stress_corr_overlay,0.0,0.549277393341977,0.7824248120300751,12,0.0,1,,0,,0
2021-03-31,rr_erc_pathA_stress_sw12_lam25_cat,stress_corr_overlay,0.0,0.5469727899107191,0.7810898928737773,12,0.0,1,,0,,0
2021-04-30,rr_erc_pathA_stress_sw12_lam25_cat,stress_corr_overlay,0.0,0.5474014708581926,0.7830101569713758,12,0.0,1,,0,,0
2021-05-28,rr_erc_pathA_stress_sw12_lam25_cat,stress_corr_overlay,0.0,0.5467308091824135,0.7839816933638443,12,0.0,1,,0,,0
2021-06-30,rr_erc_pathA_stress_sw12_lam25_cat,stress_corr_overlay,0.0,0.5460764878083707,0.7835753176043557,12,0.0,1,,0,,0
2021-07-30,rr_erc_pathA_stress_sw12_lam25_cat,stress_corr_overlay,0.0,0.5448048667557222,0.7831758884390464,12,0.0,1,,0,,0
2021-08-31,rr_erc_pathA_stress_sw12_lam25_cat,stress_corr_overlay,0.0,0.5438342332448683,0.7823371989295272,12,0.0,1,,0,,0
2021-09-30,rr_erc_pathA_stress_sw12_lam25_cat,stress_corr_overlay,0.0,0.5449559696845566,0.7841662980981867,12,0.0,1,,0,,0
2021-10-29,rr_erc_pathA_stress_sw12_lam25_cat,stress_corr_overlay,0.0,0.5437427046714421,0.7846491228070175,12,0.0,1,,0,,0
2021-11-30,rr_erc_pathA_stress_sw12_lam25_cat,stress_corr_overlay,0.0,0.544223604696507,0.7846889952153109,12,0.0,1,,0,,0
2021-12-31,rr_erc_pathA_stress_sw12_lam25_cat,stress_corr_overlay,0.0,0.5439577616604211,0.7851596203623812,12,0.0,1,,0,,0
2022-01-31,rr_erc_pathA_stress_sw12_lam25_cat,stress_corr_overlay,0.0,0.5441693098767539,0.786050492083868,12,0.0,1,,0,,0
2022-02-28,rr_erc_pathA_stress_sw12_lam25_cat,stress_corr_overlay,0.0,0.5425879706083645,0.7848047538200338,12,0.0,1,,0,,0
2022-03-31,rr_erc_pathA_stress_sw12_lam25_cat,stress_corr_overlay,0.0,0.5396924838784337,0.7835789473684209,12,0.0,1,,0,,0
2022-04-29,rr_erc_pathA_stress_sw12_lam25_cat,stress_corr_overlay,0.0,0.5468519110933098,0.7852965747702588,12,0.0,1,,0,,0
2022-05-31,rr_erc_pathA_stress_sw12_lam25_cat,stress_corr_overlay,0.0,0.5460464321824628,0.7853294653957728,12,0.0,1,,0,,0
2022-06-30,rr_erc_pathA_stress_sw12_lam25_cat,stress_corr_overlay,0.0,0.5466791068568896,0.7241176470588235,12,0.0,1,,0,,0
2022-07-29,rr_erc_pathA_stress_sw12_lam25_cat,stress_corr_overlay,0.0,0.5526463641321059,0.7267441860465117,12,0.0,1,,0,,0
2022-08-31,rr_erc_pathA_stress_sw12_lam25_cat,stress_corr_overlay,0.0,0.5558751067668444,0.7298850574712644,12,0.0,1,,0,,0
2022-09-30,rr_erc_pathA_stress_sw12_lam25_cat,stress_corr_overlay,0.0,0.5697104739834865,0.7329545454545454,12,0.0,1,,0,,0
2022-10-31,rr_erc_pathA_stress_sw12_lam25_cat,stress_corr_overlay,0.0,0.5658204247849229,0.7331460674157303,12,0.0,1,,0,,0
2022-11-30,rr_erc_pathA_stress_sw12_lam25_cat,stress_corr_overlay,0.0,0.5676465405547091,0.7355555555555556,12,0.0,1,,0,,0
2022-12-30,rr_erc_pathA_stress_sw12_lam25_cat,stress_corr_overlay,0.0,0.5686268693230141,0.7373626373626374,12,0.0,1,,0,,0
2023-01-31,rr_erc_pathA_stress_sw12_lam25_cat,stress_corr_overlay,0.0,0.57561976362086,0.7402173913043479,12,0.0,1,,0,,0
2023-02-28,rr_erc_pathA_stress_sw12_lam25_cat,stress_corr_overlay,0.0,0.5778078431414341,0.7430107526881722,12,0.0,1,,0,,0
2023-03-31,rr_erc_pathA_stress_sw12_lam25_cat,stress_corr_overlay,0.0,0.5740008714830391,0.7430851063829789,12,0.0,1,,0,,0
2023-04-28,rr_erc_pathA_stress_sw12_lam25_cat,stress_corr_overlay,0.0,0.573419851589043,0.7426315789473685,12,0.0,1,,0,,0
2023-05-31,rr_erc_pathA_stress_sw12_lam25_cat,stress_corr_overlay,0.0,0.5742522403301501,0.7442708333333333,12,0.0,1,,0,,0
2023-06-30,rr_erc_pathA_stress_sw12_lam25_cat,stress_corr_overlay,0.0,0.5733387222940178,0.7448453608247423,12,0.0,1,,0,,0
2023-07-31,rr_erc_pathA_stress_sw12_lam25_cat,stress_corr_overlay,0.0,0.57313720476855,0.7459183673469387,12,0.0,1,,0,,0
2023-08-31,rr_erc_pathA_stress_sw12_lam25_cat,stress_corr_overlay,0.0,0.5741971267082748,0.747979797979798,12,0.0,1,,0,,0
2023-09-29,rr_erc_pathA_stress_sw12_lam25_cat,stress_corr_overlay,0.0,0.5783390311330605,0.7495,12,0.0,1,,0,,0
2023-10-31,rr_erc_pathA_stress_sw12_lam25_cat,stress_corr_overlay,0.0,0.5786631693220621,0.7509900990099011,12,0.0,1,,0,,0
2023-11-30,rr_erc_pathA_stress_sw12_lam25_cat,stress_corr_overlay,0.0,0.5867304158337733,0.7534313725490197,12,0.0,1,,0,,0
2023-12-29,rr_erc_pathA_stress_sw12_lam25_cat,stress_corr_overlay,0.0,0.5899284197137252,0.7553398058252428,12,0.0,1,,0,,0
2024-01-31,rr_erc_pathA_stress_sw12_lam25_cat,stress_corr_overlay,0.0,0.5895352963272747,0.7533653846153846,12,0.0,1,,0,,0
2024-02-29,rr_erc_pathA_stress_sw12_lam25_cat,stress_corr_overlay,0.0,0.5868863438568784,0.7528571428571428,12,0.0,1,,0,,0
2024-03-28,rr_erc_pathA_stress_sw12_lam25_cat,stress_corr_overlay,0.0,0.5870934279053059,0.7547169811320755,12,0.0,1,,0,,0
2024-04-30,rr_erc_pathA_stress_sw12_lam25_cat,stress_corr_overlay,0.0,0.5905445806232218,0.7570093457943925,12,0.0,1,,0,,0
2024-05-31,rr_erc_pathA_stress_sw12_lam25_cat,stress_corr_overlay,0.0,0.5923889213608599,0.7592592592592593,12,0.0,1,,0,,0
2024-06-28,rr_erc_pathA_stress_sw12_lam25_cat,stress_corr_overlay,0.0,0.5914877393543282,0.7568807339449541,12,0.0,1,,0,,0
2024-07-31,rr_erc_pathA_stress_sw12_lam25_cat,stress_corr_overlay,0.0,0.5915045564372704,0.759090909090909,12,0.0,1,,0,,0
2024-08-30,rr_erc_pathA_stress_sw12_lam25_cat,stress_corr_overlay,0.0,0.5905870681001455,0.7594594594594595,12,0.0,1,,0,,0
2024-09-30,rr_erc_pathA_stress_sw12_lam25_cat,stress_corr_overlay,0.0,0.5904810903290967,0.7616071428571429,12,0.0,1,,0,,0
2024-10-31,rr_erc_pathA_stress_sw12_lam25_cat,stress_corr_overlay,0.0,0.5912331727799544,0.7623893805309735,12,0.0,1,,0,,0
2024-11-29,rr_erc_pathA_stress_sw12_lam25_cat,stress_corr_overlay,0.0,0.5907439807315306,0.7635964912280703,12,0.0,1,,0,,0
2024-12-31,rr_erc_pathA_stress_sw12_lam25_cat,stress_corr_overlay,0.0,0.5937282879046634,0.7656521739130436,12,0.0,1,,0,,0
2025-01-31,rr_erc_pathA_stress_sw12_lam25_cat,stress_corr_overlay,0.0,0.5939228541731932,0.7676724137931036,12,0.0,1,,0,,0
2025-02-28,rr_erc_pathA_stress_sw12_lam25_cat,stress_corr_overlay,0.0,0.592061223085498,0.7666666666666667,12,0.0,1,,0,,0
2025-03-31,rr_erc_pathA_stress_sw12_lam25_cat,stress_corr_overlay,0.0,0.5905814529812415,0.7661016949152543,12,0.0,1,,0,,0
2025-04-30,rr_erc_pathA_stress_sw12_lam25_cat,stress_corr_overlay,0.0,0.5894814463321318,0.7647058823529411,12,0.0,1,,0,,0
2025-05-30,rr_erc_pathA_stress_sw12_lam25_cat,stress_corr_overlay,0.0,0.588116454928633,0.765,12,0.0,1,,0,,0
2025-06-30,rr_erc_pathA_stress_sw12_lam25_cat,stress_corr_overlay,0.0,0.5890999238164341,0.7669421487603305,12,0.0,1,,0,,0
2025-07-31,rr_erc_pathA_stress_sw12_lam25_cat,stress_corr_overlay,0.0,0.5888628554750296,0.7655737704918032,12,0.0,1,,0,,0
2025-08-29,rr_erc_pathA_stress_sw12_lam25_cat,stress_corr_overlay,0.0,0.5894194080478744,0.767479674796748,12,0.0,1,,0,,0
2025-09-30,rr_erc_pathA_stress_sw12_lam25_cat,stress_corr_overlay,0.0,0.5891817651597258,0.7693548387096774,12,0.0,1,,0,,0
2025-10-31,rr_erc_pathA_stress_sw12_lam25_cat,stress_corr_overlay,0.0,0.5887500406532317,0.7684,12,0.0,1,,0,,0
2025-11-28,rr_erc_pathA_stress_sw12_lam25_cat,stress_corr_overlay,0.0,0.5884349057942505,0.7694444444444445,12,0.0,1,,0,,0
2025-12-31,rr_erc_pathA_stress_sw12_lam25_cat,stress_corr_overlay,0.0,0.5881314785082341,0.7673228346456693,12,0.0,1,,0,,0
2026-01-30,rr_erc_pathA_stress_sw12_lam25_cat,stress_corr_overlay,0.0,0.5876211193612928,0.76875,12,0.0,1,,0,,0
2026-02-27,rr_erc_pathA_stress_sw12_lam25_cat,stress_corr_overlay,0.0,0.587244952836725,0.7697674418604652,12,0.0,1,,0,,0
2026-03-31,rr_erc_pathA_stress_sw12_lam25_cat,stress_corr_overlay,0.0,0.5900746563094961,0.7711538461538462,12,0.0,1,,0,,0
2026-04-30,rr_erc_pathA_stress_sw12_lam25_cat,stress_corr_overlay,0.0,0.589811148392275,0.7729007633587787,12,0.0,1,,0,,0
2026-05-29,rr_erc_pathA_stress_sw12_lam25_cat,stress_corr_overlay,0.0,0.5892254291894504,0.7738636363636364,12,0.0,1,,0,,0
2026-06-30,rr_erc_pathA_stress_sw12_lam25_cat,stress_corr_overlay,0.0,0.5880065257053194,0.774812030075188,12,0.0,1,,0,,0
2026-07-31,rr_erc_pathA_stress_sw12_lam25_cat,stress_corr_overlay,0.0,0.587301360026351,0.7735074626865672,12,0.0,1,,0,,0
2026-08-31,rr_erc_pathA_stress_sw12_lam25_cat,stress_corr_overlay,0.0,0.5865340621389163,0.7748148148148147,12,0.0,1,,0,,0
2003-05-30,rr_erc_pathB_loim_vols_histfreq_cat,loim_regime_parity,,,,0,0.003949997661485443,1,,3,,33
2003-06-30,rr_erc_pathB_loim_vols_histfreq_cat,loim_regime_parity,,,,0,0.0034887135858149,1,,3,,34
2003-07-31,rr_erc_pathB_loim_vols_histfreq_cat,loim_regime_parity,,,,0,0.0021798828165484063,1,,3,,33
2003-08-29,rr_erc_pathB_loim_vols_histfreq_cat,loim_regime_parity,,,,0,0.0034233928822606946,1,,4,,33
2003-09-30,rr_erc_pathB_loim_vols_histfreq_cat,loim_regime_parity,,,,0,0.0032352627232778855,1,,5,,33
2003-10-31,rr_erc_pathB_loim_vols_histfreq_cat,loim_regime_parity,,,,0,0.0040174675581924335,1,,6,,33
2003-11-28,rr_erc_pathB_loim_vols_histfreq_cat,loim_regime_parity,,,,0,0.004278950830698992,1,,7,,33
2003-12-31,rr_erc_pathB_loim_vols_histfreq_cat,loim_regime_parity,,,,0,0.004814034539971544,1,,8,,33
2004-01-30,rr_erc_pathB_loim_vols_histfreq_cat,loim_regime_parity,,,,0,0.004695924926301727,1,,9,,33
2004-02-27,rr_erc_pathB_loim_vols_histfreq_cat,loim_regime_parity,,,,0,0.004866859647321505,1,,10,,33
2004-03-31,rr_erc_pathB_loim_vols_histfreq_cat,loim_regime_parity,,,,0,0.004922560241728301,1,,11,,33
2004-04-30,rr_erc_pathB_loim_vols_histfreq_cat,loim_regime_parity,,,,0,0.005618875756842896,1,,12,,33
2004-05-28,rr_erc_pathB_loim_vols_histfreq_cat,loim_regime_parity,,,,0,0.005505439519797901,1,,13,,33
2004-06-30,rr_erc_pathB_loim_vols_histfreq_cat,loim_regime_parity,,,,0,0.006240409335940894,1,,14,,33
2004-07-30,rr_erc_pathB_loim_vols_histfreq_cat,loim_regime_parity,,,,0,0.0075926756353730095,1,,15,,33
2004-08-31,rr_erc_pathB_loim_vols_histfreq_cat,loim_regime_parity,,,,0,0.006764007743325334,1,,15,,34
2004-09-30,rr_erc_pathB_loim_vols_histfreq_cat,loim_regime_parity,,,,0,0.006856375196401866,1,,16,,34
2004-10-29,rr_erc_pathB_loim_vols_histfreq_cat,loim_regime_parity,,,,0,0.006945163453578381,1,,17,,34
2004-11-30,rr_erc_pathB_loim_vols_histfreq_cat,loim_regime_parity,,,,0,0.006188506546879481,1,,17,,35
2004-12-31,rr_erc_pathB_loim_vols_histfreq_cat,loim_regime_parity,,,,0,0.00609446794056009,1,,17,,36
2005-01-31,rr_erc_pathB_loim_vols_histfreq_cat,loim_regime_parity,,,,0,0.006429564820928061,1,,18,,36
2005-02-28,rr_erc_pathB_loim_vols_histfreq_cat,loim_regime_parity,,,,0,0.006370359161446907,1,,19,,36
2005-03-31,rr_erc_pathB_loim_vols_histfreq_cat,loim_regime_parity,,,,0,0.006688735737655381,1,,20,,36
2005-04-29,rr_erc_pathB_loim_vols_histfreq_cat,loim_regime_parity,,,,0,0.006630690140687296,1,,20,,37
2005-05-31,rr_erc_pathB_loim_vols_histfreq_cat,loim_regime_parity,,,,0,0.006278698249997274,1,,21,,37
2005-06-30,rr_erc_pathB_loim_vols_histfreq_cat,loim_regime_parity,,,,0,0.0065235404502721655,1,,22,,37
2005-07-29,rr_erc_pathB_loim_vols_histfreq_cat,loim_regime_parity,,,,0,0.10753754939353138,1,,25,,11
2005-08-31,rr_erc_pathB_loim_vols_histfreq_cat,loim_regime_parity,,,,0,0.10160691249328418,1,,26,,11
2005-09-30,rr_erc_pathB_loim_vols_histfreq_cat,loim_regime_parity,,,,0,0.10339670700886035,1,,27,,11
2005-10-31,rr_erc_pathB_loim_vols_histfreq_cat,loim_regime_parity,,,,0,0.10017911333279611,1,,28,,11
2005-11-30,rr_erc_pathB_loim_vols_histfreq_cat,loim_regime_parity,,,,0,0.09999598212126673,1,,29,,11
2005-12-30,rr_erc_pathB_loim_vols_histfreq_cat,loim_regime_parity,,,,0,0.09889018441561495,1,,30,,11
2006-01-31,rr_erc_pathB_loim_vols_histfreq_cat,loim_regime_parity,,,,0,0.0954569407731776,1,,31,,11
2006-02-28,rr_erc_pathB_loim_vols_histfreq_cat,loim_regime_parity,,,,0,0.09382136316627063,1,,32,,11
2006-03-31,rr_erc_pathB_loim_vols_histfreq_cat,loim_regime_parity,,,,0,0.09236833388858204,1,,33,,11
2006-04-28,rr_erc_pathB_loim_vols_histfreq_cat,loim_regime_parity,,,,0,0.09275402639921113,1,,34,,11
2006-05-31,rr_erc_pathB_loim_vols_histfreq_cat,loim_regime_parity,,,,0,0.08526527038741241,1,,35,,11
2006-06-30,rr_erc_pathB_loim_vols_histfreq_cat,loim_regime_parity,,,,0,0.08382501672549786,1,,36,,11
2006-07-31,rr_erc_pathB_loim_vols_histfreq_cat,loim_regime_parity,,,,0,0.08075868132995766,1,,37,,11
2006-08-31,rr_erc_pathB_loim_vols_histfreq_cat,loim_regime_parity,,,,0,0.0827145993436325,1,,38,,11
2006-09-29,rr_erc_pathB_loim_vols_histfreq_cat,loim_regime_parity,,,,0,0.08305903683256644,1,,39,,11
2006-10-31,rr_erc_pathB_loim_vols_histfreq_cat,loim_regime_parity,,,,0,0.08314153734145911,1,,40,,11
2006-11-30,rr_erc_pathB_loim_vols_histfreq_cat,loim_regime_parity,,,,0,0.08455790710039958,1,,41,,11
2006-12-29,rr_erc_pathB_loim_vols_histfreq_cat,loim_regime_parity,,,,0,0.08542204538843239,1,,42,,11
2007-01-31,rr_erc_pathB_loim_vols_histfreq_cat,loim_regime_parity,,,,0,0.08561555378317064,1,,43,,11
2007-02-28,rr_erc_pathB_loim_vols_histfreq_cat,loim_regime_parity,,,,0,0.08249197582496855,1,,44,,11
2007-03-30,rr_erc_pathB_loim_vols_histfreq_cat,loim_regime_parity,,,,0,0.08250767216635445,1,,45,,11
2007-04-30,rr_erc_pathB_loim_vols_histfreq_cat,loim_regime_parity,,,,0,0.0821656662467839,1,,46,,11
2007-05-31,rr_erc_pathB_loim_vols_histfreq_cat,loim_regime_parity,,,,0,0.07961551494007778,1,,47,,11
2007-06-29,rr_erc_pathB_loim_vols_histfreq_cat,loim_regime_parity,,,,0,0.0770803485350916,1,,48,,11
2007-07-31,rr_erc_pathB_loim_vols_histfreq_cat,loim_regime_parity,,,,0,0.06642387710902932,1,,49,,11
2007-08-31,rr_erc_pathB_loim_vols_histfreq_cat,loim_regime_parity,,,,0,0.06695045303552556,1,,50,,11
2007-09-28,rr_erc_pathB_loim_vols_histfreq_cat,loim_regime_parity,,,,0,0.06651526275117223,1,,51,,11
2007-10-31,rr_erc_pathB_loim_vols_histfreq_cat,loim_regime_parity,,,,0,0.06719078436000767,1,,52,,11
2007-11-30,rr_erc_pathB_loim_vols_histfreq_cat,loim_regime_parity,,,,0,0.055352314916460706,1,,53,,11
2007-12-31,rr_erc_pathB_loim_vols_histfreq_cat,loim_regime_parity,,,,0,0.05420582922984089,1,,54,,11
2008-01-31,rr_erc_pathB_loim_vols_histfreq_cat,loim_regime_parity,,,,0,0.0,1,,38,,0
2008-02-29,rr_erc_pathB_loim_vols_histfreq_cat,loim_regime_parity,,,,0,0.0,1,,39,,0
2008-03-31,rr_erc_pathB_loim_vols_histfreq_cat,loim_regime_parity,,,,0,0.0,1,,40,,0
2008-04-30,rr_erc_pathB_loim_vols_histfreq_cat,loim_regime_parity,,,,0,0.0,1,,41,,0
2008-05-30,rr_erc_pathB_loim_vols_histfreq_cat,loim_regime_parity,,,,0,0.0,1,,42,,0
2008-06-30,rr_erc_pathB_loim_vols_histfreq_cat,loim_regime_parity,,,,0,0.015779924480691897,1,,42,,1
2008-07-31,rr_erc_pathB_loim_vols_histfreq_cat,loim_regime_parity,,,,0,0.014999104151804572,1,,42,,2
2008-08-29,rr_erc_pathB_loim_vols_histfreq_cat,loim_regime_parity,,,,0,0.014357371373148228,1,,42,,3
2008-09-30,rr_erc_pathB_loim_vols_histfreq_cat,loim_regime_parity,,,,0,0.028045322441199144,1,,42,,4
2008-10-31,rr_erc_pathB_loim_vols_histfreq_cat,loim_regime_parity,,,,0,0.11800443087200971,1,,42,,5
2008-11-28,rr_erc_pathB_loim_vols_histfreq_cat,loim_regime_parity,,,,0,0.0971314041199271,1,,42,,6
2008-12-31,rr_erc_pathB_loim_vols_histfreq_cat,loim_regime_parity,,,,0,0.12082574783060915,1,,42,,7
2009-01-30,rr_erc_pathB_loim_vols_histfreq_cat,loim_regime_parity,,,,0,0.14903275974948882,1,,42,,8
2009-02-27,rr_erc_pathB_loim_vols_histfreq_cat,loim_regime_parity,,,,0,0.14172306774695595,1,,42,,9
2009-03-31,rr_erc_pathB_loim_vols_histfreq_cat,loim_regime_parity,,,,0,0.14746201687294966,1,,42,,10
2009-04-30,rr_erc_pathB_loim_vols_histfreq_cat,loim_regime_parity,,,,0,0.10249447277755663,1,,40,,13
2009-05-29,rr_erc_pathB_loim_vols_histfreq_cat,loim_regime_parity,,,,0,0.09094777229616764,1,,40,,14
2009-06-30,rr_erc_pathB_loim_vols_histfreq_cat,loim_regime_parity,,,,0,0.09087387265138894,1,,41,,14
2009-07-31,rr_erc_pathB_loim_vols_histfreq_cat,loim_regime_parity,,,,0,0.08053658692927824,1,,41,,15
2009-08-31,rr_erc_pathB_loim_vols_histfreq_cat,loim_regime_parity,,,,0,0.08111820538380277,1,,41,,16
2009-09-30,rr_erc_pathB_loim_vols_histfreq_cat,loim_regime_parity,,,,0,0.08087108551896201,1,,41,,17
2009-10-30,rr_erc_pathB_loim_vols_histfreq_cat,loim_regime_parity,,,,0,0.08157081814765137,1,,41,,18
2009-11-30,rr_erc_pathB_loim_vols_histfreq_cat,loim_regime_parity,,,,0,0.08132255362450991,1,,41,,19
2009-12-31,rr_erc_pathB_loim_vols_histfreq_cat,loim_regime_parity,,,,0,0.08045507834643693,1,,41,,20
2010-01-29,rr_erc_pathB_loim_vols_histfreq_cat,loim_regime_parity,,,,0,0.049087105104865726,1,,41,,21
2010-02-26,rr_erc_pathB_loim_vols_histfreq_cat,loim_regime_parity,,,,0,0.04770945814067926,1,,41,,22
2010-03-31,rr_erc_pathB_loim_vols_histfreq_cat,loim_regime_parity,,,,0,0.008191744321023884,0,0.4,40,0.6,24
2010-04-30,rr_erc_pathB_loim_vols_histfreq_cat,loim_regime_parity,,,,0,0.036034129806710724,1,,44,,21
2010-05-28,rr_erc_pathB_loim_vols_histfreq_cat,loim_regime_parity,,,,0,0.04740424762767842,1,,44,,22
2010-06-30,rr_erc_pathB_loim_vols_histfreq_cat,loim_regime_parity,,,,0,0.0496827197749984,1,,44,,23
2010-07-30,rr_erc_pathB_loim_vols_histfreq_cat,loim_regime_parity,,,,0,0.014612891611271085,0,0.41148325358851673,44,0.5885167464114832,24
2010-08-31,rr_erc_pathB_loim_vols_histfreq_cat,loim_regime_parity,,,,0,0.016028613618583154,0,0.4095238095238095,44,0.5904761904761905,25
2010-09-30,rr_erc_pathB_loim_vols_histfreq_cat,loim_regime_parity,,,,0,0.015926375592311737,0,0.4075829383886256,44,0.5924170616113744,26
2010-10-29,rr_erc_pathB_loim_vols_histfreq_cat,loim_regime_parity,,,,0,0.009473251206555958,1,,12,,25
2010-11-30,rr_erc_pathB_loim_vols_histfreq_cat,loim_regime_parity,,,,0,0.010112027780113868,1,,12,,26
2010-12-31,rr_erc_pathB_loim_vols_histfreq_cat,loim_regime_parity,,,,0,0.01035500631033363,1,,12,,27
2011-01-31,rr_erc_pathB_loim_vols_histfreq_cat,loim_regime_parity,,,,0,0.010739096765507543,1,,12,,28
2011-02-28,rr_erc_pathB_loim_vols_histfreq_cat,loim_regime_parity,,,,0,0.016022350055032303,1,,13,,28
2011-03-31,rr_erc_pathB_loim_vols_histfreq_cat,loim_regime_parity,,,,0,0.015501976556445978,1,,14,,28
2011-04-29,rr_erc_pathB_loim_vols_histfreq_cat,loim_regime_parity,,,,0,0.015612244010862532,1,,15,,28
2011-05-31,rr_erc_pathB_loim_vols_histfreq_cat,loim_regime_parity,,,,0,0.01571367238745718,1,,16,,28
2011-06-30,rr_erc_pathB_loim_vols_histfreq_cat,loim_regime_parity,,,,0,0.005534083616456157,1,,15,,30
2011-07-29,rr_erc_pathB_loim_vols_histfreq_cat,loim_regime_parity,,,,0,0.005656487580249477,1,,16,,30
2011-08-31,rr_erc_pathB_loim_vols_histfreq_cat,loim_regime_parity,,,,0,0.010529088734972146,1,,17,,30
2011-09-30,rr_erc_pathB_loim_vols_histfreq_cat,loim_regime_parity,,,,0,0.006323840570895279,1,,17,,31
2011-10-31,rr_erc_pathB_loim_vols_histfreq_cat,loim_regime_parity,,,,0,0.004526670075850445,1,,17,,32
2011-11-30,rr_erc_pathB_loim_vols_histfreq_cat,loim_regime_parity,,,,0,0.00501156851564173,1,,17,,33
2011-12-30,rr_erc_pathB_loim_vols_histfreq_cat,loim_regime_parity,,,,0,0.005491353557236168,1,,17,,34
2012-01-31,rr_erc_pathB_loim_vols_histfreq_cat,loim_regime_parity,,,,0,0.00572626922140713,1,,17,,35
2012-02-29,rr_erc_pathB_loim_vols_histfreq_cat,loim_regime_parity,,,,0,0.0062261220503846285,1,,17,,36
2012-03-30,rr_erc_pathB_loim_vols_histfreq_cat,loim_regime_parity,,,,0,0.006813569914642354,1,,17,,37
2012-04-30,rr_erc_pathB_loim_vols_histfreq_cat,loim_regime_parity,,,,0,0.006647469112472851,1,,18,,37
2012-05-31,rr_erc_pathB_loim_vols_histfreq_cat,loim_regime_parity,,,,0,0.004470522737653129,1,,18,,38
2012-06-29,rr_erc_pathB_loim_vols_histfreq_cat,loim_regime_parity,,,,0,0.004916594536602696,1,,18,,39
2012-07-31,rr_erc_pathB_loim_vols_histfreq_cat,loim_regime_parity,,,,0,0.004418915583732727,1,,19,,39
2012-08-31,rr_erc_pathB_loim_vols_histfreq_cat,loim_regime_parity,,,,0,0.0048877461205971175,1,,20,,39
2012-09-28,rr_erc_pathB_loim_vols_histfreq_cat,loim_regime_parity,,,,0,0.004855732881030973,1,,21,,39
2012-10-31,rr_erc_pathB_loim_vols_histfreq_cat,loim_regime_parity,,,,0,0.004568317134738658,1,,22,,39
2012-11-30,rr_erc_pathB_loim_vols_histfreq_cat,loim_regime_parity,,,,0,0.0,1,,17,,19
2012-12-31,rr_erc_pathB_loim_vols_histfreq_cat,loim_regime_parity,,,,0,0.0,1,,20,,17
2013-01-31,rr_erc_pathB_loim_vols_histfreq_cat,loim_regime_parity,,,,0,0.0,1,,21,,17
2013-02-28,rr_erc_pathB_loim_vols_histfreq_cat,loim_regime_parity,,,,0,0.0,1,,22,,17
2013-03-28,rr_erc_pathB_loim_vols_histfreq_cat,loim_regime_parity,,,,0,0.0,1,,23,,17
2013-04-30,rr_erc_pathB_loim_vols_histfreq_cat,loim_regime_parity,,,,0,0.06910854499368486,1,,24,,17
2013-05-31,rr_erc_pathB_loim_vols_histfreq_cat,loim_regime_parity,,,,0,0.06971383998225691,1,,25,,17
2013-06-28,rr_erc_pathB_loim_vols_histfreq_cat,loim_regime_parity,,,,0,0.06807852372472796,1,,26,,17
2013-07-31,rr_erc_pathB_loim_vols_histfreq_cat,loim_regime_parity,,,,0,0.06411897508554254,1,,27,,17
2013-08-30,rr_erc_pathB_loim_vols_histfreq_cat,loim_regime_parity,,,,0,0.06259607983455426,1,,29,,16
2013-09-30,rr_erc_pathB_loim_vols_histfreq_cat,loim_regime_parity,,,,0,0.06350137655706285,1,,30,,16
2013-10-31,rr_erc_pathB_loim_vols_histfreq_cat,loim_regime_parity,,,,0,0.0638378816350735,1,,31,,16
2013-11-29,rr_erc_pathB_loim_vols_histfreq_cat,loim_regime_parity,,,,0,0.0640261508765112,1,,32,,16
2013-12-31,rr_erc_pathB_loim_vols_histfreq_cat,loim_regime_parity,,,,0,0.06310163678461382,1,,33,,16
2014-01-31,rr_erc_pathB_loim_vols_histfreq_cat,loim_regime_parity,,,,0,0.06042247782237894,1,,34,,16
2014-02-28,rr_erc_pathB_loim_vols_histfreq_cat,loim_regime_parity,,,,0,0.0597786813504808,1,,35,,16
2014-03-31,rr_erc_pathB_loim_vols_histfreq_cat,loim_regime_parity,,,,0,0.059500536225957065,1,,36,,16
2014-04-30,rr_erc_pathB_loim_vols_histfreq_cat,loim_regime_parity,,,,0,0.059030212994407236,1,,37,,16
2014-05-30,rr_erc_pathB_loim_vols_histfreq_cat,loim_regime_parity,,,,0,0.0594987860478228,1,,38,,16
2014-06-30,rr_erc_pathB_loim_vols_histfreq_cat,loim_regime_parity,,,,0,0.0592598304045463,1,,39,,16
2014-07-31,rr_erc_pathB_loim_vols_histfreq_cat,loim_regime_parity,,,,0,0.05824384550350478,1,,40,,16
2014-08-29,rr_erc_pathB_loim_vols_histfreq_cat,loim_regime_parity,,,,0,0.060541309323210155,1,,41,,16
2014-09-30,rr_erc_pathB_loim_vols_histfreq_cat,loim_regime_parity,,,,0,0.059824910580912445,1,,42,,16
2014-10-31,rr_erc_pathB_loim_vols_histfreq_cat,loim_regime_parity,,,,0,0.0544789513250496,1,,38,,13
2014-11-28,rr_erc_pathB_loim_vols_histfreq_cat,loim_regime_parity,,,,0,0.05471491936795214,1,,39,,13
2014-12-31,rr_erc_pathB_loim_vols_histfreq_cat,loim_regime_parity,,,,0,0.05882385067316241,1,,40,,13
2015-01-30,rr_erc_pathB_loim_vols_histfreq_cat,loim_regime_parity,,,,0,0.05843044120788576,1,,41,,13
2015-02-27,rr_erc_pathB_loim_vols_histfreq_cat,loim_regime_parity,,,,0,0.056565161769155076,1,,42,,13
2015-03-31,rr_erc_pathB_loim_vols_histfreq_cat,loim_regime_parity,,,,0,0.05638867055269017,1,,43,,13
2015-04-30,rr_erc_pathB_loim_vols_histfreq_cat,loim_regime_parity,,,,0,0.0625288775994151,1,,45,,12
2015-05-29,rr_erc_pathB_loim_vols_histfreq_cat,loim_regime_parity,,,,0,0.06266096082731287,1,,46,,12
2015-06-30,rr_erc_pathB_loim_vols_histfreq_cat,loim_regime_parity,,,,0,0.06311445106753277,1,,47,,12
2015-07-31,rr_erc_pathB_loim_vols_histfreq_cat,loim_regime_parity,,,,0,0.06247089019666123,1,,48,,12
2015-08-31,rr_erc_pathB_loim_vols_histfreq_cat,loim_regime_parity,,,,0,0.061210741626608854,1,,49,,12
2015-09-30,rr_erc_pathB_loim_vols_histfreq_cat,loim_regime_parity,,,,0,0.060093354453763986,1,,50,,12
2015-10-30,rr_erc_pathB_loim_vols_histfreq_cat,loim_regime_parity,,,,0,0.05714978357769207,1,,51,,12
2015-11-30,rr_erc_pathB_loim_vols_histfreq_cat,loim_regime_parity,,,,0,0.05704706827786672,1,,52,,12
2015-12-31,rr_erc_pathB_loim_vols_histfreq_cat,loim_regime_parity,,,,0,0.05668702685070369,1,,53,,12
2016-01-29,rr_erc_pathB_loim_vols_histfreq_cat,loim_regime_parity,,,,0,0.061360044584838666,1,,53,,13
2016-02-29,rr_erc_pathB_loim_vols_histfreq_cat,loim_regime_parity,,,,0,0.061413971808970146,1,,54,,13
2016-03-31,rr_erc_pathB_loim_vols_histfreq_cat,loim_regime_parity,,,,0,0.06773910945804244,1,,54,,14
2016-04-29,rr_erc_pathB_loim_vols_histfreq_cat,loim_regime_parity,,,,0,0.06815854302846376,1,,54,,15
2016-05-31,rr_erc_pathB_loim_vols_histfreq_cat,loim_regime_parity,,,,0,0.06802689551818579,1,,54,,16
2016-06-30,rr_erc_pathB_loim_vols_histfreq_cat,loim_regime_parity,,,,0,0.06833206041234771,1,,55,,16
2016-07-29,rr_erc_pathB_loim_vols_histfreq_cat,loim_regime_parity,,,,0,0.03242902675712188,1,,48,,9
2016-08-31,rr_erc_pathB_loim_vols_histfreq_cat,loim_regime_parity,,,,0,0.032159086488535965,1,,49,,9
2016-09-30,rr_erc_pathB_loim_vols_histfreq_cat,loim_regime_parity,,,,0,0.032089199864206885,1,,50,,9
2016-10-31,rr_erc_pathB_loim_vols_histfreq_cat,loim_regime_parity,,,,0,0.031267067811270255,1,,51,,9
2016-11-30,rr_erc_pathB_loim_vols_histfreq_cat,loim_regime_parity,,,,0,0.03005637963229999,1,,52,,9
2016-12-30,rr_erc_pathB_loim_vols_histfreq_cat,loim_regime_parity,,,,0,0.029777240407156454,1,,53,,9
2017-01-31,rr_erc_pathB_loim_vols_histfreq_cat,loim_regime_parity,,,,0,0.029651505891677903,1,,54,,9
2017-02-28,rr_erc_pathB_loim_vols_histfreq_cat,loim_regime_parity,,,,0,0.02925145381650727,1,,55,,9
2017-03-31,rr_erc_pathB_loim_vols_histfreq_cat,loim_regime_parity,,,,0,0.029202747462167694,1,,56,,9
2017-04-28,rr_erc_pathB_loim_vols_histfreq_cat,loim_regime_parity,,,,0,0.0291889147543083,1,,57,,9
2017-05-31,rr_erc_pathB_loim_vols_histfreq_cat,loim_regime_parity,,,,0,0.029197314515091145,1,,58,,9
2017-06-30,rr_erc_pathB_loim_vols_histfreq_cat,loim_regime_parity,,,,0,0.02919102166712218,1,,59,,9
2017-07-31,rr_erc_pathB_loim_vols_histfreq_cat,loim_regime_parity,,,,0,0.029015480493266924,1,,60,,9
2017-08-31,rr_erc_pathB_loim_vols_histfreq_cat,loim_regime_parity,,,,0,0.02907270967365747,1,,61,,9
2017-09-29,rr_erc_pathB_loim_vols_histfreq_cat,loim_regime_parity,,,,0,0.0288449267426726,1,,62,,9
2017-10-31,rr_erc_pathB_loim_vols_histfreq_cat,loim_regime_parity,,,,0,0.028782095656597548,1,,63,,9
2017-11-30,rr_erc_pathB_loim_vols_histfreq_cat,loim_regime_parity,,,,0,0.028806210164688234,1,,64,,9
2017-12-29,rr_erc_pathB_loim_vols_histfreq_cat,loim_regime_parity,,,,0,0.02881066458033807,1,,65,,9
2018-01-31,rr_erc_pathB_loim_vols_histfreq_cat,loim_regime_parity,,,,0,0.028550092031839266,1,,66,,9
2018-02-28,rr_erc_pathB_loim_vols_histfreq_cat,loim_regime_parity,,,,0,0.027572673882654983,1,,67,,9
2018-03-29,rr_erc_pathB_loim_vols_histfreq_cat,loim_regime_parity,,,,0,0.027641876837906604,1,,68,,9
2018-04-30,rr_erc_pathB_loim_vols_histfreq_cat,loim_regime_parity,,,,0,0.027417375615421458,1,,69,,9
2018-05-31,rr_erc_pathB_loim_vols_histfreq_cat,loim_regime_parity,,,,0,0.02734200175982137,1,,70,,9
2018-06-29,rr_erc_pathB_loim_vols_histfreq_cat,loim_regime_parity,,,,0,0.027313147023799247,1,,71,,9
2018-07-31,rr_erc_pathB_loim_vols_histfreq_cat,loim_regime_parity,,,,0,0.027074662388197602,1,,72,,9
2018-08-31,rr_erc_pathB_loim_vols_histfreq_cat,loim_regime_parity,,,,0,0.027000000475332405,1,,73,,9
2018-09-28,rr_erc_pathB_loim_vols_histfreq_cat,loim_regime_parity,,,,0,0.026773345319617035,1,,74,,9
2018-10-31,rr_erc_pathB_loim_vols_histfreq_cat,loim_regime_parity,,,,0,0.025663040917809996,1,,75,,9
2018-11-30,rr_erc_pathB_loim_vols_histfreq_cat,loim_regime_parity,,,,0,0.02574370885368721,1,,76,,9
2018-12-31,rr_erc_pathB_loim_vols_histfreq_cat,loim_regime_parity,,,,0,0.028956032230912046,1,,76,,10
2019-01-31,rr_erc_pathB_loim_vols_histfreq_cat,loim_regime_parity,,,,0,0.03340641109167565,1,,76,,11
2019-02-28,rr_erc_pathB_loim_vols_histfreq_cat,loim_regime_parity,,,,0,0.033873633352032355,1,,76,,12
2019-03-29,rr_erc_pathB_loim_vols_histfreq_cat,loim_regime_parity,,,,0,0.032099312930116315,1,,76,,13
2019-04-30,rr_erc_pathB_loim_vols_histfreq_cat,loim_regime_parity,,,,0,0.032779887640715044,1,,76,,14
2019-05-31,rr_erc_pathB_loim_vols_histfreq_cat,loim_regime_parity,,,,0,0.037305742524288116,1,,76,,15
2019-06-28,rr_erc_pathB_loim_vols_histfreq_cat,loim_regime_parity,,,,0,0.038187338971487295,1,,76,,16
2019-07-31,rr_erc_pathB_loim_vols_histfreq_cat,loim_regime_parity,,,,0,0.03811903912368235,1,,76,,17
2019-08-30,rr_erc_pathB_loim_vols_histfreq_cat,loim_regime_parity,,,,0,0.036572785423625784,1,,76,,18
2019-09-30,rr_erc_pathB_loim_vols_histfreq_cat,loim_regime_parity,,,,0,0.03685973736501048,1,,76,,19
2019-10-31,rr_erc_pathB_loim_vols_histfreq_cat,loim_regime_parity,,,,0,0.036957338021870845,1,,76,,20
2019-11-29,rr_erc_pathB_loim_vols_histfreq_cat,loim_regime_parity,,,,0,0.036980541398806785,1,,77,,20
2019-12-31,rr_erc_pathB_loim_vols_histfreq_cat,loim_regime_parity,,,,0,0.03621855947281962,1,,78,,20
2020-01-31,rr_erc_pathB_loim_vols_histfreq_cat,loim_regime_parity,,,,0,0.036160837568509824,1,,79,,20
2020-02-28,rr_erc_pathB_loim_vols_histfreq_cat,loim_regime_parity,,,,0,0.04298732271288418,1,,79,,21
2020-03-31,rr_erc_pathB_loim_vols_histfreq_cat,loim_regime_parity,,,,0,0.07341219000653745,1,,79,,22
2020-04-30,rr_erc_pathB_loim_vols_histfreq_cat,loim_regime_parity,,,,0,0.08147895139071709,1,,79,,23
2020-05-29,rr_erc_pathB_loim_vols_histfreq_cat,loim_regime_parity,,,,0,0.0362149104651668,0,0.5565749235474006,79,0.4434250764525994,24
2020-06-30,rr_erc_pathB_loim_vols_histfreq_cat,loim_regime_parity,,,,0,0.042367768887176825,0,0.5579268292682927,80,0.4420731707317073,24
2020-07-31,rr_erc_pathB_loim_vols_histfreq_cat,loim_regime_parity,,,,0,0.04326622056496632,0,0.5562310030395137,80,0.44376899696048633,25
2020-08-31,rr_erc_pathB_loim_vols_histfreq_cat,loim_regime_parity,,,,0,0.044641644363886616,0,0.5545454545454546,80,0.44545454545454544,26
2020-09-30,rr_erc_pathB_loim_vols_histfreq_cat,loim_regime_parity,,,,0,0.043282380289615306,0,0.552870090634441,80,0.4471299093655589,27
2020-10-30,rr_erc_pathB_loim_vols_histfreq_cat,loim_regime_parity,,,,0,0.042837758079349184,0,0.5542168674698795,81,0.4457831325301205,27
2020-11-30,rr_erc_pathB_loim_vols_histfreq_cat,loim_regime_parity,,,,0,0.041145724120227066,0,0.5525525525525525,81,0.44744744744744747,28
2020-12-31,rr_erc_pathB_loim_vols_histfreq_cat,loim_regime_parity,,,,0,0.04254779117583487,0,0.5508982035928144,81,0.4491017964071856,29
2021-01-29,rr_erc_pathB_loim_vols_histfreq_cat,loim_regime_parity,,,,0,0.042780956563829714,0,0.5492537313432836,81,0.4507462686567164,30
2021-02-26,rr_erc_pathB_loim_vols_histfreq_cat,loim_regime_parity,,,,0,0.04356464793252266,0,0.5476190476190477,81,0.4523809523809524,31
2021-03-31,rr_erc_pathB_loim_vols_histfreq_cat,loim_regime_parity,,,,0,0.04416900808014865,0,0.5459940652818991,81,0.4540059347181009,32
2021-04-30,rr_erc_pathB_loim_vols_histfreq_cat,loim_regime_parity,,,,0,0.04437513335185072,0,0.5443786982248521,81,0.4556213017751479,33
2021-05-28,rr_erc_pathB_loim_vols_histfreq_cat,loim_regime_parity,,,,0,0.044326731999626945,0,0.5457227138643068,82,0.45427728613569324,33
2021-06-30,rr_erc_pathB_loim_vols_histfreq_cat,loim_regime_parity,,,,0,0.04437951239264534,0,0.5470588235294118,83,0.45294117647058824,33
2021-07-30,rr_erc_pathB_loim_vols_histfreq_cat,loim_regime_parity,,,,0,0.044456029402159584,0,0.5483870967741935,84,0.45161290322580644,33
2021-08-31,rr_erc_pathB_loim_vols_histfreq_cat,loim_regime_parity,,,,0,0.044383603374062025,0,0.5497076023391813,85,0.4502923976608187,33
2021-09-30,rr_erc_pathB_loim_vols_histfreq_cat,loim_regime_parity,,,,0,0.043971711985109053,0,0.5510204081632653,86,0.4489795918367347,33
2021-10-29,rr_erc_pathB_loim_vols_histfreq_cat,loim_regime_parity,,,,0,0.044428097868065806,0,0.5523255813953488,87,0.4476744186046512,33
2021-11-30,rr_erc_pathB_loim_vols_histfreq_cat,loim_regime_parity,,,,0,0.0447510038746447,0,0.553623188405797,88,0.4463768115942029,33
2021-12-31,rr_erc_pathB_loim_vols_histfreq_cat,loim_regime_parity,,,,0,0.044603728500585575,0,0.5549132947976878,89,0.44508670520231214,33
2022-01-31,rr_erc_pathB_loim_vols_histfreq_cat,loim_regime_parity,,,,0,0.0409247645370793,0,0.553314121037464,89,0.44668587896253603,34
2022-02-28,rr_erc_pathB_loim_vols_histfreq_cat,loim_regime_parity,,,,0,0.040601120031390776,0,0.5517241379310345,89,0.4482758620689655,35
2022-03-31,rr_erc_pathB_loim_vols_histfreq_cat,loim_regime_parity,,,,0,0.039789918517814986,0,0.5501432664756447,89,0.4498567335243553,36
2022-04-29,rr_erc_pathB_loim_vols_histfreq_cat,loim_regime_parity,,,,0,0.03455810229524865,0,0.5485714285714286,89,0.4514285714285714,37
2022-05-31,rr_erc_pathB_loim_vols_histfreq_cat,loim_regime_parity,,,,0,0.03461269925891998,0,0.5470085470085471,89,0.452991452991453,38
2022-06-30,rr_erc_pathB_loim_vols_histfreq_cat,loim_regime_parity,,,,0,0.015841272173108947,0,0.4914772727272727,32,0.5085227272727273,53
2022-07-29,rr_erc_pathB_loim_vols_histfreq_cat,loim_regime_parity,,,,0,0.015851338662478925,0,0.49008498583569404,32,0.509915014164306,54
2022-08-31,rr_erc_pathB_loim_vols_histfreq_cat,loim_regime_parity,,,,0,0.016109260636338937,0,0.4887005649717514,32,0.5112994350282486,55
2022-09-30,rr_erc_pathB_loim_vols_histfreq_cat,loim_regime_parity,,,,0,0.01659208841347627,0,0.48732394366197185,32,0.5126760563380282,56
2022-10-31,rr_erc_pathB_loim_vols_histfreq_cat,loim_regime_parity,,,,0,0.016265445117252218,0,0.4859550561797753,32,0.5140449438202247,57
2022-11-30,rr_erc_pathB_loim_vols_histfreq_cat,loim_regime_parity,,,,0,0.01589365677616688,0,0.484593837535014,32,0.5154061624649859,58
2022-12-30,rr_erc_pathB_loim_vols_histfreq_cat,loim_regime_parity,,,,0,0.015782328517232474,0,0.48324022346368717,32,0.5167597765363129,59
2023-01-31,rr_erc_pathB_loim_vols_histfreq_cat,loim_regime_parity,,,,0,0.015549693635174566,0,0.4818941504178273,32,0.5181058495821727,60
2023-02-28,rr_erc_pathB_loim_vols_histfreq_cat,loim_regime_parity,,,,0,0.015601953204067213,0,0.48055555555555557,32,0.5194444444444445,61
2023-03-31,rr_erc_pathB_loim_vols_histfreq_cat,loim_regime_parity,,,,0,0.015589625703010325,0,0.4792243767313019,32,0.5207756232686981,62
2023-04-28,rr_erc_pathB_loim_vols_histfreq_cat,loim_regime_parity,,,,0,0.015524183501510134,0,0.47790055248618785,32,0.5220994475138122,63
2023-05-31,rr_erc_pathB_loim_vols_histfreq_cat,loim_regime_parity,,,,0,0.015506436967730068,0,0.4765840220385675,32,0.5234159779614325,64
2023-06-30,rr_erc_pathB_loim_vols_histfreq_cat,loim_regime_parity,,,,0,0.014969258013122067,0,0.47527472527472525,32,0.5247252747252747,65
2023-07-31,rr_erc_pathB_loim_vols_histfreq_cat,loim_regime_parity,,,,0,0.014828960476164612,0,0.473972602739726,32,0.5260273972602739,66
2023-08-31,rr_erc_pathB_loim_vols_histfreq_cat,loim_regime_parity,,,,0,0.014873221506972985,0,0.47540983606557374,33,0.5245901639344263,66
2023-09-29,rr_erc_pathB_loim_vols_histfreq_cat,loim_regime_parity,,,,0,0.014846614904932295,0,0.47411444141689374,33,0.5258855585831063,67
2023-10-31,rr_erc_pathB_loim_vols_histfreq_cat,loim_regime_parity,,,,0,0.014733040725249785,0,0.47282608695652173,33,0.5271739130434783,68
2023-11-30,rr_erc_pathB_loim_vols_histfreq_cat,loim_regime_parity,,,,0,0.014913666536096836,0,0.4715447154471545,33,0.5284552845528455,69
2023-12-29,rr_erc_pathB_loim_vols_histfreq_cat,loim_regime_parity,,,,0,0.01519536708011426,0,0.4702702702702703,33,0.5297297297297298,70
2024-01-31,rr_erc_pathB_loim_vols_histfreq_cat,loim_regime_parity,,,,0,0.015128107879271902,0,0.46900269541778977,33,0.5309973045822103,71
2024-02-29,rr_erc_pathB_loim_vols_histfreq_cat,loim_regime_parity,,,,0,0.014768424545197521,0,0.46774193548387094,33,0.532258064516129,72
2024-03-28,rr_erc_pathB_loim_vols_histfreq_cat,loim_regime_parity,,,,0,0.014697226591532374,0,0.46648793565683644,33,0.5335120643431636,73
2024-04-30,rr_erc_pathB_loim_vols_histfreq_cat,loim_regime_parity,,,,0,0.014714804138054136,0,0.46524064171123,33,0.5347593582887701,74
2024-05-31,rr_erc_pathB_loim_vols_histfreq_cat,loim_regime_parity,,,,0,0.01455667466822737,0,0.464,33,0.536,75
2024-06-28,rr_erc_pathB_loim_vols_histfreq_cat,loim_regime_parity,,,,0,0.014482288864968728,0,0.4627659574468085,33,0.5372340425531915,76
2024-07-31,rr_erc_pathB_loim_vols_histfreq_cat,loim_regime_parity,,,,0,0.014638276541393812,0,0.46153846153846156,33,0.5384615384615384,77
2024-08-30,rr_erc_pathB_loim_vols_histfreq_cat,loim_regime_parity,,,,0,0.014580303557373633,0,0.4603174603174603,33,0.5396825396825397,78
2024-09-30,rr_erc_pathB_loim_vols_histfreq_cat,loim_regime_parity,,,,0,0.014539074575589303,0,0.45910290237467016,33,0.5408970976253298,79
2024-10-31,rr_erc_pathB_loim_vols_histfreq_cat,loim_regime_parity,,,,0,0.012780367231444158,0,0.4605263157894737,34,0.5394736842105263,79
2024-11-29,rr_erc_pathB_loim_vols_histfreq_cat,loim_regime_parity,,,,0,0.012711253307278661,0,0.46194225721784776,35,0.5380577427821522,79
2024-12-31,rr_erc_pathB_loim_vols_histfreq_cat,loim_regime_parity,,,,0,0.012563709664881056,0,0.4607329842931937,35,0.5392670157068062,80
2025-01-31,rr_erc_pathB_loim_vols_histfreq_cat,loim_regime_parity,,,,0,0.012492574619235764,0,0.4595300261096606,35,0.5404699738903395,81
2025-02-28,rr_erc_pathB_loim_vols_histfreq_cat,loim_regime_parity,,,,0,0.012185145490739053,0,0.4583333333333333,35,0.5416666666666666,82
2025-03-31,rr_erc_pathB_loim_vols_histfreq_cat,loim_regime_parity,,,,0,0.012003467456600516,0,0.45714285714285713,35,0.5428571428571428,83
2025-04-30,rr_erc_pathB_loim_vols_histfreq_cat,loim_regime_parity,,,,0,0.011946148491459392,0,0.45595854922279794,35,0.5440414507772021,84
2025-05-30,rr_erc_pathB_loim_vols_histfreq_cat,loim_regime_parity,,,,0,0.011752840739605383,0,0.45478036175710596,35,0.5452196382428941,85
2025-06-30,rr_erc_pathB_loim_vols_histfreq_cat,loim_regime_parity,,,,0,0.011398151137793262,0,0.45618556701030927,36,0.5438144329896907,85
2025-07-31,rr_erc_pathB_loim_vols_histfreq_cat,loim_regime_parity,,,,0,0.011791924420982558,0,0.45758354755784064,37,0.5424164524421594,85
2025-08-29,rr_erc_pathB_loim_vols_histfreq_cat,loim_regime_parity,,,,0,0.011035513178162827,0,0.45897435897435895,38,0.541025641025641,85
2025-09-30,rr_erc_pathB_loim_vols_histfreq_cat,loim_regime_parity,,,,0,0.011205970318075383,0,0.46035805626598464,39,0.5396419437340153,85
2025-10-31,rr_erc_pathB_loim_vols_histfreq_cat,loim_regime_parity,,,,0,0.011205875758209223,0,0.461734693877551,40,0.5382653061224489,85
2025-11-28,rr_erc_pathB_loim_vols_histfreq_cat,loim_regime_parity,,,,0,0.011233803982946591,0,0.4631043256997455,41,0.5368956743002544,85
2025-12-31,rr_erc_pathB_loim_vols_histfreq_cat,loim_regime_parity,,,,0,0.01114799175441517,0,0.46446700507614214,42,0.5355329949238579,85
2026-01-30,rr_erc_pathB_loim_vols_histfreq_cat,loim_regime_parity,,,,0,0.011378464504982365,0,0.46582278481012657,43,0.5341772151898734,85
2026-02-27,rr_erc_pathB_loim_vols_histfreq_cat,loim_regime_parity,,,,0,0.011441197481900197,0,0.4671717171717172,44,0.5328282828282829,85
2026-03-31,rr_erc_pathB_loim_vols_histfreq_cat,loim_regime_parity,,,,0,0.011278796648820179,0,0.46851385390428213,45,0.5314861460957179,85
2026-04-30,rr_erc_pathB_loim_vols_histfreq_cat,loim_regime_parity,,,,0,0.012055322150522558,0,0.46984924623115576,46,0.5301507537688442,85
2026-05-29,rr_erc_pathB_loim_vols_histfreq_cat,loim_regime_parity,,,,0,0.012151625740443154,0,0.47117794486215536,47,0.5288220551378446,85
2026-06-30,rr_erc_pathB_loim_vols_histfreq_cat,loim_regime_parity,,,,0,0.01225608098602653,0,0.4725,48,0.5275,85
2026-07-31,rr_erc_pathB_loim_vols_histfreq_cat,loim_regime_parity,,,,0,0.012242011768585082,0,0.47381546134663344,49,0.5261845386533666,85
2026-08-31,rr_erc_pathB_loim_vols_histfreq_cat,loim_regime_parity,,,,0,0.012935351431421188,0,0.47512437810945274,50,0.5248756218905473,85
