date,asof,strategy_id,ticker,weight,role,thesis_tag,research_disclaimer,rotate_on,mode,optimizer,S_i
2026-09-30,2026-09-30,static_option_a,IJR,0.1,core,static_option_a,Research-only; not investment advice; no trading or broker routing.,,,,
2026-09-30,2026-09-30,static_option_a,QQQM,0.2,core,static_option_a,Research-only; not investment advice; no trading or broker routing.,,,,
2026-09-30,2026-09-30,static_option_a,VOO,0.7,core,static_option_a,Research-only; not investment advice; no trading or broker routing.,,,,
2026-08-31,2026-08-31,vol_target_option_a,VOO,0.7,core,vol_target_option_a,Research-only; not investment advice; no trading or broker routing.,,,,
2026-08-31,2026-08-31,vol_target_option_a,QQQM,0.2,core,vol_target_option_a,Research-only; not investment advice; no trading or broker routing.,,,,
2026-08-31,2026-08-31,vol_target_option_a,IJR,0.1,core,vol_target_option_a,Research-only; not investment advice; no trading or broker routing.,,,,
2026-08-31,2026-08-31,vol_target_option_a,BIL,0.0,cash,vol_target_cash,Research-only; not investment advice; no trading or broker routing.,,,,
2026-09-30,2026-09-30,score_rotate_xsd,VOO,0.7,core,core_option_a,Research-only; not investment advice; no trading or broker routing.,False,growth_rotate,,
2026-09-30,2026-09-30,score_rotate_xsd,QQQM,0.2,core,core_option_a,Research-only; not investment advice; no trading or broker routing.,False,growth_rotate,,
2026-09-30,2026-09-30,score_rotate_xsd,IJR,0.1,core,core_option_a,Research-only; not investment advice; no trading or broker routing.,False,growth_rotate,,
2026-09-30,2026-09-30,score_rotate_xsd,XSD,0.0,thematic,thematic_off,Research-only; not investment advice; no trading or broker routing.,False,growth_rotate,,
2026-09-30,2026-09-30,m3_p2_core_rotate,VOO,0.41999999999999993,core,p2_optimized,Research-only; not investment advice; no trading or broker routing.,False,growth_optimize,P2,0.0337245379738308
2026-09-30,2026-09-30,m3_p2_core_rotate,IJK,0.2939665660251449,satellite,p2_optimized,Research-only; not investment advice; no trading or broker routing.,False,growth_optimize,P2,0.607041683528935
2026-09-30,2026-09-30,m3_p2_core_rotate,QQQM,0.12,core,p2_optimized,Research-only; not investment advice; no trading or broker routing.,False,growth_optimize,P2,0.6070416835289376
2026-09-30,2026-09-30,m3_p2_core_rotate,GTEK,0.0899928248377994,thematic,scoresimple_gated_thematic_on,Research-only; not investment advice; no trading or broker routing.,True,growth_optimize,P2,3.902684658571224
2026-09-30,2026-09-30,m3_p2_core_rotate,IJR,0.06,core,p2_optimized,Research-only; not investment advice; no trading or broker routing.,False,growth_optimize,P2,0.26979630379063785
2026-09-30,2026-09-30,m3_p2_core_rotate,GSEW,0.0016243654822335556,satellite,p2_optimized,Research-only; not investment advice; no trading or broker routing.,False,growth_optimize,P2,0.3506362510500703
2026-09-30,2026-09-30,m3_p2_core_rotate,EEM,0.0016243654822334956,satellite,p2_optimized,Research-only; not investment advice; no trading or broker routing.,False,growth_optimize,P2,0.0
2026-09-30,2026-09-30,m3_p2_core_rotate,IJT,0.0016243654822334956,satellite,p2_optimized,Research-only; not investment advice; no trading or broker routing.,False,growth_optimize,P2,0.3372453797382976
2026-09-30,2026-09-30,m3_p2_core_rotate,QUAL,0.0016243654822334956,satellite,p2_optimized,Research-only; not investment advice; no trading or broker routing.,False,growth_optimize,P2,0.134898151895319
2026-09-30,2026-09-30,m3_p2_core_rotate,VEA,0.0016243654822334956,satellite,p2_optimized,Research-only; not investment advice; no trading or broker routing.,False,growth_optimize,P2,0.0
2026-09-30,2026-09-30,m3_p2_core_rotate,VIOG,0.0016243654822334956,satellite,p2_optimized,Research-only; not investment advice; no trading or broker routing.,False,growth_optimize,P2,0.26979630379063807
2026-09-30,2026-09-30,m3_p2_core_rotate,VLUE,0.0016243654822334956,satellite,p2_optimized,Research-only; not investment advice; no trading or broker routing.,False,growth_optimize,P2,0.0
2026-09-30,2026-09-30,m3_p2_core_rotate,VXF,0.0016243654822334956,satellite,p2_optimized,Research-only; not investment advice; no trading or broker routing.,False,growth_optimize,P2,0.0
2026-09-30,2026-09-30,m3_p2_core_rotate,BBC,0.0006091370558375653,thematic,scoresimple_gated_thematic_on,Research-only; not investment advice; no trading or broker routing.,True,growth_optimize,P2,0.514382945784368
2026-09-30,2026-09-30,m3_p2_core_rotate,GINN,0.0006091370558375608,thematic,scoresimple_gated_thematic_on,Research-only; not investment advice; no trading or broker routing.,True,growth_optimize,P2,-0.14735597287378865
2026-09-30,2026-09-30,m3_p2_core_rotate,GVIP,0.0006091370558375608,thematic,scoresimple_gated_thematic_on,Research-only; not investment advice; no trading or broker routing.,True,growth_optimize,P2,-0.25733848281216853
2026-09-30,2026-09-30,m3_p2_core_rotate,LOUP,0.0006091370558375608,thematic,scoresimple_gated_thematic_on,Research-only; not investment advice; no trading or broker routing.,True,growth_optimize,P2,-2.0154431149537153
2026-09-30,2026-09-30,m3_p2_core_rotate,XBI,0.0006091370558375608,thematic,scoresimple_gated_thematic_on,Research-only; not investment advice; no trading or broker routing.,True,growth_optimize,P2,0.5895187085692356
2026-09-30,2026-09-30,m3_p2_core_rotate,XSD,0.0,thematic,scoresimple_gated_thematic_off,Research-only; not investment advice; no trading or broker routing.,False,growth_optimize,P2,-0.9372311052885136
