date,decision_date,trial_id,r_vt_gross,cost_return,r_vt,r_option_a,r_active,turnover,f
2021-02-26,2021-01-29,VT_option_a_L63_sigexpanding_fmax1p0,0.027611732047081672,0.0,0.027611732047081672,0.027611732047081672,0.0,0.0,1.0
2021-03-31,2021-02-26,VT_option_a_L63_sigexpanding_fmax1p0,0.03812414958029913,0.0,0.03812414958029913,0.03812414958029913,0.0,0.0,1.0
2021-04-30,2021-03-31,VT_option_a_L63_sigexpanding_fmax1p0,0.049892298127024975,5.802242639905246e-06,0.04988649588438507,0.050478070149022544,-0.0005915742646374761,0.011604485279810492,0.9883955147201895
2021-05-28,2021-04-30,VT_option_a_L63_sigexpanding_fmax1p0,0.004456674635544555,5.802242639905246e-06,0.00445087239290465,0.004456674635544555,-5.802242639905628e-06,0.011604485279810492,1.0
2021-06-30,2021-05-28,VT_option_a_L63_sigexpanding_fmax1p0,0.028814765955021217,0.0,0.028814765955021217,0.028814765955021217,0.0,0.0,1.0
2021-07-30,2021-06-30,VT_option_a_L63_sigexpanding_fmax1p0,0.020363120907655515,0.0,0.020363120907655515,0.020363120907655515,0.0,0.0,1.0
2021-08-31,2021-07-30,VT_option_a_L63_sigexpanding_fmax1p0,0.030971460327742274,0.0,0.030971460327742274,0.030971460327742274,0.0,0.0,1.0
2021-09-30,2021-08-31,VT_option_a_L63_sigexpanding_fmax1p0,-0.046385335726389115,0.0,-0.046385335726389115,-0.046385335726389115,0.0,0.0,1.0
2021-10-29,2021-09-30,VT_option_a_L63_sigexpanding_fmax1p0,0.06863896747251708,0.0,0.06863896747251708,0.06863896747251708,0.0,0.0,1.0
2021-11-30,2021-10-29,VT_option_a_L63_sigexpanding_fmax1p0,-0.003616834602133967,0.0,-0.003616834602133967,-0.003616834602133967,0.0,0.0,1.0
2021-12-31,2021-11-30,VT_option_a_L63_sigexpanding_fmax1p0,0.03864778567716913,0.0,0.03864778567716913,0.03864778567716913,0.0,0.0,1.0
2022-01-31,2021-12-31,VT_option_a_L63_sigexpanding_fmax1p0,-0.059821575445027114,1.2162230068492492e-05,-0.05983373767509561,-0.0613129805974495,0.0014792429223538933,0.024324460136984985,0.975675539863015
2022-02-28,2022-01-31,VT_option_a_L63_sigexpanding_fmax1p0,-0.023373053746097258,7.44302348189752e-05,-0.023447483980916232,-0.028222946678299776,0.004775462697383544,0.14886046963795038,0.8268150702250646
2022-03-31,2022-02-28,VT_option_a_L63_sigexpanding_fmax1p0,0.026259949534246724,4.813735614903415e-05,0.02621181217809769,0.035776417208131274,-0.009564605030033584,0.0962747122980683,0.7305403579269963
2022-04-29,2022-03-31,VT_option_a_L63_sigexpanding_fmax1p0,-0.06722710630324687,1.611497503133374e-05,-0.0672432212782782,-0.09622387963195574,0.028980658353677538,0.032229950062667476,0.6983104078643289
2022-05-31,2022-04-29,VT_option_a_L63_sigexpanding_fmax1p0,0.0004936007473708169,2.0830786742836676e-05,0.0004727699606279802,0.0005800939975287407,-0.00010732403690076045,0.04166157348567335,0.6566488343786555
2022-06-30,2022-05-31,VT_option_a_L63_sigexpanding_fmax1p0,-0.05358054770427691,9.633402093288945e-06,-0.0535901811063702,-0.08450544797665417,0.030915266870283974,0.01926680418657789,0.6373820301920776
2022-07-29,2022-06-30,VT_option_a_L63_sigexpanding_fmax1p0,0.062829170214357,4.137386456485089e-06,0.06282503282790051,0.09965779047727749,-0.036832757649376976,0.008274772912970178,0.6291072572791074
2022-08-31,2022-07-29,VT_option_a_L63_sigexpanding_fmax1p0,-0.02685706148911191,3.3678205607047333e-06,-0.026860429309672612,-0.043347912163053726,0.016487482853381114,0.006735641121409466,0.6358428984005169
2022-09-30,2022-08-31,VT_option_a_L63_sigexpanding_fmax1p0,-0.07190371040402911,6.15483925597201e-05,-0.07196525879658883,-0.0953991397436184,0.02343388094702957,0.1230967851194402,0.7589396835199571
2022-10-31,2022-09-30,VT_option_a_L63_sigexpanding_fmax1p0,0.06597352703880235,4.667118104554713e-05,0.0659268558577568,0.07713329106806736,-0.011206435210310561,0.09334236209109427,0.8522820456110514
2022-11-30,2022-10-31,VT_option_a_L63_sigexpanding_fmax1p0,0.042522315188370706,3.681669265699144e-05,0.04248549849571372,0.05371437666554614,-0.011228878169832424,0.07363338531398288,0.7786486602970685
2022-12-30,2022-11-30,VT_option_a_L63_sigexpanding_fmax1p0,-0.045514957129242445,3.097695943598006e-05,-0.04554593408867842,-0.0649399250497098,0.01939399096103138,0.06195391887196012,0.7166947414251084
2023-01-31,2022-12-30,VT_option_a_L63_sigexpanding_fmax1p0,0.058216835891320644,2.596012384262806e-05,0.058190875767478015,0.07488684334585213,-0.01669596757837412,0.05192024768525612,0.7686149891103645
2023-02-28,2023-01-31,VT_option_a_L63_sigexpanding_fmax1p0,-0.01665942167881854,5.566039531647993e-05,-0.01671508207413502,-0.019404335902135483,0.0026892538280004624,0.11132079063295985,0.8799357797433244
2023-03-31,2023-02-28,VT_option_a_L63_sigexpanding_fmax1p0,0.03976725085646346,6.003211012833782e-05,0.03970721874633512,0.03976725085646346,-6.0032110128338534e-05,0.12006422025667564,1.0
2023-04-28,2023-03-31,VT_option_a_L63_sigexpanding_fmax1p0,0.009353761606251308,0.0,0.009353761606251308,0.009353761606251308,0.0,0.0,1.0
2023-05-31,2023-04-28,VT_option_a_L63_sigexpanding_fmax1p0,0.01739296782035915,0.0,0.01739296782035915,0.01739296782035915,0.0,0.0,1.0
2023-06-30,2023-05-31,VT_option_a_L63_sigexpanding_fmax1p0,0.06649977564856473,0.0,0.06649977564856473,0.06649977564856473,0.0,0.0,1.0
2023-07-31,2023-06-30,VT_option_a_L63_sigexpanding_fmax1p0,0.03639011695856238,0.0,0.03639011695856238,0.03639011695856238,0.0,0.0,1.0
2023-08-31,2023-07-31,VT_option_a_L63_sigexpanding_fmax1p0,-0.018729246956048128,0.0,-0.018729246956048128,-0.018729246956048128,0.0,0.0,1.0
2023-09-29,2023-08-31,VT_option_a_L63_sigexpanding_fmax1p0,-0.049166409568289916,0.0,-0.049166409568289916,-0.049166409568289916,0.0,0.0,1.0
2023-10-31,2023-09-29,VT_option_a_L63_sigexpanding_fmax1p0,-0.02515080320447248,0.0,-0.02515080320447248,-0.02515080320447248,0.0,0.0,1.0
2023-11-30,2023-10-31,VT_option_a_L63_sigexpanding_fmax1p0,0.09410649585508923,0.0,0.09410649585508923,0.09410649585508923,0.0,0.0,1.0
2023-12-29,2023-11-30,VT_option_a_L63_sigexpanding_fmax1p0,0.0560483041855849,0.0,0.0560483041855849,0.0560483041855849,0.0,0.0,1.0
2024-01-31,2023-12-29,VT_option_a_L63_sigexpanding_fmax1p0,0.010967034945244744,0.0,0.010967034945244744,0.010967034945244744,0.0,0.0,1.0
2024-02-29,2024-01-31,VT_option_a_L63_sigexpanding_fmax1p0,0.05025259678955492,0.0,0.05025259678955492,0.05025259678955492,0.0,0.0,1.0
2024-03-28,2024-02-29,VT_option_a_L63_sigexpanding_fmax1p0,0.028829906886884207,0.0,0.028829906886884207,0.028829906886884207,0.0,0.0,1.0
2024-04-30,2024-03-28,VT_option_a_L63_sigexpanding_fmax1p0,-0.04237666198994755,0.0,-0.04237666198994755,-0.04237666198994755,0.0,0.0,1.0
2024-05-31,2024-04-30,VT_option_a_L63_sigexpanding_fmax1p0,0.053030701309268305,0.0,0.053030701309268305,0.053030701309268305,0.0,0.0,1.0
2024-06-28,2024-05-31,VT_option_a_L63_sigexpanding_fmax1p0,0.03503583738929902,0.0,0.03503583738929902,0.03503583738929902,0.0,0.0,1.0
2024-07-31,2024-06-28,VT_option_a_L63_sigexpanding_fmax1p0,0.01566935716482927,0.0,0.01566935716482927,0.01566935716482927,0.0,0.0,1.0
2024-08-30,2024-07-31,VT_option_a_L63_sigexpanding_fmax1p0,0.017595112654305856,0.0,0.017595112654305856,0.017595112654305856,0.0,0.0,1.0
2024-09-30,2024-08-30,VT_option_a_L63_sigexpanding_fmax1p0,0.0212480370246648,0.0,0.0212480370246648,0.0212480370246648,0.0,0.0,1.0
2024-10-31,2024-09-30,VT_option_a_L63_sigexpanding_fmax1p0,-0.010944704002496208,0.0,-0.010944704002496208,-0.010944704002496208,0.0,0.0,1.0
2024-11-29,2024-10-31,VT_option_a_L63_sigexpanding_fmax1p0,0.06300882508007052,0.0,0.06300882508007052,0.06300882508007052,0.0,0.0,1.0
2024-12-31,2024-11-29,VT_option_a_L63_sigexpanding_fmax1p0,-0.023514198759744885,0.0,-0.023514198759744885,-0.023514198759744885,0.0,0.0,1.0
2025-01-31,2024-12-31,VT_option_a_L63_sigexpanding_fmax1p0,0.025973090009227387,0.0,0.025973090009227387,0.025973090009227387,0.0,0.0,1.0
2025-02-28,2025-01-31,VT_option_a_L63_sigexpanding_fmax1p0,-0.019800635617923158,0.0,-0.019800635617923158,-0.019800635617923158,0.0,0.0,1.0
2025-03-31,2025-02-28,VT_option_a_L63_sigexpanding_fmax1p0,-0.06065372203039303,0.0,-0.06065372203039303,-0.06065372203039303,0.0,0.0,1.0
2025-04-30,2025-03-31,VT_option_a_L63_sigexpanding_fmax1p0,-0.006993605981343187,0.0,-0.006993605981343187,-0.006993605981343187,0.0,0.0,1.0
2025-05-30,2025-04-30,VT_option_a_L63_sigexpanding_fmax1p0,0.04043963976292958,0.0002117742626992787,0.0402278655002303,0.06748401572036392,-0.027256150220133613,0.42354852539855736,0.5764514746014426
2025-06-30,2025-05-30,VT_option_a_L63_sigexpanding_fmax1p0,0.031311461222588696,7.251723983810188e-06,0.031304209498604886,0.05311050191850699,-0.021806292419902104,0.014503447967620375,0.5619480266338223
2025-07-31,2025-06-30,VT_option_a_L63_sigexpanding_fmax1p0,0.014373481660988643,1.6505313883178606e-05,0.014356976347105465,0.021731157091000083,-0.007374180743894619,0.033010627766357215,0.5949586544001795
2025-08-29,2025-07-31,VT_option_a_L63_sigexpanding_fmax1p0,0.023492417640570817,0.00020252067279991027,0.023289896967770906,0.023492417640570817,-0.0002025206727999107,0.4050413455998205,1.0
2025-09-30,2025-08-29,VT_option_a_L63_sigexpanding_fmax1p0,0.036637047859041955,0.0,0.036637047859041955,0.036637047859041955,0.0,0.0,1.0
2025-10-31,2025-09-30,VT_option_a_L63_sigexpanding_fmax1p0,0.025473166388791057,0.0,0.025473166388791057,0.025473166388791057,0.0,0.0,1.0
2025-11-28,2025-10-31,VT_option_a_L63_sigexpanding_fmax1p0,0.0009999535697725603,0.0,0.0009999535697725603,0.0009999535697725603,0.0,0.0,1.0
2025-12-31,2025-11-28,VT_option_a_L63_sigexpanding_fmax1p0,-0.000858926801705129,0.0,-0.000858926801705129,-0.000858926801705129,0.0,0.0,1.0
2026-01-30,2025-12-31,VT_option_a_L63_sigexpanding_fmax1p0,0.018321109435609093,0.0,0.018321109435609093,0.018321109435609093,0.0,0.0,1.0
2026-02-27,2026-01-30,VT_option_a_L63_sigexpanding_fmax1p0,-0.008276224872126614,0.0,-0.008276224872126614,-0.008276224872126614,0.0,0.0,1.0
2026-03-31,2026-02-27,VT_option_a_L63_sigexpanding_fmax1p0,-0.04875076864478462,0.0,-0.04875076864478462,-0.04875076864478462,0.0,0.0,1.0
2026-04-30,2026-03-31,VT_option_a_L63_sigexpanding_fmax1p0,0.11550314358796829,0.0,0.11550314358796829,0.11550314358796829,0.0,0.0,1.0
2026-05-29,2026-04-30,VT_option_a_L63_sigexpanding_fmax1p0,0.05927327669775486,0.0,0.05927327669775486,0.05927327669775486,0.0,0.0,1.0
2026-06-30,2026-05-29,VT_option_a_L63_sigexpanding_fmax1p0,0.00013886263429633422,0.0,0.00013886263429633422,0.00013886263429633422,0.0,0.0,1.0
2026-07-31,2026-06-30,VT_option_a_L63_sigexpanding_fmax1p0,-0.01507607042077549,0.0,-0.01507607042077549,-0.01507607042077549,0.0,0.0,1.0
2026-08-31,2026-07-31,VT_option_a_L63_sigexpanding_fmax1p0,0.026342601813735263,0.0,0.026342601813735263,0.026342601813735263,0.0,0.0,1.0
2026-09-16,2026-08-31,VT_option_a_L63_sigexpanding_fmax1p0,-0.014622921224928498,0.0,-0.014622921224928498,-0.014622921224928498,0.0,0.0,1.0
