Ticker,Starred,Region,ISIN,Prime_ID,Name_Raw,Name_Clean,Listed_Date,Source_Section,Category,cash_like,short_duration,near_cash,equity_only
AAAU,,USA,US38150K1034,376691928,ETF AAAU,ETF AAAU,,experimental_research_universe,Commodities / Metals,False,False,False,False
GBIL,,USA,US3814305294,373959056,ETF GBIL,ETF GBIL,,experimental_research_universe,US Treasuries / Govt / Cash-like,True,False,False,False
GBND,,USA,US38149W4731,600404956,ETF GBND,ETF GBND,,experimental_research_universe,Core / Aggregate Bonds,False,False,False,False
GCAL,,USA,US38149W5647,375330710,ETF GCAL,ETF GCAL,,experimental_research_universe,Municipal Bonds,False,False,False,False
GCOR,,USA,US38149W1018,375694085,ETF GCOR,ETF GCOR,,experimental_research_universe,Core / Aggregate Bonds,False,False,False,False
GEMD,,USA,US3814303885,374790707,ETF GEMD,ETF GEMD,,experimental_research_universe,EM Debt,False,False,False,False
GHYB,,USA,US3814304537,374237080,ETF GHYB,ETF GHYB,,experimental_research_universe,High Yield Credit,False,False,False,False
GIGB,,USA,US3814304792,374228281,ETF GIGB,ETF GIGB,,experimental_research_universe,Commodities / Metals,False,False,False,False
GIGL,,USA,US38149W4657,600404950,ETF GIGL,ETF GIGL,,experimental_research_universe,Commodities / Metals,False,False,False,False
GIND,,USA,US38149W4814,600217165,ETF GIND,ETF GIND,,experimental_research_universe,Commodities / Metals,False,False,False,False
GINN,,USA,US38149W8203,376596774,ETF GINN,ETF GINN,,experimental_research_universe,Commodities / Metals,False,False,False,False
GMNY,,USA,US38149W5563,375330711,ETF GMNY,ETF GMNY,,experimental_research_universe,Commodities / Metals,False,False,False,False
GMUB,,USA,US38149W5498,373968315,ETF GMUB,ETF GMUB,,experimental_research_universe,Commodities / Metals,False,False,False,False
GMUN,,USA,US38149W6637,378431784,ETF GMUN,ETF GMUN,,experimental_research_universe,Commodities / Metals,False,False,False,False
GPIQ,,USA,US38149W6306,379244063,ETF GPIQ,ETF GPIQ,,experimental_research_universe,Commodities / Metals,False,False,False,False
GPIX,,USA,US38149W6223,379244253,ETF GPIX,ETF GPIX,,experimental_research_universe,Defined Outcome / Buffer / Structured,False,False,False,False
GPRF,,USA,US38149W1273,379642028,ETF GPRF,ETF GPRF,,experimental_research_universe,Preferred / Hybrid Income,False,False,False,False
GSC,,USA,US38149W6140,379260042,ETF GSC,ETF GSC,,experimental_research_universe,Commodities / Metals,False,False,False,False
GSEU,,USA,US3814303059,372884585,ETF GSEU,ETF GSEU,,experimental_research_universe,Commodities / Metals,False,False,False,False
GSEW,,USA,US3814304388,374234181,ETF GSEW,ETF GSEW,,experimental_research_universe,Commodities / Metals,False,False,False,False
GSID,,USA,US3814301806,371930424,ETF GSID,ETF GSID,,experimental_research_universe,Specialty / Other,False,False,False,True
GSIE,,USA,US3814301079,372884584,ETF GSIE,ETF GSIE,,experimental_research_universe,International Developed Equity,False,False,False,True
GSIG,,USA,US38149W5076,375694060,ETF GSIG,ETF GSIG,,experimental_research_universe,Specialty / Other,False,False,False,False
GSJY,,USA,US3814304040,373197130,ETF GSJY,ETF GSJY,,experimental_research_universe,Commodities / Metals,False,False,False,False
GSLC,,USA,US3814305039,372884560,ETF GSLC,ETF GSLC,,experimental_research_universe,US Large / Broad Blend,False,False,False,True
GSSC,,USA,US3814306029,372887587,ETF GSSC,ETF GSSC,,experimental_research_universe,US Small Blend,False,False,False,True
GSST,,USA,US3814302309,374931501,ETF GSST,ETF GSST,,experimental_research_universe,US Treasuries / Govt / Cash-like,True,False,False,False
GSUS,,USA,US3814301236,375501069,ETF GSUS,ETF GSUS,,experimental_research_universe,US Large / Broad Blend,False,False,False,True
GSWO,,USA,US38149W7395,377715236,ETF GSWO,ETF GSWO,,experimental_research_universe,Specialty / Other,False,False,False,True
GTEK,,USA,US38149W8120,377062055,ETF GTEK,ETF GTEK,,experimental_research_universe,Commodities / Metals,False,False,False,False
GTIP,,USA,US3814303620,374783626,ETF GTIP,ETF GTIP,,experimental_research_universe,TIPS / Inflation-Linked,False,False,False,False
GTPE,,USA,US38149W4574,600772144,ETF GTPE,ETF GTPE,,experimental_research_universe,Specialty / Other,False,False,False,False
GUMI,,USA,US38149W5720,373839567,ETF GUMI,ETF GUMI,,experimental_research_universe,Municipal Bonds,True,False,False,False
GUSA,,USA,US38150W1071,377875062,ETF GUSA,ETF GUSA,,experimental_research_universe,US Large / Broad Blend,False,False,False,True
GUSE,,USA,US38149W4244,600861159,ETF GUSE,ETF GUSE,,experimental_research_universe,Commodities / Metals,False,False,False,False
GVIP,,USA,US3814305450,373977065,ETF GVIP,ETF GVIP,,experimental_research_universe,Commodities / Metals,False,False,False,False
GVLE,,USA,US38149W4160,600861158,ETF GVLE,ETF GVLE,,experimental_research_universe,Commodities / Metals,False,False,False,False
GVUS,,USA,US38149W5803,379286644,ETF GVUS,ETF GVUS,,experimental_research_universe,Commodities / Metals,False,False,False,False
GXUS,,USA,US38150W2061,378442343,ETF GXUS,ETF GXUS,,experimental_research_universe,Commodities / Metals,False,False,False,False
JUST,,USA,US3814303968,374676374,ETF JUST,ETF JUST,,experimental_research_universe,US Large / Broad Blend,False,False,False,True
BJAN,,USA,US45782C4096,375064871,INNOVATOR ETFS TRUST-INNOVATOR U.S. EQUITY BUFFER ETF- JAN,INNOVATOR ETFS TRUST-INNOVATOR U.S. EQUITY BUFFER ETF- JAN,,experimental_research_universe,Defined Outcome / Buffer / Structured,False,False,False,False
BFEB,,USA,US45782C4336,375904838,INNOVATOR ETFS TRUST - INNOVATOR US EQUITY BUFFER ETF - FEB,INNOVATOR ETFS TRUST - INNOVATOR US EQUITY BUFFER ETF - FEB,,experimental_research_universe,Defined Outcome / Buffer / Structured,False,False,False,False
BMAR,,USA,US45782C3916,375982872,INNOVATOR ETFS TRUST - INNOVATOR US EQUIT BUFFER ETF - MARCH,INNOVATOR ETFS TRUST - INNOVATOR US EQUIT BUFFER ETF - MARCH,,experimental_research_universe,Defined Outcome / Buffer / Structured,False,False,False,False
BAPR,,USA,US45782C8881,375240702,INNOVATOR ETFS TRUST -INNOVATOR U.S. EQUITY BUFFER ETF APRIL,INNOVATOR ETFS TRUST -INNOVATOR U.S. EQUITY BUFFER ETF APRIL,,experimental_research_universe,Defined Outcome / Buffer / Structured,False,False,False,False
BMAY,,USA,US45782C3262,376161511,INNOVATOR ETFS TRUST-INNOVATOR U.S. EQUITY BUFFER ETF - MAY,INNOVATOR ETFS TRUST-INNOVATOR U.S. EQUITY BUFFER ETF - MAY,,experimental_research_universe,Defined Outcome / Buffer / Structured,False,False,False,False
BJUN,,USA,US45782C7552,375376328,INNOVATOR ETFS TRUST - INNOVATOR U.S. EQUITY BUFFER ETF- JUNE,INNOVATOR ETFS TRUST - INNOVATOR U.S. EQUITY BUFFER ETF- JUNE,,experimental_research_universe,Defined Outcome / Buffer / Structured,False,False,False,False
BJUL,,USA,US45782C7891,374790383,INNOVATOR ETFS TRUST-INNOVATOR U.S. EQUITY POWER BUF ETF-JUL,INNOVATOR ETFS TRUST-INNOVATOR U.S. EQUITY POWER BUF ETF-JUL,,experimental_research_universe,Defined Outcome / Buffer / Structured,False,False,False,False
BAUG,,USA,US45782C6984,375506138,INNOVATOR ETFS TRUST-INNOVATOR S&P 500 BUFFER ETF - AUGUST,INNOVATOR ETFS TRUST-INNOVATOR S&P 500 BUFFER ETF - AUGUST,,experimental_research_universe,Defined Outcome / Buffer / Structured,False,False,False,False
BSEP,,USA,US45782C6646,375590281,INNOVATOR ETFS TRUST - INNOVATOR U.S. EQUITY BUFFER ETF- SEPT,INNOVATOR ETFS TRUST - INNOVATOR U.S. EQUITY BUFFER ETF- SEPT,,experimental_research_universe,Defined Outcome / Buffer / Structured,False,False,False,False
BOCT,,USA,US45782C7719,374866665,INNOVATOR ETFS TRUST-INNOVATOR U.S. EQUITY BUFFER ETF - OCT,INNOVATOR ETFS TRUST-INNOVATOR U.S. EQUITY BUFFER ETF - OCT,,experimental_research_universe,Defined Outcome / Buffer / Structured,False,False,False,False
BNOV,,USA,US45782C5812,375728937,INNOVATOR ETFS TRUST-INNOVATOR U.S. EQUITY BUFFER ETF - NOV,INNOVATOR ETFS TRUST-INNOVATOR U.S. EQUITY BUFFER ETF - NOV,,experimental_research_universe,Defined Outcome / Buffer / Structured,False,False,False,False
BDEC,,USA,US45782C5572,375772059,INNOVATOR ETFS TRUST-INNOVATOR U.S. EQUITY BUFFER ETF - DEC,INNOVATOR ETFS TRUST-INNOVATOR U.S. EQUITY BUFFER ETF - DEC,,experimental_research_universe,Defined Outcome / Buffer / Structured,False,False,False,False
PJAN,,USA,US45782C5085,375060751,INNOVATOR ETFS TRST-INNOVATOR US EQUITY POWR BUFFR ETF - JAN,INNOVATOR ETFS TRST-INNOVATOR US EQUITY POWR BUFFR ETF - JAN,,experimental_research_universe,Defined Outcome / Buffer / Structured,False,False,False,False
PFEB,,USA,US45782C4179,375904840,INNOVATOR ETFS TRUST-INNOVATOR U.S. EQUITY PWR BUFF ETF- FEB,INNOVATOR ETFS TRUST-INNOVATOR U.S. EQUITY PWR BUFF ETF- FEB,,experimental_research_universe,Defined Outcome / Buffer / Structured,False,False,False,False
PMAR,,USA,US45782C3833,375982877,INNOVATOR ETFS TRUST-INNOVATOR S&P 500 POWER BUFFER ETF-MAR,INNOVATOR ETFS TRUST-INNOVATOR S&P 500 POWER BUFFER ETF-MAR,,experimental_research_universe,Defined Outcome / Buffer / Structured,False,False,False,False
PAPR,,USA,US45782C8709,375240698,INNOVATOR ETFS TRUST-INNOVATOR U.S. EQ POWER BUFFER ETF- APR,INNOVATOR ETFS TRUST-INNOVATOR U.S. EQ POWER BUFFER ETF- APR,,experimental_research_universe,Defined Outcome / Buffer / Structured,False,False,False,False
PMAY,,USA,US45782C3189,376161510,INNOVATOR ETFS TRUST-INNOVATOR U.S. EQ POWER BUFFER ETF-MAY,INNOVATOR ETFS TRUST-INNOVATOR U.S. EQ POWER BUFFER ETF-MAY,,experimental_research_universe,Defined Outcome / Buffer / Structured,False,False,False,False
PJUN,,USA,US45782C7487,375376327,INNOVATOR ETFS TRUST-INNOVATOR U.S. EQ POWER BUFFER ETF-JUNE,INNOVATOR ETFS TRUST-INNOVATOR U.S. EQ POWER BUFFER ETF-JUNE,,experimental_research_universe,Defined Outcome / Buffer / Structured,False,False,False,False
PJUL,,USA,US45782C8139,374786146,INNOVATOR ETFS TRUST-INNOVATOR S&P 500 POWER BUFFER ETF-JULY,INNOVATOR ETFS TRUST-INNOVATOR S&P 500 POWER BUFFER ETF-JULY,,experimental_research_universe,Defined Outcome / Buffer / Structured,False,False,False,False
PAUG,,USA,US45782C6802,375513669,INNOVATOR ETFS TRUST-INNOVATOR S&P 500 POWER BUFFER ETF-AUG,INNOVATOR ETFS TRUST-INNOVATOR S&P 500 POWER BUFFER ETF-AUG,,experimental_research_universe,Defined Outcome / Buffer / Structured,False,False,False,False
PSEP,,USA,US45782C6562,375590280,INNOVATOR U.S. EQUITY POWER BUFFER ETF - SEPTEMBER,INNOVATOR U.S. EQUITY POWER BUFFER ETF - SEPTEMBER,,experimental_research_universe,Defined Outcome / Buffer / Structured,False,False,False,False
POCT,,USA,US45782C7974,374866716,INNOVATOR ETFS TST-INNOVATOR US EQUITY POWER BUFFER ETF-OCT,INNOVATOR ETFS TST-INNOVATOR US EQUITY POWER BUFFER ETF-OCT,,experimental_research_universe,Defined Outcome / Buffer / Structured,False,False,False,False
PNOV,,USA,US45782C5739,375728938,INNOVATOR ETFS TST-INNOVATOR U.S. EQUITY POWER BUF ETF- NOV,INNOVATOR ETFS TST-INNOVATOR U.S. EQUITY POWER BUF ETF- NOV,,experimental_research_universe,Defined Outcome / Buffer / Structured,False,False,False,False
PDEC,,USA,US45782C5408,375788401,INNOVATOR ETFS TST-INNOVATOR US EQUITY POWER BUFFER ETF-DEC,INNOVATOR ETFS TST-INNOVATOR US EQUITY POWER BUFFER ETF-DEC,,experimental_research_universe,Defined Outcome / Buffer / Structured,False,False,False,False
UJAN,,USA,US45782C3007,375064870,INNOVATOR ETFS TST-INNOVATOR US EQUITY ULTRA BUFFER ETF-JAN,INNOVATOR ETFS TST-INNOVATOR US EQUITY ULTRA BUFFER ETF-JAN,,experimental_research_universe,Defined Outcome / Buffer / Structured,False,False,False,False
UFEB,,USA,US45782C4252,375904839,INNOVATOR ETFS TRUST - INNOVATOR US EQUIT ULTRA BUFF ETF-FEB,INNOVATOR ETFS TRUST - INNOVATOR US EQUIT ULTRA BUFF ETF-FEB,,experimental_research_universe,Defined Outcome / Buffer / Structured,False,False,False,False
UMAR,,USA,US45782C3759,375982879,INNOVATOR ETFS TRUST-INNOVATOR U.S.EQUITY ULTRA BUF ETF- MAR,INNOVATOR ETFS TRUST-INNOVATOR U.S.EQUITY ULTRA BUF ETF- MAR,,experimental_research_universe,Defined Outcome / Buffer / Structured,False,False,False,False
UAPR,,USA,US45782C8055,375238791,INNOVATOR ETFS TR-INNOVATOR U.S. EQUITY ULTRA BUFFER ETF APR,INNOVATOR ETFS TR-INNOVATOR U.S. EQUITY ULTRA BUFFER ETF APR,,experimental_research_universe,Defined Outcome / Buffer / Structured,False,False,False,False
UMAY,,USA,US45782C2926,376161503,INNOVATOR ETFS TR-INNOVATOR U.S. EQUITY ULTRA BUFFER ETF-MAY,INNOVATOR ETFS TR-INNOVATOR U.S. EQUITY ULTRA BUFFER ETF-MAY,,experimental_research_universe,Defined Outcome / Buffer / Structured,False,False,False,False
UJUN,,USA,US45782C7305,375376326,INNOVATOR ETFS TRUST - INNOVATOR U.S. EQUITY UL BUF ETF- JUNE,INNOVATOR ETFS TRUST - INNOVATOR U.S. EQUITY UL BUF ETF- JUNE,,experimental_research_universe,Defined Outcome / Buffer / Structured,False,False,False,False
UJUL,,USA,US45782C8394,374786080,INNOVATOR ETFS TRUST-INN U.S. EQUITY ULTRA BUFFER ETF - JULY,INNOVATOR ETFS TRUST-INN U.S. EQUITY ULTRA BUFFER ETF - JULY,,experimental_research_universe,Defined Outcome / Buffer / Structured,False,False,False,False
UAUG,,USA,US45782C6729,375513723,INNOVATOR ETFS TRUST-INNOVATOR S&P 500 ULTRA BUFFER ETF-AUG,INNOVATOR ETFS TRUST-INNOVATOR S&P 500 ULTRA BUFFER ETF-AUG,,experimental_research_universe,Defined Outcome / Buffer / Structured,False,False,False,False
USEP,,USA,US45782C6497,375590295,INNOVATOR ETFS TRUST - INN U.S. EQ ULT BUF ETF-SEP,INNOVATOR ETFS TRUST - INN U.S. EQ ULT BUF ETF-SEP,,experimental_research_universe,Defined Outcome / Buffer / Structured,False,False,False,False
UOCT,,USA,US45782C8212,374867892,INNOVATOR ETFS TST-INNOVATOR US EQUITY ULTRA BUFFER ETF-OCT,INNOVATOR ETFS TST-INNOVATOR US EQUITY ULTRA BUFFER ETF-OCT,,experimental_research_universe,Defined Outcome / Buffer / Structured,False,False,False,False
UNOV,,USA,US45782C5655,375728939,INNOVATOR ETFS TST-INNOVATOR U.S. EQUITY ULTRA BUF ETF NOV,INNOVATOR ETFS TST-INNOVATOR U.S. EQUITY ULTRA BUF ETF NOV,,experimental_research_universe,Defined Outcome / Buffer / Structured,False,False,False,False
UDEC,,USA,US45782C5325,375788399,INNOVATOR ETFS TST-INNOVATOR US EQUITY ULTRA BUFFER ETF-DEC,INNOVATOR ETFS TST-INNOVATOR US EQUITY ULTRA BUFFER ETF-DEC,,experimental_research_universe,Defined Outcome / Buffer / Structured,False,False,False,False
NJAN,,USA,US45782C4666,375838382,INNOVATOR ETFS TST - INNOVATOR GROWTH-100 POWER BUF ETF- JAN,INNOVATOR ETFS TST - INNOVATOR GROWTH-100 POWER BUF ETF- JAN,,experimental_research_universe,Defined Outcome / Buffer / Structured,False,False,False,False
NFEB,,USA,US45784N7912,600101578,INNOVATOR ETFS TRUST - INNOVA GROW-100 POW BU ETF - FEBR,INNOVATOR ETFS TRUST - INNOVA GROW-100 POW BU ETF - FEBR,,experimental_research_universe,Defined Outcome / Buffer / Structured,False,False,False,False
NMAR,,USA,US45784N7672,600199084,INNOVATOR ETFS TRUST-INNOVATOR GRT-100 POWER BUF ETF- MARCH,INNOVATOR ETFS TRUST-INNOVATOR GRT-100 POWER BUF ETF- MARCH,,experimental_research_universe,Defined Outcome / Buffer / Structured,False,False,False,False
NAPR,,USA,US45782C3346,376083850,INNOVATOR GROWTH 100 POWER BUFFER ETF - APRIL,INNOVATOR GROWTH 100 POWER BUFFER ETF - APRIL,,experimental_research_universe,Defined Outcome / Buffer / Structured,False,False,False,False
NMAY,,USA,US45784N6765,600347644,INNO ETFS TR - INNO GRO-100 PO BUF ETF - MAY,INNO ETFS TR - INNO GRO-100 PO BUF ETF - MAY,,experimental_research_universe,Defined Outcome / Buffer / Structured,False,False,False,False
NJUN,,USA,US45783Y2697,379806040,INNOVATOR ETFS TRUST - INNOV GROW-100 POW BUFFER ETF - JUNE,INNOVATOR ETFS TRUST - INNOV GROW-100 POW BUFFER ETF - JUNE,,experimental_research_universe,Defined Outcome / Buffer / Structured,False,False,False,False
NJUL,,USA,US45782C2769,376384788,INVTR ETFS TST-INNOVATOR GROWTH-100 POWER BUFFER ETF - JULY,INVTR ETFS TST-INNOVATOR GROWTH-100 POWER BUFFER ETF - JULY,,experimental_research_universe,Defined Outcome / Buffer / Structured,False,False,False,False
NAUG,,USA,US45783Y1293,590019444,INNOVATOR ETFS TRUST-INNOVATOR GROWTH-100POWER BUFFER ETF-AU,INNOVATOR ETFS TRUST-INNOVATOR GROWTH-100POWER BUFFER ETF-AU,,experimental_research_universe,Defined Outcome / Buffer / Structured,False,False,False,False
NSEP,,USA,US45784N2053,590092459,INNOVATOR U.S. EQUITY POWER BUFFER ETF - SEPTEMBER,INNOVATOR U.S. EQUITY POWER BUFFER ETF - SEPTEMBER,,experimental_research_universe,Defined Outcome / Buffer / Structured,False,False,False,False
NOCT,,USA,US45782C6158,373887156,INNOVATOR GROWTH-100 POWER BUFFER ETF- OCTOBER,INNOVATOR GROWTH-100 POWER BUFFER ETF- OCTOBER,,experimental_research_universe,Defined Outcome / Buffer / Structured,False,False,False,False
NNOV,,USA,US45784N8746,590250726,INNOVATOR ETFS TRT-INNOVATOR GROWTH-100 POWER BUFFER ETF-NOV,INNOVATOR ETFS TRT-INNOVATOR GROWTH-100 POWER BUFFER ETF-NOV,,experimental_research_universe,Defined Outcome / Buffer / Structured,False,False,False,False
NDEC,,USA,US45784N8415,373824387,INNOVATOR ETFS TR,INNOVATOR ETFS TR,,experimental_research_universe,Defined Outcome / Buffer / Structured,False,False,False,False
KJAN,,USA,US45782C4740,375838384,INNOVATOR ETFS TST - INNO U.S. SMALL CAP POWR BUF ETF - JAN,INNOVATOR ETFS TST - INNO U.S. SMALL CAP POWR BUF ETF - JAN,,experimental_research_universe,Defined Outcome / Buffer / Structured,False,False,False,False
KFEB,,USA,US45784N7839,600115925,INNOVA ETFS TRUST - INNOVA U.S. SMA CAP PO BUF ETF - FEBRU,INNOVA ETFS TRUST - INNOVA U.S. SMA CAP PO BUF ETF - FEBRU,,experimental_research_universe,Defined Outcome / Buffer / Structured,False,False,False,False
KMAR,,USA,US45784N7599,600191268,INNOVATOR ETFS TRUST - INN U.S. SMA CAP PO BU ETF - MAR,INNOVATOR ETFS TRUST - INN U.S. SMA CAP PO BU ETF - MAR,,experimental_research_universe,Defined Outcome / Buffer / Structured,False,False,False,False
KAPR,,USA,US45782C3429,376083851,INNOVATOR U.S. SMALL CAP POWER BUFFER ETF - APRIL,INNOVATOR U.S. SMALL CAP POWER BUFFER ETF - APRIL,,experimental_research_universe,Defined Outcome / Buffer / Structured,False,False,False,False
KMAY,,USA,US45784N6682,600340815,INNOVATOR ETFS TRUST-INNOVATOR U.S. SMALL CAP POR BR ETF-MAY,INNOVATOR ETFS TRUST-INNOVATOR U.S. SMALL CAP POR BR ETF-MAY,,experimental_research_universe,US Small Blend,False,False,False,False
KJUN,,USA,US45783Y2770,379806048,INNOVATOR ETFS TRUST-INNOVATOR U.S.SMALL CAP PO BUF ETF- JUNE,INNOVATOR ETFS TRUST-INNOVATOR U.S.SMALL CAP PO BUF ETF- JUNE,,experimental_research_universe,Defined Outcome / Buffer / Structured,False,False,False,False
KJUL,,USA,US45782C2843,376384789,INNOVATOR ETFS TST-INNOVATOR U.S. SMALL CAP PWR BUF ETF JULY,INNOVATOR ETFS TST-INNOVATOR U.S. SMALL CAP PWR BUF ETF JULY,,experimental_research_universe,Defined Outcome / Buffer / Structured,False,False,False,False
KAUG,,USA,US45783Y1376,590019547,IINOVATR ETF TRUST II-INNO LAD FD OF U.S. EQUITY PW BUFF ETF,IINOVATR ETF TRUST II-INNO LAD FD OF U.S. EQUITY PW BUFF ETF,,experimental_research_universe,Defined Outcome / Buffer / Structured,False,False,False,False
KSEP,,USA,US45784N3044,590092687,INNOVATOR ETFS TRUST - INNOVATOR U.S. SM CAP PW BUF ETF- SEP,INNOVATOR ETFS TRUST - INNOVATOR U.S. SM CAP PW BUF ETF- SEP,,experimental_research_universe,Defined Outcome / Buffer / Structured,False,False,False,False
KOCT,,USA,US45782C5994,375663556,INNOVATOR U.S. SMALL CAP POWER BUFFER ETF - OCTOBER,INNOVATOR U.S. SMALL CAP POWER BUFFER ETF - OCTOBER,,experimental_research_universe,Defined Outcome / Buffer / Structured,False,False,False,False
KNOV,,USA,US45784N8662,590250712,INNOVATOR ETFS TRUST - INVTR U.S. SML CAP PWR BFR ETF - NOV,INNOVATOR ETFS TRUST - INVTR U.S. SML CAP PWR BFR ETF - NOV,,experimental_research_universe,Defined Outcome / Buffer / Structured,False,False,False,False
KDEC,,USA,US45784N8332,590323453,INNOVATOR ETFS TRT-INNOVATOR US SMALL CAP PW BU ETF- DECEMBER,INNOVATOR ETFS TRT-INNOVATOR US SMALL CAP PW BU ETF- DECEMBER,,experimental_research_universe,Defined Outcome / Buffer / Structured,False,False,False,False
IJAN,,USA,US45782C5242,375840224,INNOVATOR ETFS TRUST-INN INT DEV POWER BUFFER ETF - JAN,INNOVATOR ETFS TRUST-INN INT DEV POWER BUFFER ETF - JAN,,experimental_research_universe,Defined Outcome / Buffer / Structured,False,False,False,False
IFEB,,USA,US45783Y3505,379510717,INNOVATOR ETFS TRUST-INNOVATOR INTE DEV PO BU ETF-FEBR,INNOVATOR ETFS TRUST-INNOVATOR INTE DEV PO BU ETF-FEBR,,experimental_research_universe,Defined Outcome / Buffer / Structured,False,False,False,False
IMAR,,USA,US45783Y3430,379590454,IINOVATR ETF TRUST II-INNO LAD FD OF U.S. EQUITY PW BUFF ETF,IINOVATR ETF TRUST II-INNO LAD FD OF U.S. EQUITY PW BUFF ETF,,experimental_research_universe,Defined Outcome / Buffer / Structured,False,False,False,False
IAPR,,USA,US45782C3676,377162473,INNOVATOR ETFS TRUST -INNOVATOR INTER DEVE POWE BUFF ETF-APR,INNOVATOR ETFS TRUST -INNOVATOR INTER DEVE POWE BUFF ETF-APR,,experimental_research_universe,Defined Outcome / Buffer / Structured,False,False,False,False
IMAY,,USA,US45783Y2937,379733124,INNOVATOR INTERNATIONAL DEVELOPED POWER BUFFER ETF - MAY,INNOVATOR INTERNATIONAL DEVELOPED POWER BUFFER ETF - MAY,,experimental_research_universe,Defined Outcome / Buffer / Structured,False,False,False,False
IJUN,,USA,US45783Y2853,379806137,IINOVATR ETF TRUST II-INNO LAD FD OF U.S. EQUITY PW BUFF ETF,IINOVATR ETF TRUST II-INNO LAD FD OF U.S. EQUITY PW BUFF ETF,,experimental_research_universe,Defined Outcome / Buffer / Structured,False,False,False,False
IJUL,,USA,US45782C7222,375436736,INNOVATOR INTERNATIONAL DEVELOPED POWER BUFFER ETF - JULY,INNOVATOR INTERNATIONAL DEVELOPED POWER BUFFER ETF - JULY,,experimental_research_universe,Defined Outcome / Buffer / Structured,False,False,False,False
IAUG,,USA,US45783Y1459,590019550,IINOVATR ETF TRUST II-INNO LAD FD OF U.S. EQUITY PW BUFF ETF,IINOVATR ETF TRUST II-INNO LAD FD OF U.S. EQUITY PW BUFF ETF,,experimental_research_universe,Defined Outcome / Buffer / Structured,False,False,False,False
ISEP,,USA,US45783Y5336,379196109,INNOVATOR ETFS TRUST - INN INT DEV PW BFF ETF - SEP,INNOVATOR ETFS TRUST - INN INT DEV PW BFF ETF - SEP,,experimental_research_universe,Defined Outcome / Buffer / Structured,False,False,False,False
IOCT,,USA,US45782C6315,377577556,INNOVATOR ETFS TRUST - INNOVATOR IBD(R) ETF LEADERS ETF,INNOVATOR ETFS TRUST - INNOVATOR IBD(R) ETF LEADERS ETF,,experimental_research_universe,Defined Outcome / Buffer / Structured,False,False,False,False
INOV,,USA,US45783Y4594,379329266,IINOVATR ETF TRUST II-INNO LAD FD OF U.S. EQUITY PW BUFF ETF,IINOVATR ETF TRUST II-INNO LAD FD OF U.S. EQUITY PW BUFF ETF,,experimental_research_universe,Defined Outcome / Buffer / Structured,False,False,False,False
IDEC,,USA,US45783Y4263,379397554,IINOVATR ETF TRUST II-INNO LAD FD OF U.S. EQUITY PW BUFF ETF,IINOVATR ETF TRUST II-INNO LAD FD OF U.S. EQUITY PW BUFF ETF,,experimental_research_universe,Defined Outcome / Buffer / Structured,False,False,False,False
EJAN,,USA,US45782C5168,375838463,INNOVATOR ETFS TRUST-INN MSCI EMRG MKTS POWER BUF ETF - JAN,INNOVATOR ETFS TRUST-INN MSCI EMRG MKTS POWER BUF ETF - JAN,,experimental_research_universe,Defined Outcome / Buffer / Structured,False,False,False,False
EAPR,,USA,US45782C3593,377162465,INNOVATOR ETFS TRST - INNOV EMERG MARKETS POWER BUF ETF-APR,INNOVATOR ETFS TRST - INNOV EMERG MARKETS POWER BUF ETF-APR,,experimental_research_universe,Defined Outcome / Buffer / Structured,False,False,False,False
EJUL,,USA,US45782C7149,375436739,INNOVATOR EMERGING MARKETS POWER BUFFER ETF - JULY,INNOVATOR EMERGING MARKETS POWER BUFFER ETF - JULY,,experimental_research_universe,Defined Outcome / Buffer / Structured,False,False,False,False
EOCT,,USA,US45782C6232,377577561,INNOVATOR ETFS TST-INNOVATOR EMERG MRKT PWR BUFF-OCT,INNOVATOR ETFS TST-INNOVATOR EMERG MRKT PWR BUFF-OCT,,experimental_research_universe,Defined Outcome / Buffer / Structured,False,False,False,False
BALT,,USA,US45783Y8553,377370501,INNOVATOR ETFS TRUST - INNOVATOR DEFINED WEALTH SHIELD ETF,INNOVATOR ETFS TRUST - INNOVATOR DEFINED WEALTH SHIELD ETF,,experimental_research_universe,Defined Outcome / Buffer / Structured,False,False,False,False
EALT,,USA,US45783Y4750,379260155,IINOVATR ETF TRUST II-INNO LAD FD OF U.S. EQUITY PW BUFF ETF,IINOVATR ETF TRUST II-INNO LAD FD OF U.S. EQUITY PW BUFF ETF,,experimental_research_universe,Defined Outcome / Buffer / Structured,False,False,False,False
ZALT,,USA,US45783Y4420,379260154,INNOVATOR ETFS TRUST - INNOV U.S. EQUITY 10 BUFFER ETF - QUAR,INNOVATOR ETFS TRUST - INNOV U.S. EQUITY 10 BUFFER ETF - QUAR,,experimental_research_universe,Defined Outcome / Buffer / Structured,False,False,False,False
QBUF,,USA,US45783Y1608,379872032,INNOVATOR ETFS TRUST - INNOVATOR NASDAQ-100 10 BUF ETF - QUA,INNOVATOR ETFS TRUST - INNOVATOR NASDAQ-100 10 BUF ETF - QUA,,experimental_research_universe,Defined Outcome / Buffer / Structured,False,False,False,False
RBUF,,USA,US45783Y2283,379872024,INNOVATOR ETFS TRUST-INNOVATOR US SMALL CAP 10 BUF ETF- QUA,INNOVATOR ETFS TRUST-INNOVATOR US SMALL CAP 10 BUF ETF- QUA,,experimental_research_universe,Defined Outcome / Buffer / Structured,False,False,False,False
IBUF,,USA,US45783Y1780,379872186,IINOVATR ETF TRUST II-INNO LAD FD OF U.S. EQUITY PW BUFF ETF,IINOVATR ETF TRUST II-INNO LAD FD OF U.S. EQUITY PW BUFF ETF,,experimental_research_universe,Defined Outcome / Buffer / Structured,False,False,False,False
EBUF,,USA,US45783Y2101,379872187,IINOVATR ETF TRUST II-INNO LAD FD OF U.S. EQUITY PW BUFF ETF,IINOVATR ETF TRUST II-INNO LAD FD OF U.S. EQUITY PW BUFF ETF,,experimental_research_universe,Defined Outcome / Buffer / Structured,False,False,False,False
JAJL,,USA,US45783Y2440,379872021,INNOVATOR ETFS TRUST-INNOVATOR EQUITY DEF PRT ETF-6MO JAN/JU,INNOVATOR ETFS TRUST-INNOVATOR EQUITY DEF PRT ETF-6MO JAN/JU,,experimental_research_universe,Specialty / Other,False,False,False,False
APOC,,USA,US45784N8829,590172418,INNOVATOR ETFS TRUST-INNOVATOR EQ DEF PROTN ETF-6 MO APR/OCT,INNOVATOR ETFS TRUST-INNOVATOR EQ DEF PROTN ETF-6 MO APR/OCT,,experimental_research_universe,Defined Outcome / Buffer / Structured,False,False,False,False
ZJAN,,USA,US45784N8175,600047678,INNOVATOR ETFS TRUST-INNOVATOR EQU DEF PRO ETF-1 YR JANUARY,INNOVATOR ETFS TRUST-INNOVATOR EQU DEF PRO ETF-1 YR JANUARY,,experimental_research_universe,Defined Outcome / Buffer / Structured,False,False,False,False
ZFEB,,USA,US45784N7755,600101455,INNOVATOR ETFS TRUST - INNOVATOR EQU DEF PRO ETF - 1 YR FEB,INNOVATOR ETFS TRUST - INNOVATOR EQU DEF PRO ETF - 1 YR FEB,,experimental_research_universe,Defined Outcome / Buffer / Structured,False,False,False,False
ZMAR,,USA,US45784N7425,600183857,INNOVATOR ETFS TRUST - INNOVATOR EQUITY DEF PROT ETF-1YR MAR,INNOVATOR ETFS TRUST - INNOVATOR EQUITY DEF PROT ETF-1YR MAR,,experimental_research_universe,Defined Outcome / Buffer / Structured,False,False,False,False
ZAPR,,USA,US45784N7268,600273125,INNOVATOR ETFS TR - INN EQUITY DEF PRO ETF - 1 YR APRIL,INNOVATOR ETFS TR - INN EQUITY DEF PRO ETF - 1 YR APRIL,,experimental_research_universe,Defined Outcome / Buffer / Structured,False,False,False,False
ZMAY,,USA,US45784N6500,600340814,INNOVATOR ETFS TRUST - INNOVATOR EQ DEFINED PRO ETF-1 YR MAY,INNOVATOR ETFS TRUST - INNOVATOR EQ DEFINED PRO ETF-1 YR MAY,,experimental_research_universe,Defined Outcome / Buffer / Structured,False,False,False,False
ZJUN,,USA,US45784N6435,600407401,INNOVATOR ETFS TRST-INV EQ DEFINED PROTECTION ETF-1 YR JUNE,INNOVATOR ETFS TRST-INV EQ DEFINED PROTECTION ETF-1 YR JUNE,,experimental_research_universe,Defined Outcome / Buffer / Structured,False,False,False,False
ZJUL,,USA,US45783Y2515,379872025,INNOVATOR ETFS TRUST-INNOVATOR EQUITY DEF PR ETF-1 YR JUL,INNOVATOR ETFS TRUST-INNOVATOR EQUITY DEF PR ETF-1 YR JUL,,experimental_research_universe,Defined Outcome / Buffer / Structured,False,False,False,False
ZAUG,,USA,US45783Y1111,590019549,IINOVATR ETF TRUST II-INNO LAD FD OF U.S. EQUITY PW BUFF ETF,IINOVATR ETF TRUST II-INNO LAD FD OF U.S. EQUITY PW BUFF ETF,,experimental_research_universe,Defined Outcome / Buffer / Structured,False,False,False,False
ZSEP,,USA,US45784N1063,590092663,INNOVATOR ETFS TRUST - INVTR EQT DEF PRO ETF - 1 YR SEP,INNOVATOR ETFS TRUST - INVTR EQT DEF PRO ETF - 1 YR SEP,,experimental_research_universe,Defined Outcome / Buffer / Structured,False,False,False,False
ZOCT,,USA,US45784N7003,371334607,INNOVATOR ETFS TRUST - INNO EQU DEFI PRO ETF - 1 YR OCT,INNOVATOR ETFS TRUST - INNO EQU DEFI PRO ETF - 1 YR OCT,,experimental_research_universe,Defined Outcome / Buffer / Structured,False,False,False,False
ZNOV,,USA,US45784N8092,590254438,INNOVATOR ETFS TRUST - INNOVATOR EQUITY DEF PRO ETF-1 YR NOV,INNOVATOR ETFS TRUST - INNOVATOR EQUITY DEF PRO ETF-1 YR NOV,,experimental_research_universe,Defined Outcome / Buffer / Structured,False,False,False,False
ZDEK,,USA,US45784N8589,373824388,INNOVATOR ETFS TRUST,INNOVATOR ETFS TRUST,,experimental_research_universe,Defined Outcome / Buffer / Structured,False,False,False,False
AJAN,,USA,US45783Y4180,379453998,INN ETFS TR-INN EQUITY DEF PROT ETF-2 YR TO JAN 2026,INN ETFS TR-INN EQUITY DEF PROT ETF-2 YR TO JAN 2026,,experimental_research_universe,Defined Outcome / Buffer / Structured,False,False,False,False
AAPR,,USA,US45783Y3356,379660152,INN ETFS TR-INN EQUITY DEF PROT ETF-2 YR TO APR 2026,INN ETFS TR-INN EQUITY DEF PROT ETF-2 YR TO APR 2026,,experimental_research_universe,Defined Outcome / Buffer / Structured,False,False,False,False
AJUL,,USA,US45783Y2366,379872022,INNO ETFS TRUST - INN EQUITY DEF PRO ETF - 2 YR TO JULY 2026,INNO ETFS TRUST - INN EQUITY DEF PRO ETF - 2 YR TO JULY 2026,,experimental_research_universe,Defined Outcome / Buffer / Structured,False,False,False,False
AOCT,,USA,US45784N6013,371334606,INV ETFS TRS - INV EQT DEF PRO ETF - 2 YR TO OCTOBER 2026,INV ETFS TRS - INV EQT DEF PRO ETF - 2 YR TO OCTOBER 2026,,experimental_research_universe,Defined Outcome / Buffer / Structured,False,False,False,False
TJAN,,USA,US45784N8258,600047677,INN ETFS TR - INN EQU DEF PRO ETF - 2 YR TO JANUARY 2027,INN ETFS TR - INN EQU DEF PRO ETF - 2 YR TO JANUARY 2027,,experimental_research_universe,Defined Outcome / Buffer / Structured,False,False,False,False
TAPR,,USA,US45784N7342,600273123,INNOVATOR ETFS TR - INN EQ DEF PRO ETF - 2 YR TO APRIL 2027,INNOVATOR ETFS TR - INN EQ DEF PRO ETF - 2 YR TO APRIL 2027,,experimental_research_universe,Defined Outcome / Buffer / Structured,False,False,False,False
TJUL,,USA,US45783Y5419,379095194,IINOVATR ETF TRUST II-INNO LAD FD OF U.S. EQUITY PW BUFF ETF,IINOVATR ETF TRUST II-INNO LAD FD OF U.S. EQUITY PW BUFF ETF,,experimental_research_universe,Defined Outcome / Buffer / Structured,False,False,False,False
TOCT,,USA,US45784N5775,371158726,INNOVATOR ETFS TR-INNOVATOR EQT DEF PROT ETF-2 YRTO OCT 2027,INNOVATOR ETFS TR-INNOVATOR EQT DEF PROT ETF-2 YRTO OCT 2027,,experimental_research_universe,Defined Outcome / Buffer / Structured,False,False,False,False
DDSQ,,USA,US45784N3200,600962962,INNOVATOR U.S. EQUITY POWER BUFFER ETF - SEPTEMBER,INNOVATOR U.S. EQUITY POWER BUFFER ETF - SEPTEMBER,,experimental_research_universe,Defined Outcome / Buffer / Structured,False,False,False,False
DDNQ,,USA,US45784N3127,600962961,INNOVATOR U.S. EQUITY POWER BUFFER ETF - SEPTEMBER,INNOVATOR U.S. EQUITY POWER BUFFER ETF - SEPTEMBER,,experimental_research_universe,Defined Outcome / Buffer / Structured,False,False,False,False
DDTL,,USA,US45784N5106,600494776,INNOVATOR ETF TST- INOVATOR EQUTY DL DIRCTINL 10 BUFFER ETF,INNOVATOR ETF TST- INOVATOR EQUTY DL DIRCTINL 10 BUFFER ETF,,experimental_research_universe,Defined Outcome / Buffer / Structured,False,False,False,False
DDTS,,USA,US45784N4786,600651336,INNOVATOR ETFS TRUST-INNOVATOR EQ DU DIR 10 BU ET- SEPTEMBER,INNOVATOR ETFS TRUST-INNOVATOR EQ DU DIR 10 BU ET- SEPTEMBER,,experimental_research_universe,Specialty / Other,False,False,False,False
DDTO,,USA,US45784N4943,600730434,INNOVATOR ETFS TRUST -INNOVATOR EQT DUAL DIR 10 BUFF ETF- OCT,INNOVATOR ETFS TRUST -INNOVATOR EQT DUAL DIR 10 BUFF ETF- OCT,,experimental_research_universe,Defined Outcome / Buffer / Structured,False,False,False,False
DDTN,,USA,US45784N4604,600820080,INNOVATOR ETFS TRUST - INNOVATOR EQUIT DUAL DI 10 BU ETF- NOV,INNOVATOR ETFS TRUST - INNOVATOR EQUIT DUAL DI 10 BU ETF- NOV,,experimental_research_universe,Specialty / Other,False,False,False,False
DDTD,,USA,US45784N4455,600881715,INNOVATOR ETFS TRUST - INNOVATOR EQT DU DI 10 BUF ETF - DEC,INNOVATOR ETFS TRUST - INNOVATOR EQT DU DI 10 BUF ETF - DEC,,experimental_research_universe,Defined Outcome / Buffer / Structured,False,False,False,False
DDTJ,,USA,US45784N4299,600957156,INNOVATOR ETFS TRUST - INNOVATOR EQ DUAL DIR 10 BU ETF - JAN,INNOVATOR ETFS TRUST - INNOVATOR EQ DUAL DIR 10 BU ETF - JAN,,experimental_research_universe,Specialty / Other,False,False,False,False
DDTF,,USA,US45784N4117,601042313,INNOVATOR U.S. EQUITY POWER BUFFER ETF - SEPTEMBER,INNOVATOR U.S. EQUITY POWER BUFFER ETF - SEPTEMBER,,experimental_research_universe,Defined Outcome / Buffer / Structured,False,False,False,False
DDFL,,USA,US45784N5361,600498450,INNOVATOR ETFS TRUST-INNOVATOR EQT DUAL DIR 15 BUF ETF- JULY,INNOVATOR ETFS TRUST-INNOVATOR EQT DUAL DIR 15 BUF ETF- JULY,,experimental_research_universe,Defined Outcome / Buffer / Structured,False,False,False,False
DDFS,,USA,US45784N4869,600651335,INV ETFS TRT - INNOVATOR EQT DUAL DIR 15 BUFFER ETF-SEPT,INV ETFS TRT - INNOVATOR EQT DUAL DIR 15 BUFFER ETF-SEPT,,experimental_research_universe,Defined Outcome / Buffer / Structured,False,False,False,False
DDFO,,USA,US45784N5288,600730423,INNOVATOR ETFS TRUST - INNOVATOR EQT DU DIR 15 BF ETF - OCT,INNOVATOR ETFS TRUST - INNOVATOR EQT DU DIR 15 BF ETF - OCT,,experimental_research_universe,Specialty / Other,False,False,False,False
DDFN,,USA,US45784N4521,600819909,INNOVATOR ETFS TRUST - INN EQUITY DUAL DIR 15 BUT ETF - NOV,INNOVATOR ETFS TRUST - INN EQUITY DUAL DIR 15 BUT ETF - NOV,,experimental_research_universe,Specialty / Other,False,False,False,False
DDFD,,USA,US45784N4372,600881714,INNOVATOR ETFS TRUST - INNOVATOR EQT DU DI 15 BUF ETF - DEC,INNOVATOR ETFS TRUST - INNOVATOR EQT DU DI 15 BUF ETF - DEC,,experimental_research_universe,Defined Outcome / Buffer / Structured,False,False,False,False
DDFJ,,USA,US45784N5445,600957157,INNOVATOR ETFS TRUST - INNOVAT EQU DUAL DIR 15 BU ETF - JAN,INNOVATOR ETFS TRUST - INNOVAT EQU DUAL DIR 15 BU ETF - JAN,,experimental_research_universe,Specialty / Other,False,False,False,False
DDFF,,USA,US45784N3952,601038339,INNOVATOR ETFS TRUST - INNOVAT EQU DUAL DIR 15 BU ETF - EFB,INNOVATOR ETFS TRUST - INNOVAT EQU DUAL DIR 15 BU ETF - EFB,,experimental_research_universe,Specialty / Other,False,False,False,False
LJAN,,USA,US45783Y3687,379453562,INNOVATOR ETFS TRUST-INNOVATOR PREMIUM INC 15 BUFFER ETF-JAN,INNOVATOR ETFS TRUST-INNOVATOR PREMIUM INC 15 BUFFER ETF-JAN,,experimental_research_universe,Defined Outcome / Buffer / Structured,False,False,False,False
LAPR,,USA,US45783Y3190,379660155,INNOVATOR ETFS TRST - INNOVATOR PREM INC 15 BUFF ETF - APRIL,INNOVATOR ETFS TRST - INNOVATOR PREM INC 15 BUFF ETF - APRIL,,experimental_research_universe,Defined Outcome / Buffer / Structured,False,False,False,False
LJUL,,USA,US45783Y1863,379872031,INNOVATOR ETFS TRUST-INNOVATOR PREM INCO 15 BUFFER ETF- JULY,INNOVATOR ETFS TRUST-INNOVATOR PREM INCO 15 BUFFER ETF- JULY,,experimental_research_universe,Defined Outcome / Buffer / Structured,False,False,False,False
LOCT,,USA,US45783Y4347,379254664,INNOVATOR ETFS TR-INNOVATOR PREMIUM INC 15 BUFFER ETF - OCT,INNOVATOR ETFS TR-INNOVATOR PREMIUM INC 15 BUFFER ETF - OCT,,experimental_research_universe,Defined Outcome / Buffer / Structured,False,False,False,False
JANH,,USA,US45783Y6573,379453618,INNOVATOR ETFS TRUST-INNOVATOR PREM INCOM 20 BARRIER ETF-JAN,INNOVATOR ETFS TRUST-INNOVATOR PREM INCOM 20 BARRIER ETF-JAN,,experimental_research_universe,Specialty / Other,False,False,False,False
JANJ,,USA,US45783Y3760,379452137,INNOVATOR ETFS TRUST-INN PRE INC 30 BARRIER ETF-JANUARY,INNOVATOR ETFS TRUST-INN PRE INC 30 BARRIER ETF-JANUARY,,experimental_research_universe,Specialty / Other,False,False,False,False
APRH,,USA,US45783Y6243,378835715,INNOVATOR ETFS TRUST - INNO PREMIUM IN 20 BARRIER ETF- APRIL,INNOVATOR ETFS TRUST - INNO PREMIUM IN 20 BARRIER ETF- APRIL,,experimental_research_universe,Specialty / Other,False,False,False,False
APRJ,,USA,US45783Y6169,378853154,INNOVATOR ETFS TRUST-INNOVATOR PREM INC 30 BARRIER ETF- APRIL,INNOVATOR ETFS TRUST-INNOVATOR PREM INC 30 BARRIER ETF- APRIL,,experimental_research_universe,Specialty / Other,False,False,False,False
JULH,,USA,US45783Y5823,379056242,INNOVATOR ETFS TRUST-INNOVATOR PREMIUM INC 20 BAR ETF- JULY,INNOVATOR ETFS TRUST-INNOVATOR PREMIUM INC 20 BAR ETF- JULY,,experimental_research_universe,Specialty / Other,False,False,False,False
JULJ,,USA,US45783Y5666,379053395,INNOVATOR ETFS TRUST-INNOVATOR PREMIUM INC 30 BARR ETF- JULY,INNOVATOR ETFS TRUST-INNOVATOR PREMIUM INC 30 BARR ETF- JULY,,experimental_research_universe,Specialty / Other,False,False,False,False
OCTH,,USA,US45783Y5252,379260047,INNOVATOR ETFS TR-INNOVATOR PREMIUM INC 20 BARRIER ETF- OCT,INNOVATOR ETFS TR-INNOVATOR PREMIUM INC 20 BARRIER ETF- OCT,,experimental_research_universe,Specialty / Other,False,False,False,False
OCTJ,,USA,US45783Y4917,379260051,INNOVATOR ETFS TR-INNOVATOR PREMIUM INC 30 BARRIER ETF- OCT,INNOVATOR ETFS TR-INNOVATOR PREMIUM INC 30 BARRIER ETF- OCT,,experimental_research_universe,Specialty / Other,False,False,False,False
QTJA,,USA,US45783Y7985,377761897,IINOVATR ETF TRUST II-INNO LAD FD OF U.S. EQUITY PW BUFF ETF,IINOVATR ETF TRUST II-INNO LAD FD OF U.S. EQUITY PW BUFF ETF,,experimental_research_universe,Defined Outcome / Buffer / Structured,False,False,False,False
QTAP,,USA,US45783Y5096,377166927,INNOVATOR ETFS TRUST - INNOVATOR GROWTH ACCELERATED PLUS ETF,INNOVATOR ETFS TRUST - INNOVATOR GROWTH ACCELERATED PLUS ETF,,experimental_research_universe,Specialty / Other,False,False,False,False
QTJL,,USA,US45783Y8710,377370502,INNOVATOR ETFS TST-INNOVATOR GROWTH ACCELERATED PLUS ETF-JUL,INNOVATOR ETFS TST-INNOVATOR GROWTH ACCELERATED PLUS ETF-JUL,,experimental_research_universe,Specialty / Other,False,False,False,False
QTOC,,USA,US45782C1282,377581309,INNOVATOR ETFS TST-INNOVATOR GROWTH ACCELERATED PLUS ETF OCT,INNOVATOR ETFS TST-INNOVATOR GROWTH ACCELERATED PLUS ETF OCT,,experimental_research_universe,Specialty / Other,False,False,False,False
XBJA,,USA,US45783Y7803,377761520,INNOVATOR ETFS TRUST - INVTOR US EQT ACLTED 9 BFR ETF - JAN,INNOVATOR ETFS TRUST - INVTOR US EQT ACLTED 9 BFR ETF - JAN,,experimental_research_universe,Specialty / Other,False,False,False,False
XBAP,,USA,US45783Y3018,377155992,INNOVATOR ETFS TST-INNOVATOR U.S. EQ ACC 9 BUFFER ETF- APRIL,INNOVATOR ETFS TST-INNOVATOR U.S. EQ ACC 9 BUFFER ETF- APRIL,,experimental_research_universe,Defined Outcome / Buffer / Structured,False,False,False,False
XBJL,,USA,US45783Y8892,377353628,INNOVATOR ETFS TR - INNOV U.S. EQ ACCEL 9 BUFFER ETF - JULY,INNOVATOR ETFS TR - INNOV U.S. EQ ACCEL 9 BUFFER ETF - JULY,,experimental_research_universe,Defined Outcome / Buffer / Structured,False,False,False,False
XBOC,,USA,US45783Y8488,377562368,INNOVA ETFS TST - INNOVATOR US EQ ACCELERATED 9 BUF ETF- OCT,INNOVA ETFS TST - INNOVATOR US EQ ACCELERATED 9 BUF ETF- OCT,,experimental_research_universe,Defined Outcome / Buffer / Structured,False,False,False,False
XTJA,,USA,US45783Y7720,377761900,INNOVATOR ETFS TRUST - INNO U.S. EQ ACCELERAT PLUS ETF - JAN,INNOVATOR ETFS TRUST - INNO U.S. EQ ACCELERAT PLUS ETF - JAN,,experimental_research_universe,Specialty / Other,False,False,False,False
XTAP,,USA,US45783Y4008,377166926,INNO ETFS TR - INNO U.S. LGE-CAP DBL ACC RE 9 BU ETF - APR,INNO ETFS TR - INNO U.S. LGE-CAP DBL ACC RE 9 BU ETF - APR,,experimental_research_universe,Specialty / Other,False,False,False,False
XTJL,,USA,US45783Y8066,377370500,INNOV ETFS TST-INNOVATOR U.S. EQ ACCELERATED PLUS ETF - JULY,INNOV ETFS TST-INNOVATOR U.S. EQ ACCELERATED PLUS ETF - JULY,,experimental_research_universe,Specialty / Other,False,False,False,False
XTOC,,USA,US45783Y8306,377581310,INNOVATOR ETFS TRUST-INNOVATOR U.S. EQUITY ACC PLU ETF - OCT,INNOVATOR ETFS TRUST-INNOVATOR U.S. EQUITY ACC PLU ETF - OCT,,experimental_research_universe,Specialty / Other,False,False,False,False
XDSQ,,USA,US45783Y1038,377155995,INNOVATOR ETFS TR - INNOVATOR U.S. EQ ACC ETF - QUARTERLY,INNOVATOR ETFS TR - INNOVATOR U.S. EQ ACC ETF - QUARTERLY,,experimental_research_universe,Specialty / Other,False,False,False,False
XDQQ,,USA,US45783Y6086,377155996,INNOVATOR ETFS TR - INNOVATOR GROWTH-100 ACC ETF - QUARTERLY,INNOVATOR ETFS TR - INNOVATOR GROWTH-100 ACC ETF - QUARTERLY,,experimental_research_universe,Specialty / Other,False,False,False,False
SFLR,,USA,US45783Y6730,378505088,INNOVATOR ETFS TRUST - INNOVATOR EQUITY MANAGED FLOOR ETF,INNOVATOR ETFS TRUST - INNOVATOR EQUITY MANAGED FLOOR ETF,,experimental_research_universe,Specialty / Other,False,False,False,False
QFLR,,USA,US45783Y6813,379507311,IINOVATR ETF TRUST II-INNO LAD FD OF U.S. EQUITY PW BUFF ETF,IINOVATR ETF TRUST II-INNO LAD FD OF U.S. EQUITY PW BUFF ETF,,experimental_research_universe,Defined Outcome / Buffer / Structured,False,False,False,False
RFLR,,USA,US45784N5023,590139122,INNOVATOR US SMALL CAP MANAGED FLOOR ETF,INNOVATOR US SMALL CAP MANAGED FLOOR ETF,,experimental_research_universe,US Small Blend,False,False,False,False
IFLR,,USA,US45784N3879,600868943,INNOVATOR ETFS TR - INNOVATOR INTRNTL DEVELOPED MNG FLR ETF,INNOVATOR ETFS TR - INNOVATOR INTRNTL DEVELOPED MNG FLR ETF,,experimental_research_universe,Defined Outcome / Buffer / Structured,False,False,False,False
BFRZ,,USA,US45784N6195,600372163,INNOVATOR ETFS TRUST-INNOVATOR EQUITY MANAGED 100 BUFFER ETF,INNOVATOR ETFS TRUST-INNOVATOR EQUITY MANAGED 100 BUFFER ETF,,experimental_research_universe,Defined Outcome / Buffer / Structured,False,False,False,False
BUFB,,USA,US45783Y7563,377855408,INNOVATOR ETFS TR - INNOVATOR LADDERED ALLOCATION BUFFER ETF,INNOVATOR ETFS TR - INNOVATOR LADDERED ALLOCATION BUFFER ETF,,experimental_research_universe,Defined Outcome / Buffer / Structured,False,False,False,False
BUFF,,USA,US45783Y8140,377608468,IINOVATR ETF TRUST II-INNO LAD FD OF U.S. EQUITY PW BUFF ETF,IINOVATR ETF TRUST II-INNO LAD FD OF U.S. EQUITY PW BUFF ETF,,experimental_research_universe,Defined Outcome / Buffer / Structured,False,False,False,False
BSTP,,USA,US45783Y7316,377924004,INNOVATOR ETFS TRUST - INNOVATOR BUFFER STEP-UP STRATEGY ETF,INNOVATOR ETFS TRUST - INNOVATOR BUFFER STEP-UP STRATEGY ETF,,experimental_research_universe,Defined Outcome / Buffer / Structured,False,False,False,False
PSTP,,USA,US45783Y7233,377924210,INNOVATOR ETFS TRUST - INNOVATOR POWER BUF STEP-UP STRGY ETF,INNOVATOR ETFS TRUST - INNOVATOR POWER BUF STEP-UP STRGY ETF,,experimental_research_universe,Defined Outcome / Buffer / Structured,False,False,False,False
QHDG,,USA,US45783Y1525,590069091,IINOVATR ETF TRUST II-INNO LAD FD OF U.S. EQUITY PW BUFF ETF,IINOVATR ETF TRUST II-INNO LAD FD OF U.S. EQUITY PW BUFF ETF,,experimental_research_universe,Defined Outcome / Buffer / Structured,False,False,False,False
ACEI,,USA,US45784N5932,600713845,INNOVATOR ETFS TRUST - INNOVATOR EQUITY AUTO INC STR ETF,INNOVATOR ETFS TRUST - INNOVATOR EQUITY AUTO INC STR ETF,,experimental_research_universe,Specialty / Other,False,False,False,False
ACII,,USA,US45784N5858,600713848,INNOVATOR ETFS TRT-INNOVATOR INDEX AUTOCALLABLE INC STGY ETF,INNOVATOR ETFS TRT-INNOVATOR INDEX AUTOCALLABLE INC STGY ETF,,experimental_research_universe,Specialty / Other,False,False,False,False
SPUT,,USA,US45784N4034,600224222,INNOVATOR ETFS TRUST -IEPI - DAILY PUTWRITE ETF,INNOVATOR ETFS TRUST -IEPI - DAILY PUTWRITE ETF,,experimental_research_universe,Specialty / Other,False,False,False,False
EPRF,,USA,US45783Y8223,372637909,INNOVATOR ETFS TRUST II-INNOVATOR S&P INVT GRADE PREFRED ETF,INNOVATOR ETFS TRUST II-INNOVATOR S&P INVT GRADE PREFRED ETF,,experimental_research_universe,Defined Outcome / Buffer / Structured,False,False,False,False
TFJL,,USA,US45782C2439,376509461,INNOVATOR ETFS TRUST-INVTR 20+ YR TRSRY BND 5 FLOR ETF JULY,INNOVATOR ETFS TRUST-INVTR 20+ YR TRSRY BND 5 FLOR ETF JULY,,experimental_research_universe,Specialty / Other,False,False,False,False
TBJL,,USA,US45782C2355,376510246,INNOVATOR 20+ YEAR TREASURY BOND 9 BUFFER ETF - JULY,INNOVATOR 20+ YEAR TREASURY BOND 9 BUFFER ETF - JULY,,experimental_research_universe,Defined Outcome / Buffer / Structured,False,False,False,False
XUSP,,USA,US45783Y6995,378273025,INNOVATOR ETFS TRST-INNOVATOR UNCAPPED ACCELERATED US E ETF,INNOVATOR ETFS TRST-INNOVATOR UNCAPPED ACCELERATED US E ETF,,experimental_research_universe,Specialty / Other,False,False,False,False
QBF,,USA,US45784N6922,600131679,INNOVATOR ETFS TRUST-INNOVATOR UNCAPPED BITCOIN 20 FL ETF-QU,INNOVATOR ETFS TRUST-INNOVATOR UNCAPPED BITCOIN 20 FL ETF-QU,,experimental_research_universe,Crypto / Digital Assets,False,False,False,False
LOUP,,USA,US45782C8626,372959339,INNOVATOR ETFS TRUST - INNOVATOR DEEPWATER FRONTIER TECH ETF,INNOVATOR ETFS TRUST - INNOVATOR DEEPWATER FRONTIER TECH ETF,,experimental_research_universe,Specialty / Other,False,False,False,True
IGTR,,USA,US45783Y6656,378515112,INNOR ETFS TRUST - INNOR GRNT TAAL RON STRGY ETF,INNOR ETFS TRUST - INNOR GRNT TAAL RON STRGY ETF,,experimental_research_universe,Specialty / Other,False,False,False,False
XBFR,,USA,US45784N2962,601099622,INNOVATOR ETFS TRUST - INNO EQUITY MANAGED 10 BUFFER ETF,INNOVATOR ETFS TRUST - INNO EQUITY MANAGED 10 BUFFER ETF,,experimental_research_universe,Defined Outcome / Buffer / Structured,False,False,False,False
NBFR,,USA,US45784N2707,601099620,INNOVATOR ETFS TRUST-INNOVATOR NASDAQ-100 MANA 10 BUFFER ETF,INNOVATOR ETFS TRUST-INNOVATOR NASDAQ-100 MANA 10 BUFFER ETF,,experimental_research_universe,Defined Outcome / Buffer / Structured,False,False,False,False
KBFR,,USA,US45784N2624,601099619,INNOVATOR ETFS TRUST - IN U.S. SM CAP MAN 10 BUFFER ETF,INNOVATOR ETFS TRUST - IN U.S. SM CAP MAN 10 BUFFER ETF,,experimental_research_universe,Defined Outcome / Buffer / Structured,False,False,False,False
IBFR,,USA,US45784N2889,601099621,INNOVATOR ETFS TRUST - INNOVATOR INTERNATIONAL DEVELOPED MAN,INNOVATOR ETFS TRUST - INNOVATOR INTERNATIONAL DEVELOPED MAN,,experimental_research_universe,Defined Outcome / Buffer / Structured,False,False,False,False
DDFM,,USA,US45784N3796,601095387,INNOVATOR ETFS TRUST - INN EQT DUAL DIR 15 BUFF ETF - MARCH,INNOVATOR ETFS TRUST - INN EQT DUAL DIR 15 BUFF ETF - MARCH,,experimental_research_universe,Defined Outcome / Buffer / Structured,False,False,False,False
DDTM,,USA,US45784N3614,601095386,INNOVATOR ETFS TRUST - INNOVATOR EQT DL DIR 10 BUFF ETF- MAR,INNOVATOR ETFS TRUST - INNOVATOR EQT DL DIR 10 BUFF ETF- MAR,,experimental_research_universe,Defined Outcome / Buffer / Structured,False,False,False,False
0KOKLN,Yes,USA,US74349Y7537,590268058,PROSHARES TRUST-PROSHARES SHORT S&P500 ETF,PROSHARES TRUST-PROSHARES SHORT S&P500 ETF,,experimental_research_universe,Leveraged / Inverse,False,False,False,False
ACWI,,USA,US4642882579,370101615,ISHARES TRUST - ISHARES MSCI ACWI ETF,ISHARES TRUST - ISHARES MSCI ACWI ETF,,experimental_research_universe,Global Equity (incl US),False,False,False,True
ACWX,,USA,US4642882405,370101609,ISHARES TRUST - ISHARES MSCI ACWI EX U.S. ETF,ISHARES TRUST - ISHARES MSCI ACWI EX U.S. ETF,,experimental_research_universe,International Developed Equity,False,False,False,True
AGG,,USA,US4642872265,355739258,ISHARES TRUST-ISHARES CORE U.S. AGGREGATE BOND ETF GLOBAL X FUNDS - GLOBAL X ARTIFICIAL INTELLIGENCE & AIQ USA US37954Y6326 374640706 TECH ETF ISHARES TRUST - ISHARES CORE AGGRESSIVE ALLOCATION AOA USA US4642898591 370160766 ETF,ISHARES TRUST-ISHARES CORE U.S. AGGREGATE BOND ETF GLOBAL X FUNDS - GLOBAL X ARTIFICIAL INTELLIGENCE &,,experimental_research_universe,Core / Aggregate Bonds,False,False,False,False
ARKB,,USA,US0409191022,379479101,ARK 21SHARES BITCOIN ETF DBX ETF TRUST - XTRACKERS HARVEST CSI 300 CHINA A- ASHR USA US2330518794 371924696 SHARES ETF,ARK 21SHARES BITCOIN ETF DBX ETF TRUST - XTRACKERS HARVEST CSI 300 CHINA A-,,experimental_research_universe,Crypto / Digital Assets,False,False,False,False
ASHS,,USA,US2330517549,372273212,DBX ETF TRUST,DBX ETF TRUST,,experimental_research_universe,Specialty / Other,False,False,False,True
BBC,,USA,US26923G3011,372641015,ETFIS SERIES TRUST I - VTS LFSCI BIOTCH CLNCL TRLS ETF J.P. MORGAN EXCHANGE-TRADED FUND TRUST - JPM BB BBCA USA US46641Q2259 372879077 CANADA ETF J.P. MORGAN EXCHANGE-TRADED FD TR - JPM BBEU USA US46641Q1913 372879076 BETABUILDERS EUR ETF J.P. MORGAN EXCHANGE-TRADED FD TR-JPMORGAN BBJP USA US46641Q2176 377190214 BETABUILD JAP ETF,ETFIS SERIES TRUST I - VTS LFSCI BIOTCH CLNCL TRLS ETF J.P. MORGAN EXCHANGE-TRADED FUND TRUST - JPM BB,,experimental_research_universe,Specialty / Other,False,False,False,True
BIL,,USA,US78468R6633,374471367,STATE STREET SPDR BLOOMBERG 1-3 MONTH T-BILL ETF,STATE STREET SPDR BLOOMBERG 1-3 MONTH T-BILL ETF,,experimental_research_universe,US Treasuries / Govt / Cash-like,True,False,False,False
BINV,,USA,US9009342091,379273350,THE 2023 ETF SERIES TRUST - BRANDES INTERNATIONAL ETF,THE 2023 ETF SERIES TRUST - BRANDES INTERNATIONAL ETF,,experimental_research_universe,Specialty / Other,False,False,False,True
BITB,,USA,US09174C1045,379479370,BITWISE BITCOIN ETF,BITWISE BITCOIN ETF,,experimental_research_universe,Crypto / Digital Assets,False,False,False,False
BLDG,,USA,US1320618135,376618433,CAMBRIA GLOBAL REAL ESTATE ETF VANGUARD BOND INDEX FUNDS-VANGUARD LONG-TERM BLV USA US9219377937 356983521 BOND INDEX FUND,CAMBRIA GLOBAL REAL ESTATE ETF VANGUARD BOND INDEX FUNDS-VANGUARD LONG-TERM,,experimental_research_universe,REITs / Real Estate,False,False,False,True
BND,,USA,US9219378356,356983524,VANGUARD TOTAL BOND MARKET INDEX VANGUARD CHARLOTTE FUNDS - VANGUARD TOTAL BNDX USA US92203J4076 371703718 INTERNATIONAL BOND,VANGUARD TOTAL BOND MARKET INDEX VANGUARD CHARLOTTE FUNDS - VANGUARD TOTAL,,experimental_research_universe,Core / Aggregate Bonds,False,False,False,False
BNO,,USA,US91167Q1004,370058866,"UNITED STATES BRENT OIL FUND, LP PIMCO ETF TRUST - PIMCO ACTIVE BOND EXCHANGE- BOND USA US72201R7750 370623687 TRADED FUND","UNITED STATES BRENT OIL FUND, LP PIMCO ETF TRUST - PIMCO ACTIVE BOND EXCHANGE-",,experimental_research_universe,Specialty / Other,False,False,False,False
BRRR,,USA,US91916J1007,379473217,VALKYRIE BITCOIN FUND THE 2023 ETF SERIES TRUST - BRAN U.S. SMAL-MI CA VALUE BSMC USA US9009341002 379273352 ETF,VALKYRIE BITCOIN FUND THE 2023 ETF SERIES TRUST - BRAN U.S. SMAL-MI CA VALUE,,experimental_research_universe,Crypto / Digital Assets,False,False,False,False
BSV,,USA,US9219378273,356983518,VANGUARD SHORT-TERM BOND INDEX,VANGUARD SHORT-TERM BOND INDEX,,experimental_research_universe,Other Fixed Income,False,True,False,False
BTC,,USA,US3899302075,590289671,GRAYSCALE BITCOIN MINI TRUST (BTC),GRAYSCALE BITCOIN MINI TRUST (BTC),,experimental_research_universe,Crypto / Digital Assets,False,False,False,False
BTCO,,USA,US46091J1016,379476788,INVESCO GALAXY BITCOIN ETF,INVESCO GALAXY BITCOIN ETF,,experimental_research_universe,Crypto / Digital Assets,False,False,False,False
BTCW,,USA,US97720F1012,379479102,WISDOMTREE BITCOIN FUND,WISDOMTREE BITCOIN FUND,,experimental_research_universe,Crypto / Digital Assets,False,False,False,False
BUSA,,USA,US9009343081,379273351,THE 2023 ETF SERIES TRUST - BRANDES U.S. VALUE ETF,THE 2023 ETF SERIES TRUST - BRANDES U.S. VALUE ETF,,experimental_research_universe,US Large Value,False,False,False,True
CANE,,USA,US88166A4094,370073609,TEUCRIUM COMMODITY TRUST - TEUCRIUM SUGAR FUND,TEUCRIUM COMMODITY TRUST - TEUCRIUM SUGAR FUND,,experimental_research_universe,Commodities / Metals,False,False,False,False
CORN,,USA,US88166A1025,370429389,TEUCRIUM COMMODITY TRUST-TEUCRIUM CORN FUND UNITED STATES COMMODITY INDEX FUNDS TRUST-US CPER USA US9117181043 370252533 COPPER IN FUND FIRST TR EX-TR FD VIII - FT CBOE VE U.S. EQ DE BUF ETF - DAPR USA US33740U8027 377201884 APR INVESCO DB MULTI-SECTOR COMMODITY TRUST - INVESCO DBA USA US46140H1068 374677160 DB AGRI FD DBX ETF TRUST - XTRACKERS MSCI EAFE HEDGED EQUITY DBEF USA US2330512003 370052164 ETF DBX ETF TRUST-DEUTSCHE X-TRACKERS MSCI EUR HEDGED DBEU USA US2330518539 371864249 EQUITY ETF DBX ETF TRUST - XTRACKERS MSCI JAPAN HEDGED EQUITY DBJP USA US2330515071 370052167 ETF INVESCO DB MULTI-SECTOR COMMODITY TR-INVESCO DB OIL DBO USA US46140H4039 374677346 FUND,TEUCRIUM COMMODITY TRUST-TEUCRIUM CORN FUND UNITED STATES COMMODITY INDEX FUNDS TRUST-US,,experimental_research_universe,Commodities / Metals,False,False,False,False
DEFI,,USA,US88634V1008,379461191,HASHDEX BITCOIN FUTURES ETF WISDOMTREE TRUST-WISDOMTREE EMERGING MARKETS DEM USA US97717W3152 357203604 HIGH DIV FD DIMENSIONAL ETF TRUST-DIMENSIONAL U.S. TARGETED DFAT USA US25434V6092 372307838 VALUE ETF DIMENSIONAL ETF TRUST-DIMENSIONAL WRLD EX U.S. CR DFAX USA US25434V8809 377523738 EQT 2 ETF DIMENSIONAL ETF TRUST - DIMENSIONAL INTERNATIONAL DFIV USA US25434V8072 377523336 VALUE ETF,HASHDEX BITCOIN FUTURES ETF WISDOMTREE TRUST-WISDOMTREE EMERGING MARKETS,,experimental_research_universe,Crypto / Digital Assets,False,False,False,False
DFSI,,USA,US25434V6902,378486434,DIMENSIONAL INTERNATIONAL SUSTAINABILITY CORE 1 ETF,DIMENSIONAL INTERNATIONAL SUSTAINABILITY CORE 1 ETF,,experimental_research_universe,Specialty / Other,False,False,False,True
DFUS,,USA,US25434V4014,372307840,DIMENSIONAL ETF TRUST-DIMENSIONAL U.S. EQUITY ETF DIMENSIONAL ETF TRUST - DIMENSIONAL US MARKETWIDE DFUV USA US25434V7249 378073458 VALUE ETF,DIMENSIONAL ETF TRUST-DIMENSIONAL U.S. EQUITY ETF DIMENSIONAL ETF TRUST - DIMENSIONAL US MARKETWIDE,,experimental_research_universe,Specialty / Other,False,False,False,True
DGRO,,USA,US46434V6213,372312954,ISHARES TRUST - ISHARES CORE DIVIDEND GROWTH ETF,ISHARES TRUST - ISHARES CORE DIVIDEND GROWTH ETF,,experimental_research_universe,Specialty / Other,False,False,False,True
DVY,,USA,US4642871689,355787425,ISHARES TRUST - ISHARES SELECT DIVIDEND ETF WISDOMTREE TRUST - WISDOMTREE INTERNATIONAL DWM USA US97717W7039 356571916 EQUITY FUND SPDR INDEX SHARES FUNDS-SPDR S&P INTERNATIONAL DWX USA US78463X7729 370030850 DIVIDEND ETF,ISHARES TRUST - ISHARES SELECT DIVIDEND ETF WISDOMTREE TRUST - WISDOMTREE INTERNATIONAL,,experimental_research_universe,Specialty / Other,False,False,False,True
DXJ,,USA,US97717W8516,356575480,WISDOMTREE JAPAN HEDGED EQUITY DBX ETF TRUST - XTRACKERS MSCI EAFE ESG LEADERS EASG USA US2330512185 374836760 EQUITY ETF,WISDOMTREE JAPAN HEDGED EQUITY DBX ETF TRUST - XTRACKERS MSCI EAFE ESG LEADERS,,experimental_research_universe,International Developed Equity,False,False,False,True
EEM,,USA,US4642872349,355616453,"ISHARES, INC. - ISHARES MSCI EMERGING MARKETS ETF ISHARES INC-ISHARES MSCI EMERGING MARKETS MIN VOL EEMV USA US4642865335 370092906 FACTOR ETF","ISHARES, INC. - ISHARES MSCI EMERGING MARKETS ETF ISHARES INC-ISHARES MSCI EMERGING MARKETS MIN VOL",,experimental_research_universe,International EM Equity,False,False,False,True
EFA,,USA,US4642874659,355248336,ISHARES TRUST - ISHARES MSCI EAFE ETF,ISHARES TRUST - ISHARES MSCI EAFE ETF,,experimental_research_universe,International Developed Equity,False,False,False,True
EFAV,,USA,US46429B6891,370092908,ISHARES TRUST - ISHARES MSCI EAFE MIN VOL FACTOR ETF,ISHARES TRUST - ISHARES MSCI EAFE MIN VOL FACTOR ETF,,experimental_research_universe,International Developed Equity,False,False,False,True
EFV,,USA,US4642888774,356276439,ISHARES TRUST - ISHARES MSCI EAFE VALUE ETF ISHARES TRUST - ISHARES J.P. MORGAN USD EMERGING EMB USA US4642882819 370088910 MARK BD ETF,ISHARES TRUST - ISHARES MSCI EAFE VALUE ETF ISHARES TRUST - ISHARES J.P. MORGAN USD EMERGING,,experimental_research_universe,International Developed Equity,False,False,False,True
EMLC,,USA,US92189H3003,374922371,VANECK J.P MORGAN EM LOCAL CURRENCY BOND ET,VANECK J.P MORGAN EM LOCAL CURRENCY BOND ET,,experimental_research_universe,EM Debt,False,False,False,False
ESGD,,USA,US46435G5163,373810295,ISHARES TRUST - ISHARES ESG AWARE MSCI EAFE ETF,ISHARES TRUST - ISHARES ESG AWARE MSCI EAFE ETF,,experimental_research_universe,International Developed Equity,False,False,False,True
ESGU,,USA,US46435G4257,374070758,ISHARES TRUST - ISHARES ESG MSCI USA ETF ISHARES TRUST - ISHARES ESG AWARE MSCI USA SMALL- ESML USA US46435U6635 374600136 CAP ETF,ISHARES TRUST - ISHARES ESG MSCI USA ETF ISHARES TRUST - ISHARES ESG AWARE MSCI USA SMALL-,,experimental_research_universe,Specialty / Other,False,False,False,True
ETH,,USA,US38964R2031,590296863,GRAYSCALE ETHEREUM MINI TRUST (ETH),GRAYSCALE ETHEREUM MINI TRUST (ETH),,experimental_research_universe,Crypto / Digital Assets,False,False,False,False
ETHA,,USA,US46438R1059,379928280,ISHARES ETHEREUM TRUST ETF,ISHARES ETHEREUM TRUST ETF,,experimental_research_universe,Crypto / Digital Assets,False,False,False,False
ETHE,,USA,US3896381072,375349971,GRAYSCALE ETHEREUM TRUST (ETH),GRAYSCALE ETHEREUM TRUST (ETH),,experimental_research_universe,Crypto / Digital Assets,False,False,False,False
ETHV,,USA,US92189L1035,379928275,VANECK ETHEREUM ETF,VANECK ETHEREUM ETF,,experimental_research_universe,Crypto / Digital Assets,False,False,False,False
ETHW,,USA,US0919551046,379928282,BITWISE ETHEREUM ETF,BITWISE ETHEREUM ETF,,experimental_research_universe,Crypto / Digital Assets,False,False,False,False
EWC,,USA,US4642865095,1003915526,ISHARES MSCI CANADA ETF,ISHARES MSCI CANADA ETF,,experimental_research_universe,Specialty / Other,False,False,False,True
EWJ,,USA,US46434G8226,374049019,"ISHARES, INC. - ISHARES MSCI JAPAN ETF FRANKLIN TEMPLETON DIGITAL HOLDINGS TR-FRANKLIN EZBC USA US3549211080 379466617 BITCOIN ETF","ISHARES, INC. - ISHARES MSCI JAPAN ETF FRANKLIN TEMPLETON DIGITAL HOLDINGS TR-FRANKLIN",,experimental_research_universe,International Developed Equity,False,False,False,True
EZET,,USA,US35351J1097,379928276,FRANKLIN ETHEREUM TRUST,FRANKLIN ETHEREUM TRUST,,experimental_research_universe,Crypto / Digital Assets,False,False,False,False
EZU,,USA,US4642866085,1003920706,"ISHARES, INC. - ISHARES MSCI EUROZONE ETF","ISHARES, INC. - ISHARES MSCI EUROZONE ETF",,experimental_research_universe,Specialty / Other,False,False,False,True
FBTC,,USA,US3159481098,379479099,FIDELITY WISE ORIGIN BITCOIN FUND FIDELITY COVINGTON TRUST-FIDELITY ENHANCED FENI USA US31609A4040 373713214 INTERNATIONAL ETF,FIDELITY WISE ORIGIN BITCOIN FUND FIDELITY COVINGTON TRUST-FIDELITY ENHANCED,,experimental_research_universe,Crypto / Digital Assets,False,False,False,False
FETH,,USA,US31613E1038,379928277,FIDELITY ETHEREUM FUND,FIDELITY ETHEREUM FUND,,experimental_research_universe,Crypto / Digital Assets,False,False,False,False
FEZ,,USA,US78463X2027,357405900,SPDR INDEX SHARES FUNDS - SPDR EURO STOXX 50 ETF FIRST TRUST EXCHANGE-TRADED FUND-FIRST TRUST FIW USA US33733B1008 357088142 WATER ETF FRANKLIN TEMPLETON ETF TRUST - FRANKLIN FTSE INDIA FLIN USA US35473P7693 374536842 ETF SCHWAB STRATEGIC TRUST-SCHWB FDMNTL EMNG MRKTS FNDE USA US8085247307 371798832 EQT ETF SCHWAB STRATEGIC TRUST-SCHWB FDMNTL INTL EQUITY FNDF USA US8085247554 371798835 ETF,SPDR INDEX SHARES FUNDS - SPDR EURO STOXX 50 ETF FIRST TRUST EXCHANGE-TRADED FUND-FIRST TRUST,,experimental_research_universe,Specialty / Other,False,False,False,True
FTSL,,USA,US33738D3098,371650809,FIRST TRUST SENIOR LOAN ETF CAMBRIA ETF TRUST-CAMBRIA GLOBAL ASSET ALLOCATION GAA USA US1320616071 372625429 ETF,FIRST TRUST SENIOR LOAN ETF CAMBRIA ETF TRUST-CAMBRIA GLOBAL ASSET ALLOCATION,,experimental_research_universe,Multi-Asset / Allocation,False,False,True,False
GBTC,,USA,US3896371099,375099514,GRAYSCALE BITCOIN TRUST (BTC),GRAYSCALE BITCOIN TRUST (BTC),,experimental_research_universe,Crypto / Digital Assets,False,False,False,False
GLD,,USA,US78463V1070,370113143,SPDR GOLD TRUST VANECK VECTORS ETF TRUST-VANECK VECTORS INDIA GLIN USA US92189F7675 373687553 GROWTH LEA ETF,SPDR GOLD TRUST VANECK VECTORS ETF TRUST-VANECK VECTORS INDIA,,experimental_research_universe,Commodities / Metals,False,False,False,False
GOVT,,USA,US46429B2676,370862391,ISHARES TRUST - ISHARES U.S. TREASURY BOND ETF,ISHARES TRUST - ISHARES U.S. TREASURY BOND ETF,,experimental_research_universe,US Treasuries / Govt / Cash-like,False,False,False,False
GSG,,USA,US46428R1077,356505785,ISHARES S&P GSCI COMMODITY-INDEXED TRUST WISDOMTREE TRUST - WISDOMTREE EUROPE HEDGED HEDJ USA US97717X7012 370160686 EQUITY FUND,ISHARES S&P GSCI COMMODITY-INDEXED TRUST WISDOMTREE TRUST - WISDOMTREE EUROPE HEDGED,,experimental_research_universe,Commodities / Metals,False,False,False,False
HEFA,,USA,US46434V8037,372118150,ISHARES CURRENCY HEDGED MSCI EAFE ETF ISHARES TRUST - ISHARES CURRENCY HEDGED MSCI JAPAN HEWJ USA US46434V8862 372118151 ETF ISHARES TRUST-ISHARES CURRENCY HEDGED MSCI EMU HEZU USA US46434V6395 372351617 ETF,ISHARES CURRENCY HEDGED MSCI EAFE ETF ISHARES TRUST - ISHARES CURRENCY HEDGED MSCI JAPAN,,experimental_research_universe,International Developed Equity,False,False,False,True
HODL,,USA,US92189K1051,379479100,VANECK BITCOIN TRUST,VANECK BITCOIN TRUST,,experimental_research_universe,Crypto / Digital Assets,False,False,False,False
HYD,,USA,US92189H4092,374925223,VANECK HIGH YIELD MUNI ETF ISHARES TRUST - ISHARES IBOXX $ HIGH YIELD CORPORATE HYG USA US4642885135 357007799 BOND ET STATE STREET SPDR NUVEEN ICE HIGH YIELD MUNICIPAL HYMB USA US78464A2841 370542802 BOND ETF PIMCO ETF TRUST - PIMCO 0-5 YEAR HG YD CORP BD IDX EX- HYS USA US72201R7834 370054793 TRD FD,VANECK HIGH YIELD MUNI ETF ISHARES TRUST - ISHARES IBOXX $ HIGH YIELD CORPORATE,,experimental_research_universe,Municipal Bonds,False,False,False,False
IAU,,USA,US4642851053,377280900,ISHARES GOLD TRUST,ISHARES GOLD TRUST,,experimental_research_universe,Commodities / Metals,False,False,False,False
IAUM,,USA,US46436F1030,377360152,ISHARES GOLD TRUST MICRO,ISHARES GOLD TRUST MICRO,,experimental_research_universe,Commodities / Metals,False,False,False,False
IBIT,,USA,US46438F1012,379466615,ISHARES BITCOIN TRUST ISHARES TRUST - ISHARES CORE MSCI INTERNATIONAL DEV IDEV USA US46435G3267 374186492 MKT ETF ISHARES TRUST - ISHARES INTERNATIONAL SELECT IDV USA US4642884484 357203879 DIVIDEND ETF,ISHARES BITCOIN TRUST ISHARES TRUST - ISHARES CORE MSCI INTERNATIONAL DEV,,experimental_research_universe,Crypto / Digital Assets,False,False,False,False
IEF,,USA,US4642874402,355429665,ISHARES TRUST - ISHARES 7-10 YEAR TREASURY BOND ETF,ISHARES TRUST - ISHARES 7-10 YEAR TREASURY BOND ETF,,experimental_research_universe,US Treasuries / Govt / Cash-like,False,False,False,False
IEFA,,USA,US46432F8427,371359053,ISHARES TRUST - ISHARES CORE MSCI EAFE ETF,ISHARES TRUST - ISHARES CORE MSCI EAFE ETF,,experimental_research_universe,International Developed Equity,False,False,False,True
IEI,,USA,US4642886612,356730613,"ISHARES 3-7 YEAR TREASURY BOND ETF ISHARES, INC. - ISHARES CORE MSCI EMERGING MARKETS IEMG USA US46434G1031 370828147 ETF","ISHARES 3-7 YEAR TREASURY BOND ETF ISHARES, INC. - ISHARES CORE MSCI EMERGING MARKETS",,experimental_research_universe,US Treasuries / Govt / Cash-like,False,False,False,False
IEUR,,USA,US46434V7385,372312956,ISHARES CORE MSCI EUROPE,ISHARES CORE MSCI EUROPE,,experimental_research_universe,International Developed Equity,False,False,False,True
IEV,,USA,US4642878619,1003920670,ISHARES TRUST-ISHARES EUROPE ETF CMN ISHARES TRUST ISHARES 5-10 YEAR INVESTMENT IGIB USA US4642886380 356730713 GRADE CORPORATE BOND ETF WISDOMTREE TRUST-WISDOMTREE INT HEDGED QUALITY IHDG USA US97717X5941 372253817 DIV GROWTH FD,ISHARES TRUST-ISHARES EUROPE ETF CMN ISHARES TRUST ISHARES 5-10 YEAR INVESTMENT,,experimental_research_universe,International Developed Equity,False,False,False,True
IJH,,USA,US4642875078,1003917113,ISHARES TRUST - ISHARES CORE S&P MID-CAP ETF,ISHARES TRUST - ISHARES CORE S&P MID-CAP ETF,,experimental_research_universe,US Mid Blend,False,False,False,True
IJJ,,USA,US4642877058,1003920692,ISHARES TRUST - ISHARES S&P MID-CAP 400 VALUE ETF,ISHARES TRUST - ISHARES S&P MID-CAP 400 VALUE ETF,,experimental_research_universe,US Mid Value,False,False,False,True
IJK,,USA,US4642876068,1003920694,ISHARES S&P MIDCAP 400 GROWTH INDEX,ISHARES S&P MIDCAP 400 GROWTH INDEX,,experimental_research_universe,US Mid Growth,False,False,False,True
IJR,,USA,US4642878049,1003917112,ISHARES TRUST - ISHARES CORE S&P SMALL-CAP ETF,ISHARES TRUST - ISHARES CORE S&P SMALL-CAP ETF,,experimental_research_universe,US Small Blend,False,False,False,True
IJS,,USA,US4642878791,1003920689,ISHARES S&P SMALLCAP 600 VALUE INDEX,ISHARES S&P SMALLCAP 600 VALUE INDEX,,experimental_research_universe,US Small Value,False,False,False,True
IJT,,USA,US4642878874,1003920691,ISHARES TRUST - ISHARES S&P SMALL-CAP 600 GROWTH ETF,ISHARES TRUST - ISHARES S&P SMALL-CAP 600 GROWTH ETF,,experimental_research_universe,US Small Growth,False,False,False,True
ILTB,,USA,US4642894798,370362903,ISHARES TRUST - ISHARES CORE 10+ YEAR USD BOND ETF ISHARES TRUST - ISHARES MORNINGSTAR MID-CAP GROWTH IMCG USA US4642883072 355951974 ETF,ISHARES TRUST - ISHARES CORE 10+ YEAR USD BOND ETF ISHARES TRUST - ISHARES MORNINGSTAR MID-CAP GROWTH,,experimental_research_universe,Other Fixed Income,False,False,False,False
INDA,,USA,US46429B5984,370838313,ISHARES MSCI INDIA ETF,ISHARES MSCI INDIA ETF,,experimental_research_universe,Specialty / Other,False,False,False,True
IQLT,,USA,US46434V4564,372683160,ISHARES TRUST - ISHARES MSCI INTL QUALITY FACTOR ETF,ISHARES TRUST - ISHARES MSCI INTL QUALITY FACTOR ETF,,experimental_research_universe,International Developed Equity,False,False,False,True
ISTB,,USA,US46432F8591,370827244,ISHARES TRUST - ISHARES CORE 1-5 YEAR USD BOND ETF ISHARES TRUST - ISHARES CORE S&P TOTAL U.S. STOCK ITOT USA US4642871507 355837015 MARKET ETF ISHARES TRUST - ISHARES CORE TOTAL USD BOND MARKET IUSB USA US46434V6130 372312952 ETF,ISHARES TRUST - ISHARES CORE 1-5 YEAR USD BOND ETF ISHARES TRUST - ISHARES CORE S&P TOTAL U.S. STOCK,,experimental_research_universe,Specialty / Other,False,False,False,False
IUSV,,USA,US4642876639,1003920695,ISHARES TRUST - ISHARES CORE S&P U.S. VALUE ETF,ISHARES TRUST - ISHARES CORE S&P U.S. VALUE ETF,,experimental_research_universe,US Large Value,False,False,False,True
IVE,,USA,US4642874089,1003917114,ISHARES TRUST - ISHARES S&P 500 VALUE ETF KRANE SHARES TRUST-QUADRATIC INTRT RATE VOLTY N IVOL USA US5007677363 375330652 IFTN HDG ETF VANGUARD ADMIRAL FUNDS - VANGUARD S&P MID-CAP 400 IVOO USA US9219328856 370458721 INDEX FUND,ISHARES TRUST - ISHARES S&P 500 VALUE ETF KRANE SHARES TRUST-QUADRATIC INTRT RATE VOLTY N,,experimental_research_universe,US Large Value,False,False,False,True
IVV,,USA,US4642872000,355061431,ISHARES CORE S&P 500,ISHARES CORE S&P 500,,experimental_research_universe,US Large / Broad Blend,False,False,False,True
IWB,,USA,US4642876225,355061430,ISHARES TRUST - ISHARES RUSSELL 1000 ETF,ISHARES TRUST - ISHARES RUSSELL 1000 ETF,,experimental_research_universe,US Large / Broad Blend,False,False,False,True
IWC,,USA,US4642888691,356282004,ISHARES MICRO-CAP ETF,ISHARES MICRO-CAP ETF,,experimental_research_universe,Specialty / Other,False,False,False,True
IWD,,USA,US4642875987,1003920322,ISHARES TRUST-ISHARES RUSSELL 1000 VALUE ETF,ISHARES TRUST-ISHARES RUSSELL 1000 VALUE ETF,,experimental_research_universe,US Large Value,False,False,False,True
IWM,,USA,US4642876555,1003920320,ISHARES TRUST-ISHARES RUSSELL 2000 ETF,ISHARES TRUST-ISHARES RUSSELL 2000 ETF,,experimental_research_universe,US Small Blend,False,False,False,True
IWN,,USA,US4642876308,1003920697,ISHARES TRUST - ISHARES RUSSELL 2000 VALUE ETF,ISHARES TRUST - ISHARES RUSSELL 2000 VALUE ETF,,experimental_research_universe,US Small Value,False,False,False,True
IWO,,USA,US4642876480,1003920699,ISHARES RUSSELL 2000 GROWTH INDEX,ISHARES RUSSELL 2000 GROWTH INDEX,,experimental_research_universe,US Small Growth,False,False,False,True
IWP,,USA,US4642874816,355236766,ISHARES TRUST - ISHARES RUSSELL MID-CAP GROWTH ETF,ISHARES TRUST - ISHARES RUSSELL MID-CAP GROWTH ETF,,experimental_research_universe,US Mid Growth,False,False,False,True
IWR,,USA,US4642874998,355236767,ISHARES TRUST - ISHARES RUSSELL MID-CAP ETF,ISHARES TRUST - ISHARES RUSSELL MID-CAP ETF,,experimental_research_universe,US Mid Blend,False,False,False,True
IWS,,USA,US4642874733,355236763,ISHARES TRUST - ISHARES RUSSELL MID-CAP VALUE ETF,ISHARES TRUST - ISHARES RUSSELL MID-CAP VALUE ETF,,experimental_research_universe,US Mid Value,False,False,False,True
IWV,,USA,US4642876894,1003917116,ISHARES TRUST - ISHARES RUSSELL 3000 ETF ISHARES TRUST-ISHARES CORE MSCI TOTAL INTL STOCK IXUS USA US46432F8344 371359052 ETF/IXUS,ISHARES TRUST - ISHARES RUSSELL 3000 ETF ISHARES TRUST-ISHARES CORE MSCI TOTAL INTL STOCK,,experimental_research_universe,International Developed Equity,False,False,False,True
IYY,,USA,US4642878460,1003920672,ISHARES TRUST - ISHARES DOW JONES U.S. ETF JANUS DETROIT STREET TRUST - JANUS HENDERSON AAA JAAA USA US47103U8457 376694930 CLO ETF JANUS DETROIT STREET TRUST - JANUS HENDERSON B-BBB JBBB USA US47103U7533 377783833 CLO ETF,ISHARES TRUST - ISHARES DOW JONES U.S. ETF JANUS DETROIT STREET TRUST - JANUS HENDERSON AAA,,experimental_research_universe,Specialty / Other,False,False,False,True
JEPI,,USA,US46641Q3323,376238053,JPMORGAN EQUITY PREMIUM INCOME ETF J.P. MORGAN EX-TRD FD TST - JPMORGAN NASDAQ EQU PRE JEPQ USA US46654Q2030 378067989 INC ETF,JPMORGAN EQUITY PREMIUM INCOME ETF J.P. MORGAN EX-TRD FD TST - JPMORGAN NASDAQ EQU PRE,,experimental_research_universe,Defined Outcome / Buffer / Structured,False,False,False,False
JNK,,USA,US78468R6229,375318449,SPDR BLOOMBERG HIGH YIELD BOND ETF J.P. MORGAN EXCHANGE-TRADED FUND TRUST-JPM ULT- JPST USA US46641Q8371 374242835 SHORT INC ETF,SPDR BLOOMBERG HIGH YIELD BOND ETF J.P. MORGAN EXCHANGE-TRADED FUND TRUST-JPM ULT-,,experimental_research_universe,High Yield Credit,False,False,False,False
JPXN,,USA,US4642873826,355303685,ISHARES TRUST - ISHARES JPX-NIKKEI 400 ETF,ISHARES TRUST - ISHARES JPX-NIKKEI 400 ETF,,experimental_research_universe,Specialty / Other,False,False,False,True
KBE,,USA,US78464A7972,357402953,SPDR(R) S&P BANK,SPDR(R) S&P BANK,,experimental_research_universe,Specialty / Other,False,False,False,True
KRE,,USA,US78464A6982,357402964,SPDR SERIES TRUST-SPDR S&P REGIONAL BANKING ETF,SPDR SERIES TRUST-SPDR S&P REGIONAL BANKING ETF,,experimental_research_universe,Specialty / Other,False,False,False,True
LEMB,,USA,US4642865178,370092904,ISHARES J.P. MORGAN EM LOCAL CURRENCY BOND ETF ISHARES TRUST - ISHARES IBOXX $ INVESTMENT GRADE LQD USA US4642872422 355382093 CORPORATE B,ISHARES J.P. MORGAN EM LOCAL CURRENCY BOND ETF ISHARES TRUST - ISHARES IBOXX $ INVESTMENT GRADE,,experimental_research_universe,EM Debt,False,False,False,False
MBB,,USA,US4642885887,356949940,ISHARES TRUST -ISHARES MBS ETF,ISHARES TRUST -ISHARES MBS ETF,,experimental_research_universe,Specialty / Other,False,False,False,False
MBWO,,USA,GB00BP5FTC99,381079797,MSCI WORLD EURO,MSCI WORLD EURO,,experimental_research_universe,Specialty / Other,False,False,False,False
MDY,,USA,US78467Y1073,370397199,SPDR S&P MIDCAP 400 ETF TRUST,SPDR S&P MIDCAP 400 ETF TRUST,,experimental_research_universe,US Mid Blend,False,False,False,True
MUB,,USA,US4642884146,357504157,ISHARES TRUST - ISHARES NATIONAL MUNI BOND ETF VANGUARD NEW YORK TAX-FREE FUNDS-VANG NEW YORK MUNY USA US92204H4002 600394047 TAX-EX BD ETF FIRST TR EXCH-TR ALPHADEX FD II-FR TR IND NFTY 50 EQ NFTY USA US33737J8027 374607068 WGH ETF PROSHARES TRUST - PROSHARES S&P 500 DIVIDEND NOBL USA US74348A4673 371878732 ARISTOCRATS ETF,ISHARES TRUST - ISHARES NATIONAL MUNI BOND ETF VANGUARD NEW YORK TAX-FREE FUNDS-VANG NEW YORK,,experimental_research_universe,Municipal Bonds,False,False,False,False
NYF,,USA,US4642883239,357589601,ISHARES TRUST - ISHARES NEW YORK MUNI BOND ETF WISDOMTREE TRUST - WISDOMTREE EUROPE HEDGED OPPE USA US97717X5529 372804215 SMALLCAP EQUITY,ISHARES TRUST - ISHARES NEW YORK MUNI BOND ETF WISDOMTREE TRUST - WISDOMTREE EUROPE HEDGED,,experimental_research_universe,Municipal Bonds,False,False,False,False
PALL,,USA,US0032621023,371307165,ABERDEEN STANDARD PHYSICAL PALLADIUM SHARES ETF INVESCO EXCH-TRADED FD TR II-INVESCO GLOBAL CLEAN PBD USA US46138G8472 374677089 ENERGY ETF INVESCO EXCHANGE-TRADED FUND TRUST- INV WH CLEAN PBW USA US46137V1347 371230038 ENG ETF INVESCO EXC-TRED FD TR II-INVESCO EMERGING MKTS SOV PCY USA US46138E7849 374674727 DEBT ETF INV EX-TR FD TR-INVESCO HGH YLD EQUITY DIV ACHIEVERS PEY USA US46137V5637 374677149 ETF ISHARES TRUST - ISHARES PREFERRED AND INCOME PFF USA US4642886877 356728621 SECURITIES ETF INVESCO EXCHANGE-TRADED FUND TRUST II -INVESCO PGX USA US46138E5116 374677300 PREFERRED ETF,ABERDEEN STANDARD PHYSICAL PALLADIUM SHARES ETF INVESCO EXCH-TRADED FD TR II-INVESCO GLOBAL CLEAN,,experimental_research_universe,Specialty / Other,False,False,False,False
PID,,USA,US46137V5488,374677155,INV EX-TR FD TR-INV INTL DIVID ACHIEVER ETF,INV EX-TR FD TR-INV INTL DIVID ACHIEVER ETF,,experimental_research_universe,International Developed Equity,False,False,False,True
PPLT,,USA,US0032601066,371307161,ABERDEEN STANDARD PHYSICAL PLATINUM SHARES ETF,ABERDEEN STANDARD PHYSICAL PLATINUM SHARES ETF,,experimental_research_universe,Commodities / Metals,False,False,False,False
PRF,,USA,US46137V6130,374677334,INVESCO EX -TR FD TR- INVESCO FTSE RAFI US 1000 ETF,INVESCO EX -TR FD TR- INVESCO FTSE RAFI US 1000 ETF,,experimental_research_universe,Specialty / Other,False,False,False,True
QETH,,USA,US46148D1072,379928285,INVESCO GALAXY ETHEREUM ETF,INVESCO GALAXY ETHEREUM ETF,,experimental_research_universe,Crypto / Digital Assets,False,False,False,False
QQQ,,USA,US46090E1038,374676373,"INVESCO QQQ TRUST ETF, SERIES 1","INVESCO QQQ TRUST ETF, SERIES 1",,experimental_research_universe,US Large Growth / Tech-tilt,False,False,False,True
QQQM,,USA,US46138G6492,376677643,INV NASDAQ 100 ETF,INV NASDAQ 100 ETF,,experimental_research_universe,US Large Growth / Tech-tilt,False,False,False,True
QUAL,,USA,US46432F3394,371406892,ISHARES TRUST - ISHARES MSCI USA QUALITY FACTOR ETF INVESCO EXCHANGE-TRADED FU TR-INVESCO S&P 500 EQ RSP USA US46137V3574 374677291 WGT ETF INVESCO ETF TR -INVESCO S&P 500 EQUAL WEIGHT REAL RSPR USA US46137V2907 374677328 ESTATE ETF INVESCO ETF TRUST - INVESCO S&P 500 EQUAL WEIGHT CNS RSPS USA US46137V3731 374677320 STP ETF,ISHARES TRUST - ISHARES MSCI USA QUALITY FACTOR ETF INVESCO EXCHANGE-TRADED FU TR-INVESCO S&P 500 EQ,,experimental_research_universe,Sector / Factor / Thematic,False,False,False,True
RUT,,USA,US7827001089,1000496009,RUSSELL 2000 INDEX INVESCO EXCHANGE-TRADED FD TR II-INVES S&P SMCAP 600 RWJ USA US46138G6641 375358962 REV ETF INVESCO EXCHANGE-TRADED FD TR II-INVES S&P MDCAP 400 RWK USA US46138G6724 375358963 REV ETF INVESCO EXCHANGE-TRADED FD TR II-INVESCO S&P 500 RWL USA US46138G6989 375358965 REVENUE ETF,RUSSELL 2000 INDEX INVESCO EXCHANGE-TRADED FD TR II-INVES S&P SMCAP 600,,experimental_research_universe,US Small Blend,False,False,False,False
SCHA,,USA,US8085246077,370362025,SCHWAB US SMALL-CAP ETF SCHWAB STRATEGIC TRUST - SCHWAB US BROAD MARKET SCHB USA US8085241029 370362022 ETF SCHWAB STRATEGIC TRUST - SCHWAB U.S. DIVIDEND SCHD USA US8085247976 370086755 EQUITY ETF SCHWAB STRATEGIC TRUST - SCHWAB EMERGING MARKETS SCHE USA US8085247067 370387068 EQUITY ETF,SCHWAB US SMALL-CAP ETF SCHWAB STRATEGIC TRUST - SCHWAB US BROAD MARKET,,experimental_research_universe,US Small Blend,False,False,False,True
SCHF,,USA,US8085248057,370362567,SCHWAB INTERNATIONAL EQUITY,SCHWAB INTERNATIONAL EQUITY,,experimental_research_universe,International Developed Equity,False,False,False,True
SCHM,,USA,US8085245087,370494037,SCHWAB STRATEGIC TRUST - SCHWAB U.S. MID-CAP ETF SCHWAB STRATEGIC TRUST - SCHWAB SHORT-TERM U.S. SCHO USA US8085248628 370453460 TREASURY ETF,SCHWAB STRATEGIC TRUST - SCHWAB U.S. MID-CAP ETF SCHWAB STRATEGIC TRUST - SCHWAB SHORT-TERM U.S.,,experimental_research_universe,US Mid Blend,False,False,False,True
SCHP,,USA,US8085248701,370451854,SCHWAB STRATEGIC TRUST - SCHWAB U.S. TIPS ETF SCHWAB STRATEGIC TRUST-SCHWAB INTERMEDIATE-TERM SCHR USA US8085248545 370453459 US TRSRY ETF SCHWAB STRATEGIC TRUST - SCHWAB U.S. LARGE-CAP SCHV USA US8085244098 370371579 VALUE ETF,SCHWAB STRATEGIC TRUST - SCHWAB U.S. TIPS ETF SCHWAB STRATEGIC TRUST-SCHWAB INTERMEDIATE-TERM,,experimental_research_universe,TIPS / Inflation-Linked,False,False,False,False
SCHX,,USA,US8085242019,370362024,SCHWAB STRATEGIC TRUST-SCHWAB U.S. LARGE-CAP SCHWAB STRATEGIC TRUST SCHWAB U.S. AGGREGATE SCHZ USA US8085248396 370059291 BOND ETF,SCHWAB STRATEGIC TRUST-SCHWAB U.S. LARGE-CAP SCHWAB STRATEGIC TRUST SCHWAB U.S. AGGREGATE,,experimental_research_universe,US Large / Broad Blend,False,False,False,True
SCZ,,USA,US4642882736,370084571,ISHARES TRUST - ISHARES MSCI EAFE SMALL-CAP ETF,ISHARES TRUST - ISHARES MSCI EAFE SMALL-CAP ETF,,experimental_research_universe,International Developed Equity,False,False,False,True
SDIV,,USA,US37960A6698,378603250,GLOBAL X FUNDS - GLOBAL X SUPERDIVIDEND ETF,GLOBAL X FUNDS - GLOBAL X SUPERDIVIDEND ETF,,experimental_research_universe,Specialty / Other,False,False,False,True
SDY,,USA,US78464A7634,357402958,STATE STREET SPDR S&P DIVIDEND ETF,STATE STREET SPDR S&P DIVIDEND ETF,,experimental_research_universe,Specialty / Other,False,False,False,True
SGOV,,USA,US46436E7186,376261702,ISHARES TRUST - ISHARES 0-3 MONTH TREASURY BOND ETF STATE STREET SPDR NUVEEN ICE SHORT TERM MUNICIPAL SHM USA US78468R7391 373587127 BOND ETF,ISHARES TRUST - ISHARES 0-3 MONTH TREASURY BOND ETF STATE STREET SPDR NUVEEN ICE SHORT TERM MUNICIPAL,,experimental_research_universe,US Treasuries / Govt / Cash-like,True,False,False,False
SHV,,USA,US4642886794,356730435,ISHARES BARCLAYS SHORT TREASURY BOND,ISHARES BARCLAYS SHORT TREASURY BOND,,experimental_research_universe,US Treasuries / Govt / Cash-like,True,False,False,False
SHY,,USA,US4642874576,355405178,ISHARES TRUST-ISHARES 1-3 YEAR TREASURY BOND ETF,ISHARES TRUST-ISHARES 1-3 YEAR TREASURY BOND ETF,,experimental_research_universe,US Treasuries / Govt / Cash-like,False,True,False,False
SJNK,,USA,US78468R4083,370936107,SPDR SERIES TRUST - SPDR BLOOMBERG ST HH YLD BD ETF,SPDR SERIES TRUST - SPDR BLOOMBERG ST HH YLD BD ETF,,experimental_research_universe,High Yield Credit,False,False,False,False
SLV,,USA,US46428Q1094,356523661,ISHARES SILVER TRUST,ISHARES SILVER TRUST,,experimental_research_universe,Commodities / Metals,False,False,False,False
SOYB,,USA,US88166A6073,370073371,TEUCRIUM COMMODITY TRUST - TEUCRIUM SOYBEAN FUND SPDR INDEX SHARES FUNDS -SPDR PORTFOLIO EMERGING SPEM USA US78463X5095 357405873 MARKETS ETF,TEUCRIUM COMMODITY TRUST - TEUCRIUM SOYBEAN FUND SPDR INDEX SHARES FUNDS -SPDR PORTFOLIO EMERGING,,experimental_research_universe,Commodities / Metals,False,False,False,False
SPHD,,USA,US46138E3624,374677292,INVESCO S&P 500 HH DV LW VLT ETF SPDR SERIES TRUST-SPDR PORTFOLIO HIGH YIELD BOND SPHY USA US78468R6062 371107464 ETF STATE STREET SPDR PORTFOLIO INTERMEDITE TRM SPIB USA US78464A3757 370211758 CRPRATE BND ETF SPDR SERIES TRUST - SPDR PORTFOLIO LONG TERM SPTL USA US78464A6644 357402967 TREASURY ETF SPDR SERIES TRUST-SS SPDR PTF SP 1500 COMPOSITE SPTM USA US78464A8053 357393013 STCK MKT ETF,INVESCO S&P 500 HH DV LW VLT ETF SPDR SERIES TRUST-SPDR PORTFOLIO HIGH YIELD BOND,,experimental_research_universe,High Yield Credit,False,False,False,False
SPTS,,USA,US78468R1014,370346881,SPDR PORTFOLIO SHORT TERM TREASURY ETF,SPDR PORTFOLIO SHORT TERM TREASURY ETF,,experimental_research_universe,US Treasuries / Govt / Cash-like,False,True,False,False
SPY,,USA,US78462F1030,1000598246,SPDR SP 500 ETF TRUST SPDR SERIES TRUST - SPDR PORTFOLIO S&P 500 HIGH SPYD USA US78468R7888 373272858 DIVIDEND ETF,SPDR SP 500 ETF TRUST SPDR SERIES TRUST - SPDR PORTFOLIO S&P 500 HIGH,,experimental_research_universe,US Large / Broad Blend,False,False,False,True
SPYM,,USA,US78464A8541,357392987,STATE STREET SPDR PORTFOLIO S&P 500 ETF,STATE STREET SPDR PORTFOLIO S&P 500 ETF,,experimental_research_universe,US Large / Broad Blend,False,False,False,True
SPYV,,USA,US78464A5083,357393020,STATE STREET SPDR PORTFOLIO S&P 500 VALUE ETF,STATE STREET SPDR PORTFOLIO S&P 500 VALUE ETF,,experimental_research_universe,US Large Value,False,False,False,True
SRLN,,USA,US78467V6083,371604682,SPDR BLACKSTONE SENIOR LOAN ETF,SPDR BLACKSTONE SENIOR LOAN ETF,,experimental_research_universe,Specialty / Other,False,False,True,False
STIP,,USA,US46429B7477,370481798,ISHARES TRUST - ISHARES 0-5 YEAR TIPS BOND ETF ISHARES TRUST-ISHARES S&P SHORT TERM NATIONAL SUB USA US4642881589 370160767 MUNICIPL BD FD,ISHARES TRUST - ISHARES 0-5 YEAR TIPS BOND ETF ISHARES TRUST-ISHARES S&P SHORT TERM NATIONAL,,experimental_research_universe,TIPS / Inflation-Linked,False,True,False,False
SUSA,,USA,US4642888022,356061914,ISHARES MSCI USA ESG SELECT ETF,ISHARES MSCI USA ESG SELECT ETF,,experimental_research_universe,Specialty / Other,False,False,False,True
TAGS,,USA,US88166A7063,370980266,TEUCRIUM COMMODITY TRUST - TEUCRIUM SOYBEAN FUND,TEUCRIUM COMMODITY TRUST - TEUCRIUM SOYBEAN FUND,,experimental_research_universe,Commodities / Metals,False,False,False,False
TETH,,USA,US04071F1021,379928274,21SHARES ETHEREUM ETF SPDR SER TRUST-SPDR(R) NUVEEN BLOOMBERG MUNI BD TFI USA US78468R7219 373587222 ETF,21SHARES ETHEREUM ETF SPDR SER TRUST-SPDR(R) NUVEEN BLOOMBERG MUNI BD,,experimental_research_universe,Crypto / Digital Assets,False,False,False,False
TIP,,USA,US4642871762,355796215,ISHARES TRUST - ISHARES TIPS BOND ETF,ISHARES TRUST - ISHARES TIPS BOND ETF,,experimental_research_universe,TIPS / Inflation-Linked,False,False,False,False
TLT,,USA,US4642874329,355429667,ISHARES BARCLAYS 20+ YEAR TREASURY BOND,ISHARES BARCLAYS 20+ YEAR TREASURY BOND,,experimental_research_universe,US Treasuries / Govt / Cash-like,False,False,False,False
TMDV,,USA,US74347G5071,375743003,PROSHARES RUSSELL US DIVIDEND GROWERS ETF,PROSHARES RUSSELL US DIVIDEND GROWERS ETF,,experimental_research_universe,Specialty / Other,False,False,False,True
TRTY,,USA,US1320618390,374845143,CAMBRIA ETF TRUST - CAMBRIA TRINITY ETF,CAMBRIA ETF TRUST - CAMBRIA TRINITY ETF,,experimental_research_universe,Specialty / Other,False,False,False,False
UGA,,USA,US91201T1025,370042470,UNITED STATES GASOLINE FUND LP,UNITED STATES GASOLINE FUND LP,,experimental_research_universe,Specialty / Other,False,False,False,False
UNG,,USA,US9123184098,379507512,"US NATURAL GAS FUND, LP","US NATURAL GAS FUND, LP",,experimental_research_universe,Specialty / Other,False,False,False,False
USFR,,USA,US97717Y5270,377984865,WISDOMTREE TRUST-WISDOMTREE FLOATING RT TREAS FD ISHARES TRUST - ISHARES BROAD USD HIGH YIELD CORP BD USHY USA US46435U8532 374423327 ETF,WISDOMTREE TRUST-WISDOMTREE FLOATING RT TREAS FD ISHARES TRUST - ISHARES BROAD USD HIGH YIELD CORP BD,,experimental_research_universe,US Treasuries / Govt / Cash-like,True,False,False,False
USL,,USA,US91288V1035,370079805,UNITED STATES 12 MONTH OIL FUND,UNITED STATES 12 MONTH OIL FUND,,experimental_research_universe,Specialty / Other,False,False,False,False
USMV,,USA,US46429B6974,370083142,ISHARES TRUST - ISHARES MSCI USA MIN VOL FACTOR ETF,ISHARES TRUST - ISHARES MSCI USA MIN VOL FACTOR ETF,,experimental_research_universe,Sector / Factor / Thematic,False,False,False,True
USO,,USA,US91232N2071,372850308,"UNITED STATES OIL FUND, LP VANGUARD INDEX FUNDS - VANGUARD SMALL-CAP INDEX VB USA US9229087518 355847565 FUND VANGUARD INDEX FUNDS - VANGUARD SMALL-CAP GROWTH VBK USA US9229085959 355847436 VIPERS VANGUARD INDEX FUNDS - VANGUARD SMALL-CAP VALUE VBR USA US9229086114 355847460 INDEX FUND","UNITED STATES OIL FUND, LP VANGUARD INDEX FUNDS - VANGUARD SMALL-CAP INDEX",,experimental_research_universe,Commodities / Metals,False,False,False,False
VCIT,,USA,US92206C8709,370368043,VANGUARD INT TERM CORP BND IDX FND VANGUARD SCOTTSDALE FUNDS-VANGUARD LG TER CORP VCLT USA US92206C8139 370368044 BND INDEX FND,VANGUARD INT TERM CORP BND IDX FND VANGUARD SCOTTSDALE FUNDS-VANGUARD LG TER CORP,,experimental_research_universe,Investment Grade Credit,False,False,False,False
VCSH,,USA,US92206C4096,370368052,VANGUARD SHT TERM CORP BND INDEX,VANGUARD SHT TERM CORP BND INDEX,,experimental_research_universe,Investment Grade Credit,False,False,False,False
VEA,,USA,US9219438580,357388707,VANGUARD FTSE DEVELOPED MARKETS ETF,VANGUARD FTSE DEVELOPED MARKETS ETF,,experimental_research_universe,International Developed Equity,False,False,False,True
VEU,,USA,US9220427754,356927702,VANGUARD FTSE ALL-WORLD EX-US IDX VANGUARD SCOTTSDALE FUNDS- VAN INT-TERM TREASURY VGIT USA US92206C7065 370368053 INDX FD,VANGUARD FTSE ALL-WORLD EX-US IDX VANGUARD SCOTTSDALE FUNDS- VAN INT-TERM TREASURY,,experimental_research_universe,International Developed Equity,False,False,False,True
VGK,,USA,US9220428745,356160385,VANGUARD FTSE EUROPE ETF VANGUARD SCOTTSDALE FUNDS - VANGUARD SHORT-TERM VGSH USA US92206C1027 370368057 TREAS IDX FD VANGUARD SPECIALIZED FUNDS-VANGUARD DIVIDEND VIG USA US9219088443 356543631 APPREC INDEX FD,VANGUARD FTSE EUROPE ETF VANGUARD SCOTTSDALE FUNDS - VANGUARD SHORT-TERM,,experimental_research_universe,International Developed Equity,False,False,False,True
VIOG,,USA,US9219327940,370350272,VANGUARD S&P SMALL-CAP 600 GROWTH ETF,VANGUARD S&P SMALL-CAP 600 GROWTH ETF,,experimental_research_universe,US Small Growth,False,False,False,True
VIXY,,USA,US74347Y7307,590267994,PROSHARES TRUST II,PROSHARES TRUST II,,experimental_research_universe,Specialty / Other,False,False,False,False
VLUE,,USA,US46432F3881,371634292,ISHARES TRUST - ISHARES MSCI USA VALUE FACTOR ETF VANGUARD INTRL EQ IDX FD-VGRD GLB EX-US REAL EST IDX VNQI USA US9220426764 370473660 FD,ISHARES TRUST - ISHARES MSCI USA VALUE FACTOR ETF VANGUARD INTRL EQ IDX FD-VGRD GLB EX-US REAL EST IDX,,experimental_research_universe,US Large Value,False,False,False,True
VO,,USA,US9229086296,355847483,VANGUARD INDEX FUNDS - VANGUARD MID-CAP INDEX FUND VANGUARD INDEX FUNDS - VANGUARD MID-CAP VALUE VOE USA US9229085124 356602347 INDEX FUND VANGUARD SCOTTSDALE FUNDS - VANGUARD RUSSELL 1000 VONE USA US92206C7305 370059122 INDEX FUND VANGUARD SCOTTSDALE FUNDS- VANGUARD RUSSELL 1000 VONV USA US92206C7149 370059121 VALUE INDEX,VANGUARD INDEX FUNDS - VANGUARD MID-CAP INDEX FUND VANGUARD INDEX FUNDS - VANGUARD MID-CAP VALUE,,experimental_research_universe,US Mid Blend,False,False,False,True
VOO,,USA,US9229083632,371905132,VANGUARD INDEX FUNDS - VANGUARD 500 INDEX FUND,VANGUARD INDEX FUNDS - VANGUARD 500 INDEX FUND,,experimental_research_universe,US Large / Broad Blend,False,False,False,True
VOOV,,USA,US9219327031,370350263,VANGUARD S&P 500 VALUE ETF VANGUARD INDEX FUNDS - VANGUARD MID-CAP GROWTH VOT USA US9229085389 356602345 INDEX FUND VANGUARD INTERNATIONAL EQUITY INDEX FUNDS-PACIFIC VPL USA US9220428661 356160384 STK IND FD VANGUARD INTL EQ IDX FD-VGRD FTSE ALL-WLD EX-US SM VSS USA US9220427184 370224076 CP IDX FD,VANGUARD S&P 500 VALUE ETF VANGUARD INDEX FUNDS - VANGUARD MID-CAP GROWTH,,experimental_research_universe,US Large Value,False,False,False,True
VT,,USA,US9220427424,370119399,VANGUARD TOTAL WORLD STK VANGUARD MUNI BD FDS-VANGUARD TAX-EXEMPT BOND VTEB USA US9229077469 373135730 INDEX FUND VANGUARD SCOTTSDALE FUNDS - VANGUARD RUSSELL 3000 VTHR USA US92206C5994 370059116 INDEX FUND,VANGUARD TOTAL WORLD STK VANGUARD MUNI BD FDS-VANGUARD TAX-EXEMPT BOND,,experimental_research_universe,Municipal Bonds,False,False,False,False
VTI,,USA,US9229087690,355212459,VANGUARD TOTAL STOCK MARKET INDEX VANGUARD MALVERN FUNDS- VAN SHRT TERM INFL PRT SEC VTIP USA US9220208055 371345715 IND FUNDS,VANGUARD TOTAL STOCK MARKET INDEX VANGUARD MALVERN FUNDS- VAN SHRT TERM INFL PRT SEC,,experimental_research_universe,US Large / Broad Blend,False,False,False,True
VTV,,USA,US9229087443,355847539,VANGUARD INDEX FUNDS - VANGUARD VALUE INDEX FUND,VANGUARD INDEX FUNDS - VANGUARD VALUE INDEX FUND,,experimental_research_universe,US Large Value,False,False,False,True
VTWO,,USA,US92206C6646,370059119,VANGUARD RUSSELL 2000 INDEX,VANGUARD RUSSELL 2000 INDEX,,experimental_research_universe,US Small Blend,False,False,False,True
VV,,USA,US9229086379,355847498,VANGUARD LARGE-CAP INDEX VANGUARD INTERNATIONAL EQ ID FD-VANGUARD EMG MKT VWO USA US9220428588 356160383 STK IN FD VANGUARD INDEX FUNDS-VANGUARD EMERGING MKTS GVT VWOB USA US9219468850 371703717 BD IDX FUND,VANGUARD LARGE-CAP INDEX VANGUARD INTERNATIONAL EQ ID FD-VANGUARD EMG MKT,,experimental_research_universe,US Large / Broad Blend,False,False,False,True
VXF,,USA,US9229086528,355330819,VANGUARD EXTENDED MARKET INDEX VANGUARD STAR FUNDS-VANGUARD TOTAL INTERNTNL VXUS USA US9219097683 370503336 STOCK INDEX FD BARCLAYS BANK PLC - IPATH SERIES B S&P 500 VIX S-T FUT VXX USA US06748M1962 590004494 ETN,VANGUARD EXTENDED MARKET INDEX VANGUARD STAR FUNDS-VANGUARD TOTAL INTERNTNL,,experimental_research_universe,US Mid Blend,False,False,False,True
VYM,,USA,US9219464065,356758221,VANGUARD HIGH DIVIDEND YIELD ETF VANGUARD WHITEHALL FUNDS - VANGUARD INTERNATIONAL VYMI USA US9219467944 373561642 HIGH DIVID,VANGUARD HIGH DIVIDEND YIELD ETF VANGUARD WHITEHALL FUNDS - VANGUARD INTERNATIONAL,,experimental_research_universe,Specialty / Other,False,False,False,True
WEAT,,USA,US88166A8707,600882087,TEUCRIUM COMMODITY TRUST - TEUCRIUM WHEAT FUND,TEUCRIUM COMMODITY TRUST - TEUCRIUM WHEAT FUND,,experimental_research_universe,Commodities / Metals,False,False,False,False
XBI,,USA,US78464A8707,357402959,SPDR S&P BIOTECH ETF,SPDR S&P BIOTECH ETF,,experimental_research_universe,Specialty / Other,False,False,False,True
XRT,,USA,US78464A7147,357402962,STATE STREET SPDR S&P RETAIL ETF,STATE STREET SPDR S&P RETAIL ETF,,experimental_research_universe,Specialty / Other,False,False,False,True
XSD,,USA,US78464A8624,357402963,SPDR SERIES TRUST-SPDR S&P SEMICONDUCTOR ETF,SPDR SERIES TRUST-SPDR S&P SEMICONDUCTOR ETF,,experimental_research_universe,Specialty / Other,False,False,False,True
XSP,,USA,US12505Q1076,381077140,CBOE MINI SPX INDEX,CBOE MINI SPX INDEX,,experimental_research_universe,Specialty / Other,False,False,False,False
XYLD,,USA,US37954Y4750,375060200,GLOBAL X FUNDS-GLOBAL X S&P 500 COVERED CALL ETF PIMCO ETF TR-PIMCO 25+ YEAR ZERO COUPON U.S ZROZ USA US72201R8824 370362512 TREASURY IND ETF,GLOBAL X FUNDS-GLOBAL X S&P 500 COVERED CALL ETF PIMCO ETF TR-PIMCO 25+ YEAR ZERO COUPON U.S,,experimental_research_universe,Defined Outcome / Buffer / Structured,False,False,False,False
